# Blender 5.0.0
# www.blender.org
mtllib alien.mtl
o MESH_base.001
v 0.090550 1.316653 0.354502
v 0.092268 1.212915 0.377036
v 0.091664 1.103598 0.382368
v 0.089352 0.991575 0.374934
v 0.085112 0.886503 0.354670
v 0.077688 0.800564 0.322845
v 0.153621 0.814309 0.298286
v 0.221574 0.838387 0.259294
v 0.307584 0.904029 0.182732
v 0.324431 0.958498 0.182899
v 0.340399 1.033268 0.179287
v 0.352809 1.117864 0.165100
v 0.360302 1.221923 0.127355
v 0.327080 1.335778 0.134676
v 0.240733 1.305700 0.284795
v 0.173721 1.309480 0.327433
v 0.178444 1.212181 0.346599
v 0.252550 1.213622 0.296937
v 0.178447 1.106434 0.351819
v 0.253648 1.111783 0.302274
v 0.174421 0.998909 0.345420
v 0.247755 1.010480 0.298515
v 0.166364 0.898806 0.327518
v 0.236630 0.917937 0.284805
v 0.000000 1.318652 0.364525
v 0.000000 1.212991 0.387606
v 0.000000 1.102648 0.392894
v 0.000000 0.988892 0.384898
v 0.000000 0.881513 0.363429
v 0.000000 0.794621 0.330055
v 0.275199 0.872314 0.215484
v 0.291151 1.317284 0.221127
v 0.312201 1.219506 0.226775
v 0.312147 1.118504 0.237248
v 0.302943 1.024431 0.240605
v 0.289544 0.941092 0.234005
v 0.088010 1.405435 0.307234
v 0.270109 1.420460 0.138413
v 0.223386 1.366178 0.269390
v 0.169635 1.387083 0.289444
v 0.000000 1.410603 0.315072
v 0.247034 1.392843 0.219566
v 0.374962 1.043457 0.071276
v 0.360884 0.975342 0.065727
v 0.359333 0.958209 0.010491
v 0.356482 0.965705 -0.052046
v 0.369833 1.030529 -0.081680
v 0.376801 1.082632 -0.088132
v 0.383121 1.137146 -0.071520
v 0.389450 1.145533 -0.009280
v 0.387546 1.127676 0.034471
v 0.382354 1.091914 0.060717
v 0.387302 1.076368 0.024213
v 0.385943 1.062929 0.016847
v 0.385457 1.057429 0.001912
v 0.385614 1.061108 -0.014515
v 0.387019 1.074665 -0.024897
v 0.388918 1.090264 -0.026559
v 0.390637 1.104762 -0.019496
v 0.391546 1.111031 -0.003731
v 0.390750 1.106030 0.013750
v 0.389059 1.092792 0.023634
v 0.362422 1.035469 0.120812
v 0.373630 1.102247 0.104005
v 0.344839 0.963412 0.129572
v 0.381988 1.160800 0.067271
v 0.386450 1.194405 0.003656
v 0.380067 1.206649 -0.073072
v 0.362318 1.139336 -0.154517
v 0.359540 1.210881 -0.156693
v 0.326758 1.137737 -0.233583
v 0.322600 1.211085 -0.237810
v 0.271029 1.136400 -0.306566
v 0.266957 1.210569 -0.310079
v 0.193373 1.137421 -0.365126
v 0.191143 1.211942 -0.366565
v 0.100316 1.141399 -0.402269
v 0.099551 1.215437 -0.401981
v 0.000000 1.145322 -0.415232
v 0.000000 1.217614 -0.413928
v 0.341071 1.356822 0.036830
v 0.280751 1.438674 0.041637
v 0.337142 1.365299 -0.060272
v 0.279598 1.440643 -0.057158
v 0.318371 1.361618 -0.151159
v 0.267909 1.428177 -0.149733
v 0.285905 1.352409 -0.230034
v 0.246286 1.407902 -0.227620
v 0.240844 1.345999 -0.291215
v 0.224248 1.388843 -0.276112
v 0.177160 1.350414 -0.334736
v 0.173701 1.405767 -0.297667
v 0.094180 1.355940 -0.363814
v 0.093686 1.419305 -0.319137
v -0.000000 1.355850 -0.375219
v 0.000000 1.421918 -0.329302
v 0.373456 1.266779 0.025419
v 0.367892 1.283120 -0.066510
v 0.346796 1.286666 -0.154945
v 0.309867 1.284694 -0.235864
v 0.256653 1.282655 -0.304492
v 0.185024 1.284125 -0.356805
v 0.097012 1.287067 -0.389884
v 0.000000 1.287408 -0.401344
v 0.096867 1.504336 0.145689
v 0.190134 1.475167 0.142605
v 0.000000 1.513349 0.147073
v 0.100963 1.523404 0.045118
v 0.197278 1.493555 0.044363
v 0.000000 1.533010 0.044988
v 0.102062 1.525301 -0.058851
v 0.198011 1.494436 -0.057244
v 0.000000 1.535480 -0.059872
v 0.100681 1.508619 -0.160029
v 0.192896 1.478418 -0.154041
v 0.000000 1.518600 -0.162906
v 0.000000 1.479889 -0.256642
v 0.097180 1.472372 -0.250335
v 0.182399 1.448037 -0.237439
v 0.090566 1.466798 0.235737
v 0.000000 1.474270 0.240475
v 0.177731 1.440312 0.227073
v 0.358189 1.074784 -0.151562
v 0.323836 1.068038 -0.224179
v 0.268372 1.063541 -0.294971
v 0.190739 1.062431 -0.353047
v 0.098616 1.066513 -0.390615
v 0.000000 1.072127 -0.404332
v 0.348814 1.010881 -0.140686
v 0.313210 0.998905 -0.208264
v 0.256500 0.991001 -0.274922
v 0.180733 0.989062 -0.329214
v 0.093043 0.994266 -0.365628
v 0.000000 1.001522 -0.380441
v 0.312565 0.887104 0.146398
v 0.261569 0.821622 0.178884
v 0.200321 0.779623 0.224201
v 0.134855 0.758195 0.264401
v 0.067548 0.749508 0.289534
v 0.000000 0.747325 0.298026
v 0.315027 0.872384 0.090162
v 0.230250 0.777553 0.122075
v 0.159542 0.737712 0.186411
v 0.103913 0.723311 0.229530
v 0.052781 0.720008 0.255672
v -0.000000 0.719795 0.264369
v 0.328034 0.940075 -0.121681
v 0.289196 0.928286 -0.185972
v 0.232793 0.922264 -0.244867
v 0.162093 0.922667 -0.292429
v 0.082996 0.929876 -0.326528
v 0.000000 0.938134 -0.342566
v 0.000000 0.707916 0.103892
v 0.000000 0.700472 0.153380
v 0.057728 0.704832 0.203557
v 0.037174 0.706524 0.230031
v 0.000000 0.698915 0.193330
v -0.000000 0.704437 0.229615
v 0.075563 0.734009 -0.044862
v 0.087585 0.726557 -0.017508
v 0.087150 0.709849 0.162456
v 0.122514 0.724312 0.111119
v 0.316635 0.868475 0.026290
v 0.309319 0.869157 -0.037207
v 0.285841 0.864823 -0.099175
v 0.248576 0.862884 -0.155846
v 0.197986 0.864261 -0.205315
v 0.086023 0.718138 0.013568
v 0.137175 0.869185 -0.245756
v 0.070119 0.878098 -0.277061
v 0.000000 0.886335 -0.293743
v 0.244977 0.789405 0.044183
v 0.244687 0.799712 -0.017004
v 0.229019 0.807522 -0.071124
v 0.199988 0.814507 -0.119236
v 0.159652 0.821697 -0.160881
v 0.070742 0.709532 0.043959
v 0.110950 0.829537 -0.195564
v 0.056836 0.838656 -0.223640
v 0.000000 0.845830 -0.239615
v 0.156391 0.742317 0.054861
v 0.172415 0.758404 0.004176
v 0.170102 0.771448 -0.040815
v 0.152870 0.782153 -0.081167
v 0.123997 0.791489 -0.116584
v 0.041533 0.702060 0.068277
v 0.087122 0.799979 -0.146333
v 0.044910 0.807960 -0.170090
v 0.000000 0.813282 -0.183106
v 0.077479 0.721236 0.063553
v 0.108404 0.735687 0.025319
v 0.118113 0.748628 -0.010936
v 0.112474 0.759816 -0.045072
v 0.094212 0.769232 -0.075398
v 0.000000 0.698683 0.078863
v 0.067763 0.777035 -0.100372
v 0.035315 0.782698 -0.118051
v 0.000000 0.785127 -0.125626
v 0.055932 0.740002 -0.066261
v 0.029621 0.743351 -0.079494
v 0.000000 0.743955 -0.085411
v 0.389747 1.125095 -0.008101
v 0.388566 1.114343 0.021357
v 0.383442 1.087154 -0.054291
v 0.387337 1.116581 -0.040695
v 0.377205 1.028151 0.034419
v 0.375792 1.015547 0.004162
v 0.381557 1.060449 0.043374
v 0.385508 1.091471 0.038508
v 0.375392 1.020890 -0.030749
v 0.379238 1.052551 -0.050634
v 0.399338 1.079800 0.019775
v 0.398475 1.070413 0.012945
v 0.398158 1.066429 0.001480
v 0.398491 1.069782 -0.010886
v 0.399516 1.079466 -0.019156
v 0.401031 1.090910 -0.020455
v 0.402374 1.101946 -0.014752
v 0.403025 1.107533 -0.002726
v 0.402264 1.103953 0.011969
v 0.400764 1.092970 0.020107
v 0.417368 1.079346 0.021151
v 0.416611 1.069310 0.013824
v 0.416291 1.065010 0.001573
v 0.416501 1.068562 -0.011686
v 0.417350 1.078941 -0.020664
v 0.418681 1.091288 -0.022200
v 0.419983 1.103290 -0.016020
v 0.420610 1.109382 -0.002988
v 0.419908 1.105363 0.012851
v 0.418599 1.093452 0.021550
v 0.436912 1.076119 0.030395
v 0.436953 1.061137 0.019881
v 0.437047 1.054379 0.002609
v 0.436615 1.059716 -0.016275
v 0.436597 1.074465 -0.029251
v 0.436913 1.092782 -0.031478
v 0.437687 1.110394 -0.022774
v 0.438002 1.119160 -0.004110
v 0.437572 1.113006 0.018237
v 0.437310 1.096036 0.031146
v 0.453733 1.068295 0.052052
v 0.454903 1.041045 0.033905
v 0.456292 1.028100 0.005264
v 0.455007 1.037299 -0.026540
v 0.454388 1.061770 -0.049077
v 0.453780 1.095259 -0.053242
v 0.454015 1.126298 -0.038601
v 0.453359 1.140783 -0.006218
v 0.452555 1.129789 0.030790
v 0.453717 1.101394 0.053831
v 0.474504 1.059141 0.077341
v 0.476650 1.018871 0.050422
v 0.477870 1.001641 0.006211
v 0.476697 1.013727 -0.040781
v 0.475829 1.050313 -0.073571
v 0.475276 1.099888 -0.079932
v 0.474345 1.144426 -0.057204
v 0.471437 1.164212 -0.008376
v 0.470314 1.149974 0.044601
v 0.472419 1.108784 0.077132
v 0.511222 1.053225 0.100831
v 0.513284 1.000707 0.065918
v 0.513935 0.979144 0.007467
v 0.513741 0.993505 -0.054006
v 0.513990 1.041033 -0.096573
v 0.513995 1.105701 -0.104356
v 0.511644 1.163364 -0.073528
v 0.507518 1.189463 -0.010292
v 0.506229 1.172674 0.058136
v 0.508457 1.119111 0.099646
v 0.566622 1.051592 0.112644
v 0.567477 0.992586 0.074081
v 0.568267 0.968239 0.008961
v 0.569925 0.983928 -0.059505
v 0.571633 1.037111 -0.106675
v 0.571175 1.109449 -0.114521
v 0.567885 1.173820 -0.079891
v 0.564215 1.203294 -0.011074
v 0.563877 1.185490 0.064195
v 0.565497 1.125785 0.110792
v 0.624200 1.054037 0.104044
v 0.623852 0.999716 0.068828
v 0.625714 0.977789 0.009133
v 0.629580 0.992847 -0.052923
v 0.632048 1.041367 -0.095225
v 0.631277 1.107598 -0.102520
v 0.628008 1.167243 -0.071777
v 0.624936 1.195075 -0.010158
v 0.624822 1.178629 0.058376
v 0.625539 1.123216 0.101536
v 0.667345 1.060260 0.078500
v 0.665588 1.018701 0.052802
v 0.667464 1.002887 0.008379
v 0.670902 1.015008 -0.037449
v 0.673144 1.051369 -0.068652
v 0.672585 1.101153 -0.074870
v 0.669675 1.147125 -0.053035
v 0.667049 1.169645 -0.008069
v 0.668035 1.156061 0.043679
v 0.669213 1.113007 0.075909
v 0.688850 1.064752 0.051086
v 0.687029 1.037114 0.034820
v 0.687547 1.026493 0.006602
v 0.689507 1.034642 -0.023213
v 0.691250 1.059196 -0.044273
v 0.691783 1.092936 -0.048450
v 0.690916 1.123592 -0.033663
v 0.689725 1.138668 -0.004512
v 0.690025 1.129233 0.029104
v 0.690298 1.099903 0.049851
v 0.695981 1.066689 0.034746
v 0.694521 1.048010 0.024102
v 0.694295 1.039852 0.005182
v 0.695206 1.044606 -0.015517
v 0.696616 1.061633 -0.030456
v 0.697964 1.086119 -0.032858
v 0.698474 1.106450 -0.021968
v 0.698331 1.115765 -0.002491
v 0.698114 1.109359 0.019506
v 0.697348 1.089963 0.033953
v 0.699722 1.070031 0.020349
v 0.698909 1.059210 0.014245
v 0.698779 1.054583 0.003103
v 0.699334 1.057904 -0.008720
v 0.700221 1.067848 -0.016747
v 0.701084 1.081035 -0.018014
v 0.701594 1.092178 -0.012085
v 0.701679 1.097353 -0.001064
v 0.701391 1.093946 0.011343
v 0.700677 1.083229 0.019513
v 0.701519 1.072968 0.009775
v 0.701182 1.068053 0.006833
v 0.701146 1.066095 0.001563
v 0.701399 1.067795 -0.003795
v 0.701799 1.072321 -0.007280
v 0.702193 1.078012 -0.007831
v 0.702485 1.082929 -0.005223
v 0.702573 1.085217 -0.000226
v 0.702394 1.083741 0.005410
v 0.701990 1.078980 0.009252
v 0.702236 1.075590 0.000689
v 0.081598 0.645420 -0.041182
v 0.095296 0.644547 -0.010651
v 0.093338 0.645481 0.023046
v 0.075033 0.645828 0.056069
v 0.042592 0.645156 0.081134
v 0.000000 0.644999 0.090420
v 0.060036 0.647099 -0.063317
v 0.032435 0.648041 -0.077177
v 0.000000 0.646988 -0.082674
v 0.171534 0.574310 -0.020413
v 0.176816 0.592255 0.029145
v 0.164573 0.585987 0.079772
v 0.109077 0.586889 0.124763
v 0.056932 0.583486 0.154115
v 0.000000 0.579859 0.166390
v 0.115521 0.567920 -0.069882
v 0.057079 0.559222 -0.101052
v 0.000000 0.552713 -0.111522
v 0.114483 0.604028 -0.032662
v 0.083112 0.601757 -0.064443
v 0.043609 0.598256 -0.084541
v 0.000000 0.595086 -0.091771
v 0.000000 0.609439 0.125066
v 0.048501 0.611583 0.113822
v 0.089570 0.613238 0.086494
v 0.120326 0.612410 0.049958
v 0.129902 0.609186 0.010032
v 0.071087 0.469465 0.250587
v 0.000000 0.468193 0.259408
v 0.077763 0.367831 0.306028
v 0.000000 0.370287 0.313455
v 0.081298 0.298131 0.338735
v 0.000000 0.298503 0.347536
v 0.085193 0.214500 0.373975
v 0.000000 0.212159 0.384229
v 0.089715 0.124646 0.404980
v 0.000000 0.121955 0.415679
v 0.167714 0.215120 0.344847
v 0.175681 0.129202 0.373508
v 0.240693 0.209353 0.290776
v 0.250248 0.129172 0.314405
v 0.292224 0.200700 0.206138
v 0.303160 0.125877 0.219308
v 0.297454 0.193113 0.034111
v 0.307499 0.117862 0.039375
v 0.259771 0.195273 -0.029898
v 0.270763 0.117006 -0.026260
v 0.187742 0.190005 -0.091989
v 0.199932 0.115793 -0.093313
v 0.091983 0.186638 -0.129973
v 0.096474 0.112303 -0.134793
v 0.000000 0.188679 -0.141709
v -0.000000 0.129422 -0.142026
v 0.159427 0.293636 0.313423
v 0.152088 0.361581 0.282972
v 0.139232 0.465565 0.227767
v 0.228390 0.284559 0.267044
v 0.216919 0.352012 0.241133
v 0.200192 0.454489 0.190259
v 0.000000 0.514367 0.228156
v 0.067830 0.517052 0.218296
v 0.130935 0.516203 0.194125
v 0.188105 0.507200 0.157934
v 0.000000 0.502658 -0.128046
v 0.000000 0.443522 -0.136303
v 0.000000 0.380372 -0.139505
v 0.178819 0.547753 0.125591
v 0.066090 0.510871 -0.118093
v 0.131984 0.521469 -0.087838
v 0.187663 0.526170 -0.046289
v 0.073593 0.452101 -0.127319
v 0.143091 0.463255 -0.099450
v 0.200263 0.470536 -0.057355
v 0.079637 0.387822 -0.130367
v 0.156066 0.398450 -0.100453
v 0.218400 0.412938 -0.051042
v 0.000000 0.321176 -0.140989
v 0.000000 0.255902 -0.141713
v 0.085111 0.326669 -0.130618
v 0.169556 0.338499 -0.096135
v 0.241785 0.355565 -0.029053
v 0.277547 0.274096 0.196294
v 0.286925 0.265301 0.034472
v 0.251050 0.270137 -0.030984
v 0.182494 0.264840 -0.092478
v 0.089870 0.258440 -0.129960
v 0.122389 0.554376 0.162088
v 0.261302 0.339933 0.179428
v 0.275491 0.331964 0.032068
v 0.000000 0.549257 0.199837
v 0.000000 0.419744 0.287838
v 0.074363 0.419960 0.279380
v 0.145605 0.415445 0.256439
v 0.208048 0.405021 0.217108
v 0.063559 0.552849 0.188643
v 0.235983 0.556783 -0.002590
v 0.241426 0.519782 -0.023302
v 0.295107 0.533366 -0.001558
v 0.297590 0.500301 -0.019560
v 0.392477 0.483656 -0.008959
v 0.389186 0.451930 -0.028972
v 0.446562 0.455708 -0.013946
v 0.438449 0.424388 -0.035158
v 0.233590 0.563573 0.068180
v 0.237414 0.529611 0.101412
v 0.293716 0.540092 0.062649
v 0.294423 0.508058 0.091193
v 0.394366 0.495037 0.061733
v 0.391825 0.465987 0.089035
v 0.450717 0.468408 0.062679
v 0.444244 0.441558 0.092327
v 0.234675 0.572822 0.030971
v 0.295812 0.547577 0.028573
v 0.394962 0.500672 0.026391
v 0.450594 0.473535 0.023388
v 0.297774 0.455318 -0.022560
v 0.383092 0.412702 -0.032119
v 0.428023 0.385211 -0.038343
v 0.298772 0.421050 -0.007966
v 0.378138 0.380506 -0.015072
v 0.420442 0.353703 -0.020099
v 0.290593 0.465594 0.102904
v 0.386762 0.426063 0.095724
v 0.433368 0.403515 0.100813
v 0.380200 0.390870 0.080561
v 0.423430 0.366876 0.085999
v 0.246857 0.470771 -0.029753
v 0.256106 0.425279 -0.019313
v 0.265946 0.393191 0.005073
v 0.239911 0.488656 0.122990
v 0.249799 0.391895 0.160262
v 0.244476 0.439759 0.143356
v 0.276365 0.375866 0.040110
v 0.285583 0.422678 0.099590
v 0.415149 0.337012 0.036844
v 0.375681 0.362332 0.036649
v 0.302543 0.395170 0.039222
v 0.322996 0.123319 0.152434
v 0.312773 0.196206 0.142791
v 0.299944 0.267204 0.138578
v 0.283344 0.330067 0.127322
v 0.272671 0.378409 0.113558
v 0.416187 0.338358 0.006618
v 0.375707 0.364528 0.009177
v 0.301023 0.401991 0.014511
v 0.323486 0.120347 0.093329
v 0.302214 0.263717 0.084426
v 0.287776 0.325997 0.077895
v 0.417198 0.346966 0.065205
v 0.376829 0.371588 0.061850
v 0.280570 0.371500 0.073908
v 0.299696 0.399463 0.067054
v 0.313550 0.193309 0.085606
v 0.343197 0.509639 -0.004555
v 0.343076 0.477365 -0.023350
v 0.343219 0.487963 0.087875
v 0.342985 0.518817 0.061213
v 0.344612 0.525222 0.027987
v 0.340199 0.436120 -0.026138
v 0.338087 0.404175 -0.010443
v 0.340746 0.445927 0.095084
v 0.336106 0.412035 0.082688
v 0.338467 0.384277 0.037428
v 0.337955 0.387696 0.012313
v 0.337285 0.392508 0.062384
v 0.946931 0.047264 0.047774
v 0.500039 0.428617 -0.017447
v 0.489475 0.397377 -0.040154
v 0.504829 0.442480 0.063626
v 0.496779 0.417078 0.096046
v 0.504910 0.446633 0.021903
v 0.476322 0.357523 -0.043751
v 0.466722 0.325163 -0.023882
v 0.482968 0.378585 0.106557
v 0.470124 0.339670 0.091050
v 0.459424 0.308269 0.037648
v 0.940605 0.042971 0.012764
v 0.461120 0.309421 0.005064
v 0.462010 0.318696 0.068423
v 0.553126 0.401275 -0.020382
v 0.540512 0.369831 -0.044098
v 0.558392 0.416587 0.064722
v 0.548240 0.392654 0.099334
v 0.559056 0.419695 0.021079
v 0.524889 0.329578 -0.047397
v 0.513527 0.296749 -0.026180
v 0.531580 0.353107 0.111463
v 0.516646 0.312393 0.095289
v 0.504806 0.278814 0.038701
v 0.940959 0.042212 0.030755
v 0.507070 0.280136 0.004298
v 0.507426 0.290021 0.071351
v 0.606748 0.374127 -0.022940
v 0.591564 0.342221 -0.047410
v 0.611534 0.390607 0.066061
v 0.599239 0.368246 0.101862
v 0.613951 0.392633 0.020841
v 0.573758 0.301325 -0.050081
v 0.560913 0.267908 -0.027760
v 0.580543 0.327057 0.115631
v 0.563875 0.284526 0.099121
v 0.551650 0.248713 0.039713
v 0.957052 0.057483 0.060442
v 0.553694 0.250702 0.003778
v 0.554217 0.260581 0.074015
v 0.662115 0.346379 -0.024744
v 0.643046 0.314632 -0.049596
v 0.667649 0.362571 0.066510
v 0.652757 0.341679 0.103345
v 0.672059 0.363870 0.020536
v 0.621404 0.273675 -0.051325
v 0.606128 0.240166 -0.027962
v 0.629974 0.300598 0.119365
v 0.608934 0.257615 0.102237
v 0.596207 0.220136 0.040923
v 0.974347 0.075419 0.067574
v 0.598343 0.222494 0.004182
v 0.598586 0.232557 0.076247
v 0.711173 0.319600 -0.027170
v 0.691128 0.286234 -0.051342
v 0.715711 0.337175 0.067222
v 0.699304 0.314527 0.105444
v 0.721477 0.338463 0.019387
v 0.669659 0.244232 -0.050207
v 0.654972 0.210137 -0.025669
v 0.677334 0.271310 0.122352
v 0.656988 0.227148 0.103802
v 0.643780 0.190540 0.042505
v 0.945747 0.049759 -0.002893
v 0.646398 0.193030 0.006165
v 0.646700 0.202254 0.077442
v 0.760823 0.314365 -0.042708
v 0.735007 0.270150 -0.070431
v 0.769230 0.336894 0.076917
v 0.749029 0.304428 0.123605
v 0.775049 0.340459 0.015493
v 0.707382 0.216862 -0.068407
v 0.686243 0.173813 -0.038096
v 0.719499 0.251292 0.140720
v 0.692376 0.198075 0.119415
v 0.672022 0.155740 0.045869
v 0.959581 0.065219 -0.014464
v 0.674812 0.156104 0.001432
v 0.677554 0.169966 0.088035
v 0.820542 0.305593 -0.062763
v 0.786301 0.248816 -0.097011
v 0.836023 0.334142 0.089766
v 0.811339 0.291942 0.150154
v 0.840813 0.339215 0.011041
v 0.749014 0.183652 -0.091822
v 0.719872 0.133023 -0.052988
v 0.769204 0.223492 0.169697
v 0.731213 0.159391 0.141362
v 0.701747 0.110146 0.049703
v 0.998914 0.109994 0.020396
v 0.704453 0.111880 -0.005332
v 0.710541 0.126059 0.102073
v 0.889409 0.277255 -0.074415
v 0.848627 0.214066 -0.112596
v 0.909421 0.309813 0.097387
v 0.879372 0.262011 0.165738
v 0.913438 0.315652 0.008374
v 0.802970 0.144383 -0.105878
v 0.767646 0.090928 -0.062085
v 0.830113 0.184899 0.187131
v 0.784459 0.114938 0.154956
v 0.748122 0.061959 0.052019
v 0.990334 0.094474 0.059995
v 0.750395 0.065735 -0.009346
v 0.759537 0.077995 0.110939
v 0.950244 0.229587 -0.069861
v 0.908515 0.170810 -0.106072
v 0.969492 0.261274 0.092559
v 0.939487 0.216869 0.157718
v 0.973258 0.266652 0.008744
v 0.859360 0.107956 -0.099619
v 0.822685 0.059538 -0.057411
v 0.890781 0.144568 0.178174
v 0.844029 0.080832 0.147257
v 0.806198 0.032564 0.050220
v 0.999133 0.107965 0.042612
v 0.806801 0.036042 -0.007107
v 0.819037 0.047033 0.105493
v 0.987310 0.173449 -0.048020
v 0.953278 0.128279 -0.077455
v 1.003604 0.201153 0.077203
v 0.981374 0.163745 0.127133
v 1.005831 0.204348 0.013238
v 0.910356 0.079898 -0.073981
v 0.878473 0.042442 -0.041118
v 0.940991 0.108049 0.143967
v 0.900620 0.061005 0.120034
v 0.867179 0.023617 0.044099
v 0.976880 0.084089 -0.013365
v 0.866389 0.025174 -0.001190
v 0.879211 0.035539 0.087125
v 0.995264 0.127754 -0.020609
v 0.972936 0.099735 -0.040450
v 1.008727 0.144469 0.058564
v 0.994048 0.119962 0.089415
v 1.008933 0.147260 0.018850
v 0.943329 0.067617 -0.040844
v 0.920372 0.042046 -0.020221
v 0.966582 0.085777 0.101592
v 0.937866 0.055471 0.087919
v 0.912656 0.030006 0.037352
v 0.990137 0.099739 -0.001897
v 0.912006 0.030775 0.006715
v 0.921880 0.038412 0.066297
v 0.962547 0.058072 0.034620
v 0.959446 0.056096 0.018352
v 0.959656 0.055668 0.026687
v 0.967411 0.062903 0.040498
v 0.975460 0.071368 0.043623
v 0.961870 0.059315 0.011174
v 0.968316 0.066711 0.005952
v 0.986839 0.087009 0.021960
v 0.982736 0.080048 0.040018
v 0.986892 0.085992 0.032064
v 0.976339 0.075607 0.006593
v 0.982607 0.082662 0.011868
v 0.973481 0.069218 0.024165
v 0.103945 0.030548 0.422179
v 0.000000 0.027886 0.435094
v 0.192665 0.039789 0.386600
v 0.265627 0.046345 0.321262
v 0.313112 0.048137 0.221687
v 0.313794 0.044443 0.040247
v 0.280224 0.042067 -0.030762
v 0.218644 0.038599 -0.105330
v 0.129032 0.030893 -0.149374
v -0.000000 0.020686 -0.151430
v 0.329878 0.047912 0.154462
v 0.329597 0.046428 0.096260
v 0.110599 -0.056243 0.421204
v 0.000000 -0.060809 0.434736
v 0.200274 -0.043049 0.384960
v 0.273356 -0.031557 0.315777
v 0.319835 -0.025365 0.210787
v 0.320686 -0.024672 0.045077
v 0.292955 -0.025636 -0.032461
v 0.234659 -0.031377 -0.117822
v 0.138600 -0.043336 -0.168698
v 0.000000 -0.055142 -0.149609
v 0.333465 -0.023896 0.146255
v 0.332752 -0.024206 0.097096
v 0.129215 -0.260199 0.270836
v -0.000000 -0.267317 0.284931
v 0.194514 -0.219192 0.280917
v 0.256605 -0.184616 0.254369
v 0.321687 -0.155483 0.171411
v 0.334613 -0.151013 0.066247
v 0.315549 -0.161912 -0.008536
v 0.267455 -0.192447 -0.088864
v 0.175691 -0.236119 -0.121272
v 0.000000 -0.260224 -0.036048
v 0.338180 -0.150889 0.125804
v 0.338695 -0.150660 0.099698
v 0.158414 -0.142043 -0.168993
v 0.000000 -0.167592 -0.122351
v 0.336127 -0.092144 0.097106
v 0.331066 -0.092822 0.062179
v 0.116588 -0.171859 0.365635
v 0.198420 -0.144118 0.347470
v 0.310506 -0.097890 -0.018879
v 0.254011 -0.116075 -0.116326
v 0.270136 -0.116053 0.290012
v 0.325692 -0.095001 0.178660
v 0.337204 -0.091743 0.123126
v 0.000000 -0.184083 0.373858
v 0.070249 -0.322815 0.195904
v 0.000000 -0.317534 0.201019
v 0.056813 -0.338318 0.130067
v 0.000000 -0.329711 0.132325
v 0.053242 -0.321411 0.033504
v 0.000000 -0.313241 0.040104
v 0.168282 -0.190506 -0.150817
v 0.337059 -0.118315 0.098303
v 0.121258 -0.213704 0.322858
v 0.323835 -0.122021 0.174324
v 0.000000 -0.226936 0.331576
v 0.000000 -0.220399 -0.082544
v 0.333048 -0.118778 0.065390
v 0.196938 -0.180601 0.316172
v 0.314446 -0.126720 -0.012890
v 0.261965 -0.152745 -0.105656
v 0.264157 -0.147836 0.273597
v 0.337412 -0.118151 0.123500
v 0.000000 -0.112234 -0.142497
v 0.327467 -0.067775 0.055075
v 0.200486 -0.102398 0.370763
v 0.303945 -0.069108 -0.026181
v 0.246259 -0.078998 -0.119952
v 0.274180 -0.083953 0.302606
v 0.336262 -0.068188 0.130480
v 0.148279 -0.095225 -0.174482
v 0.335083 -0.067973 0.096842
v 0.114208 -0.121439 0.400659
v 0.324886 -0.070953 0.190085
v 0.000000 -0.130203 0.411717
v 0.059336 0.023801 -0.156228
v -0.000000 0.081039 -0.145134
v 0.051614 0.077047 -0.145365
v 0.059213 -0.050535 -0.170595
v 0.065762 -0.273916 -0.073234
v 0.064156 -0.159323 -0.160940
v 0.067821 -0.215529 -0.132434
v 0.060442 -0.106580 -0.172022
v 0.162335 -0.327138 0.244895
v 0.203352 -0.297243 0.251864
v 0.255015 -0.261895 0.235812
v 0.320510 -0.225581 0.173038
v 0.335562 -0.222172 0.063555
v 0.309206 -0.233435 -0.003615
v 0.264870 -0.255021 -0.056541
v 0.185076 -0.287615 -0.082490
v 0.340493 -0.218697 0.130645
v 0.342434 -0.219372 0.100368
v 0.089300 -0.362036 0.185190
v 0.074514 -0.368131 0.128665
v 0.080426 -0.356203 0.039506
v 0.106601 -0.318549 -0.051927
v 0.175352 -0.781521 0.250690
v 0.219763 -0.780425 0.255235
v 0.267380 -0.793442 0.243957
v 0.307756 -0.791368 0.196523
v 0.327700 -0.795034 0.060269
v 0.297896 -0.801144 0.013404
v 0.250430 -0.806206 -0.010847
v 0.186370 -0.810529 -0.014152
v 0.331472 -0.790536 0.155146
v 0.339057 -0.791283 0.107392
v 0.085924 -0.815899 0.173694
v 0.074797 -0.824798 0.122627
v 0.085807 -0.823191 0.058184
v 0.124605 -0.816542 0.008966
v 0.313662 -0.191095 -0.006880
v 0.268172 -0.218980 -0.073778
v 0.090898 -0.291842 -0.063564
v 0.070497 -0.330671 0.034535
v 0.180751 -0.258148 -0.103238
v 0.070770 -0.346461 0.129113
v 0.086318 -0.333797 0.189662
v 0.335510 -0.179289 0.065509
v 0.151661 -0.283641 0.251861
v 0.193327 -0.248627 0.263441
v 0.320560 -0.183147 0.170988
v 0.339306 -0.177745 0.127310
v 0.251606 -0.214777 0.243923
v 0.340418 -0.177953 0.100120
v 0.301326 -0.336340 0.005270
v 0.299519 -0.434906 0.008820
v 0.300172 -0.526254 0.011252
v 0.300892 -0.612671 0.013307
v 0.253420 -0.623955 -0.011696
v 0.252927 -0.541433 -0.012889
v 0.252563 -0.453019 -0.015828
v 0.256097 -0.358241 -0.026014
v 0.190646 -0.383734 -0.034959
v 0.190794 -0.473553 -0.019330
v 0.190786 -0.558271 -0.016631
v 0.190577 -0.636930 -0.015908
v 0.127414 -0.648803 0.007090
v 0.129553 -0.574134 0.005540
v 0.130344 -0.494736 0.002950
v 0.126361 -0.411116 -0.010782
v 0.086988 -0.655933 0.056082
v 0.088787 -0.581291 0.054251
v 0.089979 -0.504589 0.052498
v 0.089062 -0.429032 0.049609
v 0.333712 -0.324856 0.058349
v 0.332216 -0.424694 0.056712
v 0.331445 -0.516186 0.057417
v 0.330951 -0.602698 0.058953
v 0.318418 -0.325926 0.182166
v 0.316028 -0.424510 0.187330
v 0.314487 -0.514342 0.188800
v 0.312373 -0.598564 0.190241
v 0.335095 -0.596548 0.150837
v 0.336851 -0.511343 0.149351
v 0.338730 -0.420393 0.146840
v 0.340470 -0.319879 0.140676
v 0.170846 -0.398906 0.244683
v 0.176326 -0.471183 0.245459
v 0.180277 -0.543231 0.245582
v 0.181974 -0.614134 0.245299
v 0.228192 -0.605307 0.245173
v 0.226203 -0.531810 0.246214
v 0.221021 -0.455948 0.247409
v 0.214482 -0.377355 0.248105
v 0.342297 -0.596793 0.104492
v 0.343424 -0.511336 0.103283
v 0.344372 -0.420434 0.102230
v 0.344625 -0.320294 0.101032
v 0.271195 -0.600735 0.229416
v 0.270016 -0.522681 0.230406
v 0.265855 -0.440742 0.232450
v 0.262149 -0.352341 0.232927
v 0.088699 -0.431070 0.179468
v 0.085636 -0.503694 0.172397
v 0.084088 -0.575853 0.170014
v 0.083555 -0.646139 0.170222
v 0.076864 -0.435874 0.125322
v 0.076132 -0.508632 0.119269
v 0.075026 -0.582689 0.117894
v 0.074148 -0.655261 0.118771
v 0.129041 -0.909494 0.370404
v 0.193659 -0.905848 0.408380
v 0.264911 -0.907317 0.387910
v 0.331315 -0.924183 0.211203
v 0.322323 -0.936861 0.062658
v 0.289760 -0.942407 0.018141
v 0.242530 -0.945692 -0.003600
v 0.184667 -0.948675 -0.004431
v 0.336470 -0.926468 0.160938
v 0.335857 -0.931279 0.110727
v 0.076591 -0.940330 0.185199
v 0.075507 -0.948173 0.122038
v 0.092101 -0.952201 0.061184
v 0.129532 -0.951048 0.017420
v 0.211638 -0.812937 0.306200
v 0.260921 -0.820796 0.296328
v 0.160799 -0.814921 0.290578
v 0.324339 -0.921482 0.264489
v 0.309355 -0.917203 0.320898
v 0.106837 -0.869710 0.283160
v 0.081688 -0.932146 0.242559
v 0.333386 -0.838421 0.155920
v 0.337283 -0.882853 0.157586
v 0.340035 -0.886253 0.107496
v 0.339222 -0.840002 0.107167
v 0.247518 -0.852184 -0.011718
v 0.245360 -0.898766 -0.011401
v 0.184622 -0.901869 -0.012622
v 0.185338 -0.855972 -0.013924
v 0.125856 -0.905081 0.009501
v 0.125333 -0.860736 0.008395
v 0.327285 -0.843219 0.058703
v 0.327296 -0.890473 0.058253
v 0.294326 -0.895238 0.011277
v 0.295760 -0.847896 0.011599
v 0.087811 -0.908205 0.054714
v 0.087014 -0.866198 0.055328
v 0.074634 -0.868402 0.120595
v 0.073559 -0.907651 0.118974
v 0.079699 -0.900584 0.180702
v 0.084510 -0.860940 0.176781
v 0.316286 -0.838097 0.200146
v 0.327197 -0.880607 0.206024
v 0.297858 -0.839264 0.242565
v 0.288646 -0.841580 0.279702
v 0.315502 -0.876902 0.254145
v 0.300924 -0.869627 0.299360
v 0.265121 -0.848428 0.344204
v 0.202176 -0.841059 0.358415
v 0.140386 -0.848386 0.331144
v 0.090628 -0.888613 0.232761
v 0.093815 -0.920447 0.302875
v 0.000000 -0.299793 0.241258
v 0.091149 -0.301650 0.233062
v 0.113159 -0.353739 0.217041
v 0.109478 -0.801883 0.211514
v 0.110344 -0.317424 0.222862
v 0.112154 -0.422514 0.213544
v 0.109344 -0.494112 0.210178
v 0.108285 -0.565414 0.209043
v 0.108308 -0.635612 0.209351
v 0.102689 -0.846513 0.220492
v 0.106020 -0.285960 0.250858
v 0.135482 -0.343907 0.234089
v 0.139541 -0.789319 0.237290
v 0.129212 -0.303561 0.239149
v 0.138533 -0.412559 0.233833
v 0.139532 -0.483436 0.233963
v 0.140838 -0.554474 0.234247
v 0.141759 -0.624702 0.234466
v 0.125756 -0.830259 0.259053
v 0.000000 -0.286171 0.262035
v 0.158183 -1.004947 0.331398
v 0.198314 -1.007026 0.348896
v 0.242933 -1.001864 0.341035
v 0.292627 -0.993560 0.218178
v 0.276485 -0.994749 0.093567
v 0.255399 -0.996576 0.066381
v 0.225785 -0.998004 0.055872
v 0.193795 -0.997585 0.057791
v 0.292294 -0.992965 0.174645
v 0.287045 -0.993724 0.131118
v 0.119127 -1.000721 0.195208
v 0.124082 -1.000726 0.142124
v 0.138794 -1.000683 0.100647
v 0.161089 -0.998956 0.072632
v 0.289416 -0.994941 0.264128
v 0.276659 -0.997460 0.306356
v 0.122682 -1.001418 0.242417
v 0.133444 -1.002454 0.290157
v 0.175796 -1.001412 0.303635
v 0.201623 -1.001044 0.307096
v 0.232374 -1.000528 0.302766
v 0.259880 -0.999670 0.217340
v 0.249273 -1.000010 0.111809
v 0.241206 -0.999932 0.088042
v 0.220512 -0.999629 0.085872
v 0.196707 -0.998279 0.087579
v 0.258592 -0.999454 0.180973
v 0.254447 -0.999963 0.144152
v 0.152360 -0.999790 0.194592
v 0.155578 -0.999721 0.151298
v 0.163706 -0.999958 0.117137
v 0.172083 -0.998322 0.093158
v 0.259678 -0.999786 0.253905
v 0.256982 -1.000163 0.283343
v 0.156244 -1.000456 0.232708
v 0.164151 -1.000515 0.270786
v 0.229241 -1.000021 0.266288
v 0.196188 -0.999637 0.268400
v 0.227495 -0.999926 0.225309
v 0.193525 -0.999577 0.225954
v 0.227859 -0.999844 0.186501
v 0.196430 -0.999223 0.185756
v 0.225627 -1.000071 0.147245
v 0.197057 -0.999328 0.145307
v 0.223291 -1.000161 0.114192
v 0.197570 -0.999915 0.114472
v 0.320047 -0.966559 0.216420
v 0.321927 -0.967396 0.167590
v 0.088102 -0.982948 0.190832
v 0.090243 -0.979433 0.246287
v 0.193393 -0.977950 0.405480
v 0.261004 -0.973511 0.384152
v 0.317949 -0.971184 0.118819
v 0.100200 -0.976469 0.306125
v 0.131955 -0.976862 0.370052
v 0.315932 -0.967377 0.269151
v 0.092962 -0.986825 0.131421
v 0.302304 -0.969834 0.324369
v 0.110201 -0.990078 0.079246
v 0.304345 -0.975977 0.074867
v 0.187814 -0.987022 0.021104
v 0.142148 -0.989054 0.041448
v 0.275160 -0.980981 0.038002
v 0.234809 -0.984469 0.020209
v 0.300668 -0.683543 0.013769
v 0.299582 -0.745612 0.013664
v 0.189139 -0.700314 -0.015237
v 0.187628 -0.758044 -0.014585
v 0.330137 -0.675305 0.059704
v 0.328872 -0.738424 0.059887
v 0.309935 -0.669030 0.191516
v 0.307471 -0.733494 0.192760
v 0.182122 -0.676264 0.244191
v 0.181328 -0.733538 0.241829
v 0.083616 -0.705633 0.170424
v 0.084693 -0.762473 0.171775
v 0.073873 -0.714466 0.119205
v 0.074167 -0.771369 0.121131
v 0.252638 -0.752546 -0.010738
v 0.253679 -0.692338 -0.011029
v 0.124635 -0.765146 0.008843
v 0.125524 -0.709103 0.008180
v 0.085467 -0.771787 0.058250
v 0.085845 -0.715932 0.057227
v 0.332171 -0.733712 0.153367
v 0.333550 -0.669112 0.152087
v 0.224525 -0.732266 0.242890
v 0.227382 -0.670063 0.244111
v 0.340060 -0.734220 0.106178
v 0.341217 -0.669841 0.105363
v 0.265725 -0.733401 0.229635
v 0.269269 -0.668377 0.229179
v 0.108424 -0.695457 0.209029
v 0.109679 -0.750873 0.208816
v 0.141945 -0.685324 0.233677
v 0.142848 -0.740173 0.232224
v -0.090550 1.316653 0.354502
v -0.092268 1.212915 0.377036
v -0.091664 1.103598 0.382368
v -0.089352 0.991575 0.374934
v -0.085112 0.886503 0.354670
v -0.077688 0.800564 0.322845
v -0.153621 0.814309 0.298286
v -0.221574 0.838387 0.259294
v -0.307584 0.904029 0.182732
v -0.324431 0.958498 0.182899
v -0.340399 1.033268 0.179287
v -0.352809 1.117865 0.165100
v -0.360302 1.221923 0.127355
v -0.327080 1.335778 0.134676
v -0.240733 1.305700 0.284795
v -0.173721 1.309481 0.327433
v -0.178444 1.212181 0.346599
v -0.252550 1.213622 0.296937
v -0.178447 1.106434 0.351819
v -0.253648 1.111783 0.302274
v -0.174421 0.998909 0.345420
v -0.247755 1.010480 0.298515
v -0.166364 0.898806 0.327518
v -0.236630 0.917937 0.284805
v -0.275199 0.872314 0.215484
v -0.291151 1.317284 0.221127
v -0.312201 1.219505 0.226775
v -0.312147 1.118504 0.237248
v -0.302943 1.024431 0.240605
v -0.289544 0.941091 0.234005
v -0.088010 1.405435 0.307234
v -0.270109 1.420460 0.138413
v -0.223386 1.366178 0.269390
v -0.169635 1.387083 0.289444
v -0.247034 1.392843 0.219566
v -0.374962 1.043457 0.071276
v -0.360884 0.975342 0.065727
v -0.359333 0.958209 0.010491
v -0.356482 0.965705 -0.052046
v -0.369833 1.030529 -0.081680
v -0.376801 1.082632 -0.088132
v -0.383121 1.137146 -0.071520
v -0.389450 1.145533 -0.009280
v -0.387546 1.127676 0.034471
v -0.382354 1.091914 0.060717
v -0.387302 1.076368 0.024213
v -0.385943 1.062929 0.016847
v -0.385457 1.057429 0.001912
v -0.385614 1.061108 -0.014515
v -0.387019 1.074665 -0.024897
v -0.388918 1.090264 -0.026559
v -0.390637 1.104762 -0.019496
v -0.391546 1.111031 -0.003731
v -0.390750 1.106030 0.013750
v -0.389059 1.092792 0.023634
v -0.362422 1.035469 0.120812
v -0.373630 1.102247 0.104005
v -0.344839 0.963412 0.129572
v -0.381988 1.160801 0.067271
v -0.386450 1.194405 0.003656
v -0.380067 1.206649 -0.073072
v -0.362318 1.139336 -0.154517
v -0.359540 1.210881 -0.156693
v -0.326758 1.137737 -0.233583
v -0.322600 1.211085 -0.237810
v -0.271029 1.136400 -0.306566
v -0.266957 1.210569 -0.310079
v -0.193373 1.137421 -0.365126
v -0.191143 1.211942 -0.366565
v -0.100316 1.141399 -0.402269
v -0.099551 1.215437 -0.401981
v -0.341071 1.356822 0.036830
v -0.280751 1.438674 0.041637
v -0.337142 1.365299 -0.060272
v -0.279598 1.440643 -0.057158
v -0.318371 1.361618 -0.151159
v -0.267909 1.428177 -0.149733
v -0.285905 1.352408 -0.230034
v -0.246286 1.407902 -0.227620
v -0.240844 1.345999 -0.291215
v -0.224248 1.388843 -0.276112
v -0.177160 1.350414 -0.334736
v -0.173701 1.405767 -0.297667
v -0.094180 1.355940 -0.363814
v -0.093686 1.419305 -0.319137
v -0.373456 1.266779 0.025419
v -0.367892 1.283120 -0.066510
v -0.346796 1.286666 -0.154945
v -0.309867 1.284694 -0.235864
v -0.256653 1.282655 -0.304492
v -0.185024 1.284125 -0.356805
v -0.097012 1.287067 -0.389884
v -0.096867 1.504336 0.145689
v -0.190134 1.475167 0.142605
v -0.100963 1.523403 0.045118
v -0.197278 1.493555 0.044363
v -0.102062 1.525301 -0.058851
v -0.198011 1.494435 -0.057244
v -0.100681 1.508619 -0.160029
v -0.192896 1.478418 -0.154041
v -0.097180 1.472373 -0.250335
v -0.182399 1.448037 -0.237439
v -0.090566 1.466798 0.235737
v -0.177731 1.440312 0.227073
v -0.358189 1.074784 -0.151562
v -0.323836 1.068038 -0.224179
v -0.268372 1.063540 -0.294971
v -0.190739 1.062431 -0.353047
v -0.098616 1.066513 -0.390615
v -0.348814 1.010881 -0.140686
v -0.313210 0.998905 -0.208263
v -0.256500 0.991001 -0.274921
v -0.180733 0.989062 -0.329214
v -0.093043 0.994266 -0.365628
v -0.312565 0.887104 0.146398
v -0.261569 0.821622 0.178884
v -0.200321 0.779623 0.224201
v -0.134855 0.758195 0.264401
v -0.067548 0.749508 0.289534
v -0.315027 0.872384 0.090162
v -0.230250 0.777553 0.122075
v -0.159542 0.737712 0.186411
v -0.103913 0.723311 0.229530
v -0.052781 0.720008 0.255672
v -0.328034 0.940075 -0.121681
v -0.289196 0.928286 -0.185972
v -0.232793 0.922264 -0.244867
v -0.162093 0.922667 -0.292429
v -0.082996 0.929877 -0.326528
v -0.057728 0.704832 0.203557
v -0.037174 0.706524 0.230031
v -0.075563 0.734009 -0.044862
v -0.087585 0.726557 -0.017508
v -0.087150 0.709849 0.162456
v -0.122514 0.724312 0.111119
v -0.316635 0.868475 0.026290
v -0.309319 0.869157 -0.037207
v -0.285841 0.864823 -0.099175
v -0.248576 0.862885 -0.155846
v -0.197986 0.864261 -0.205315
v -0.086023 0.718138 0.013568
v -0.137175 0.869185 -0.245756
v -0.070119 0.878098 -0.277061
v -0.244977 0.789405 0.044183
v -0.244687 0.799712 -0.017004
v -0.229019 0.807522 -0.071124
v -0.199988 0.814507 -0.119236
v -0.159652 0.821697 -0.160881
v -0.070742 0.709532 0.043959
v -0.110950 0.829537 -0.195564
v -0.056836 0.838656 -0.223640
v -0.156391 0.742317 0.054861
v -0.172415 0.758404 0.004176
v -0.170102 0.771448 -0.040815
v -0.152870 0.782153 -0.081167
v -0.123997 0.791489 -0.116584
v -0.041533 0.702060 0.068277
v -0.087122 0.799979 -0.146333
v -0.044910 0.807960 -0.170090
v -0.077479 0.721236 0.063553
v -0.108404 0.735687 0.025319
v -0.118113 0.748628 -0.010936
v -0.112474 0.759816 -0.045072
v -0.094212 0.769232 -0.075398
v -0.067763 0.777035 -0.100372
v -0.035315 0.782698 -0.118051
v -0.055932 0.740002 -0.066261
v -0.029621 0.743351 -0.079494
v -0.389747 1.125095 -0.008101
v -0.388566 1.114343 0.021357
v -0.383442 1.087154 -0.054291
v -0.387337 1.116581 -0.040695
v -0.377205 1.028151 0.034419
v -0.375792 1.015547 0.004162
v -0.381557 1.060449 0.043374
v -0.385508 1.091471 0.038508
v -0.375392 1.020890 -0.030749
v -0.379238 1.052550 -0.050634
v -0.399338 1.079800 0.019775
v -0.398475 1.070413 0.012945
v -0.398158 1.066429 0.001480
v -0.398491 1.069781 -0.010886
v -0.399516 1.079467 -0.019156
v -0.401031 1.090910 -0.020455
v -0.402374 1.101946 -0.014752
v -0.403025 1.107533 -0.002726
v -0.402264 1.103953 0.011969
v -0.400764 1.092970 0.020107
v -0.417368 1.079346 0.021151
v -0.416611 1.069309 0.013824
v -0.416291 1.065010 0.001573
v -0.416501 1.068562 -0.011686
v -0.417350 1.078941 -0.020664
v -0.418681 1.091288 -0.022200
v -0.419983 1.103290 -0.016020
v -0.420610 1.109382 -0.002988
v -0.419908 1.105363 0.012851
v -0.418599 1.093452 0.021550
v -0.436912 1.076119 0.030395
v -0.436953 1.061137 0.019881
v -0.437047 1.054379 0.002609
v -0.436615 1.059716 -0.016275
v -0.436597 1.074465 -0.029251
v -0.436913 1.092782 -0.031478
v -0.437687 1.110394 -0.022774
v -0.438002 1.119160 -0.004110
v -0.437572 1.113006 0.018237
v -0.437310 1.096036 0.031146
v -0.453733 1.068295 0.052052
v -0.454903 1.041045 0.033905
v -0.456292 1.028100 0.005264
v -0.455007 1.037299 -0.026540
v -0.454388 1.061771 -0.049077
v -0.453780 1.095259 -0.053242
v -0.454015 1.126298 -0.038601
v -0.453359 1.140783 -0.006218
v -0.452555 1.129789 0.030790
v -0.453717 1.101394 0.053831
v -0.474504 1.059141 0.077341
v -0.476650 1.018871 0.050422
v -0.477870 1.001641 0.006211
v -0.476697 1.013727 -0.040781
v -0.475829 1.050313 -0.073571
v -0.475276 1.099888 -0.079932
v -0.474345 1.144426 -0.057204
v -0.471437 1.164212 -0.008376
v -0.470314 1.149974 0.044601
v -0.472419 1.108784 0.077132
v -0.511222 1.053225 0.100831
v -0.513284 1.000707 0.065918
v -0.513935 0.979144 0.007467
v -0.513741 0.993505 -0.054006
v -0.513990 1.041033 -0.096573
v -0.513995 1.105701 -0.104356
v -0.511644 1.163364 -0.073528
v -0.507518 1.189463 -0.010292
v -0.506229 1.172674 0.058136
v -0.508457 1.119110 0.099646
v -0.566622 1.051592 0.112644
v -0.567477 0.992586 0.074081
v -0.568267 0.968239 0.008961
v -0.569925 0.983928 -0.059505
v -0.571633 1.037111 -0.106675
v -0.571175 1.109449 -0.114521
v -0.567886 1.173821 -0.079891
v -0.564215 1.203294 -0.011074
v -0.563877 1.185490 0.064195
v -0.565497 1.125786 0.110792
v -0.624200 1.054037 0.104044
v -0.623852 0.999716 0.068828
v -0.625714 0.977789 0.009133
v -0.629580 0.992847 -0.052923
v -0.632048 1.041367 -0.095225
v -0.631277 1.107598 -0.102520
v -0.628008 1.167243 -0.071777
v -0.624936 1.195075 -0.010158
v -0.624822 1.178629 0.058376
v -0.625539 1.123216 0.101536
v -0.667345 1.060260 0.078500
v -0.665588 1.018701 0.052802
v -0.667464 1.002887 0.008379
v -0.670902 1.015008 -0.037449
v -0.673144 1.051369 -0.068652
v -0.672585 1.101154 -0.074870
v -0.669675 1.147125 -0.053035
v -0.667049 1.169645 -0.008069
v -0.668035 1.156061 0.043679
v -0.669213 1.113007 0.075909
v -0.688850 1.064752 0.051086
v -0.687029 1.037114 0.034820
v -0.687547 1.026494 0.006602
v -0.689507 1.034642 -0.023213
v -0.691250 1.059196 -0.044273
v -0.691783 1.092936 -0.048450
v -0.690916 1.123592 -0.033663
v -0.689725 1.138668 -0.004512
v -0.690025 1.129233 0.029104
v -0.690298 1.099903 0.049851
v -0.695981 1.066689 0.034746
v -0.694521 1.048010 0.024102
v -0.694295 1.039852 0.005182
v -0.695206 1.044606 -0.015517
v -0.696616 1.061633 -0.030456
v -0.697964 1.086119 -0.032858
v -0.698474 1.106450 -0.021968
v -0.698331 1.115765 -0.002491
v -0.698114 1.109359 0.019506
v -0.697348 1.089963 0.033953
v -0.699722 1.070031 0.020349
v -0.698909 1.059210 0.014245
v -0.698779 1.054583 0.003103
v -0.699334 1.057904 -0.008720
v -0.700221 1.067849 -0.016747
v -0.701084 1.081035 -0.018014
v -0.701594 1.092178 -0.012085
v -0.701679 1.097353 -0.001064
v -0.701391 1.093946 0.011343
v -0.700677 1.083229 0.019513
v -0.701519 1.072968 0.009775
v -0.701182 1.068053 0.006833
v -0.701146 1.066095 0.001563
v -0.701399 1.067795 -0.003795
v -0.701799 1.072321 -0.007280
v -0.702193 1.078012 -0.007831
v -0.702485 1.082929 -0.005223
v -0.702573 1.085217 -0.000226
v -0.702394 1.083741 0.005410
v -0.701990 1.078980 0.009252
v -0.702236 1.075590 0.000689
v -0.081598 0.645420 -0.041182
v -0.095296 0.644547 -0.010651
v -0.093338 0.645481 0.023046
v -0.075033 0.645828 0.056069
v -0.042592 0.645156 0.081134
v -0.060036 0.647099 -0.063317
v -0.032435 0.648041 -0.077177
v -0.171534 0.574310 -0.020413
v -0.176816 0.592255 0.029145
v -0.164573 0.585987 0.079772
v -0.109077 0.586889 0.124763
v -0.056932 0.583486 0.154115
v -0.115521 0.567920 -0.069882
v -0.057079 0.559222 -0.101052
v -0.114483 0.604028 -0.032662
v -0.083112 0.601757 -0.064443
v -0.043609 0.598256 -0.084541
v -0.048501 0.611583 0.113822
v -0.089570 0.613238 0.086494
v -0.120326 0.612410 0.049958
v -0.129902 0.609186 0.010032
v -0.071087 0.469465 0.250587
v -0.077763 0.367831 0.306028
v -0.081298 0.298131 0.338735
v -0.085193 0.214500 0.373975
v -0.089715 0.124646 0.404980
v -0.167714 0.215120 0.344847
v -0.175681 0.129202 0.373508
v -0.240693 0.209353 0.290776
v -0.250248 0.129172 0.314405
v -0.292224 0.200700 0.206138
v -0.303160 0.125877 0.219308
v -0.297454 0.193113 0.034111
v -0.307499 0.117862 0.039375
v -0.259771 0.195273 -0.029898
v -0.270763 0.117006 -0.026260
v -0.187742 0.190005 -0.091989
v -0.199932 0.115793 -0.093313
v -0.091983 0.186638 -0.129973
v -0.096474 0.112303 -0.134793
v -0.159427 0.293636 0.313423
v -0.152088 0.361581 0.282972
v -0.139232 0.465566 0.227767
v -0.228390 0.284559 0.267044
v -0.216919 0.352012 0.241133
v -0.200192 0.454489 0.190259
v -0.067830 0.517052 0.218296
v -0.130935 0.516203 0.194125
v -0.188105 0.507200 0.157933
v -0.178819 0.547753 0.125591
v -0.066090 0.510871 -0.118093
v -0.131984 0.521469 -0.087838
v -0.187663 0.526170 -0.046289
v -0.073593 0.452101 -0.127319
v -0.143091 0.463255 -0.099450
v -0.200263 0.470536 -0.057355
v -0.079637 0.387822 -0.130367
v -0.156066 0.398450 -0.100453
v -0.218400 0.412938 -0.051042
v -0.085111 0.326669 -0.130618
v -0.169556 0.338499 -0.096135
v -0.241785 0.355565 -0.029053
v -0.277547 0.274096 0.196294
v -0.286925 0.265301 0.034472
v -0.251050 0.270137 -0.030984
v -0.182494 0.264840 -0.092478
v -0.089870 0.258440 -0.129960
v -0.122389 0.554376 0.162088
v -0.261302 0.339933 0.179428
v -0.275491 0.331964 0.032068
v -0.074363 0.419960 0.279380
v -0.145605 0.415444 0.256439
v -0.208048 0.405021 0.217108
v -0.063559 0.552849 0.188643
v -0.235983 0.556783 -0.002590
v -0.241426 0.519782 -0.023302
v -0.295107 0.533366 -0.001558
v -0.297590 0.500301 -0.019560
v -0.392477 0.483656 -0.008959
v -0.389186 0.451930 -0.028972
v -0.446562 0.455708 -0.013946
v -0.438449 0.424388 -0.035158
v -0.233590 0.563573 0.068180
v -0.237414 0.529611 0.101412
v -0.293716 0.540092 0.062649
v -0.294423 0.508058 0.091193
v -0.394366 0.495037 0.061733
v -0.391825 0.465987 0.089035
v -0.450717 0.468408 0.062679
v -0.444244 0.441558 0.092327
v -0.234675 0.572822 0.030971
v -0.295812 0.547577 0.028573
v -0.394962 0.500672 0.026391
v -0.450594 0.473535 0.023388
v -0.297774 0.455318 -0.022560
v -0.383092 0.412702 -0.032119
v -0.428023 0.385211 -0.038343
v -0.298772 0.421050 -0.007966
v -0.378138 0.380506 -0.015072
v -0.420442 0.353703 -0.020099
v -0.290593 0.465594 0.102904
v -0.386762 0.426063 0.095724
v -0.433368 0.403515 0.100813
v -0.380200 0.390870 0.080561
v -0.423430 0.366876 0.085999
v -0.246857 0.470771 -0.029753
v -0.256106 0.425279 -0.019313
v -0.265946 0.393191 0.005073
v -0.239911 0.488656 0.122990
v -0.249799 0.391895 0.160262
v -0.244476 0.439759 0.143356
v -0.276365 0.375866 0.040110
v -0.285583 0.422678 0.099590
v -0.415149 0.337012 0.036844
v -0.375681 0.362332 0.036649
v -0.302543 0.395170 0.039222
v -0.322996 0.123319 0.152434
v -0.312773 0.196206 0.142791
v -0.299944 0.267204 0.138578
v -0.283344 0.330067 0.127322
v -0.272671 0.378409 0.113558
v -0.416187 0.338358 0.006618
v -0.375707 0.364528 0.009177
v -0.301023 0.401991 0.014511
v -0.323486 0.120347 0.093329
v -0.302214 0.263717 0.084426
v -0.287776 0.325997 0.077895
v -0.417198 0.346966 0.065205
v -0.376829 0.371588 0.061850
v -0.280570 0.371500 0.073908
v -0.299696 0.399463 0.067054
v -0.313550 0.193309 0.085606
v -0.343197 0.509639 -0.004555
v -0.343076 0.477365 -0.023350
v -0.343219 0.487963 0.087875
v -0.342984 0.518817 0.061213
v -0.344612 0.525222 0.027987
v -0.340199 0.436120 -0.026138
v -0.338087 0.404175 -0.010443
v -0.340746 0.445927 0.095084
v -0.336106 0.412035 0.082688
v -0.338467 0.384277 0.037428
v -0.337955 0.387696 0.012313
v -0.337285 0.392508 0.062384
v -0.946931 0.047264 0.047774
v -0.500039 0.428617 -0.017447
v -0.489475 0.397377 -0.040154
v -0.504829 0.442480 0.063626
v -0.496779 0.417078 0.096045
v -0.504910 0.446633 0.021903
v -0.476322 0.357523 -0.043751
v -0.466721 0.325163 -0.023882
v -0.482968 0.378585 0.106557
v -0.470124 0.339670 0.091050
v -0.459424 0.308269 0.037648
v -0.940605 0.042971 0.012764
v -0.461120 0.309421 0.005064
v -0.462010 0.318696 0.068423
v -0.553126 0.401275 -0.020382
v -0.540512 0.369831 -0.044098
v -0.558392 0.416587 0.064722
v -0.548240 0.392654 0.099334
v -0.559056 0.419695 0.021079
v -0.524889 0.329578 -0.047397
v -0.513527 0.296749 -0.026180
v -0.531580 0.353107 0.111463
v -0.516646 0.312393 0.095289
v -0.504806 0.278814 0.038701
v -0.940959 0.042212 0.030755
v -0.507070 0.280135 0.004298
v -0.507427 0.290021 0.071351
v -0.606748 0.374127 -0.022940
v -0.591564 0.342221 -0.047410
v -0.611534 0.390607 0.066061
v -0.599239 0.368246 0.101862
v -0.613951 0.392634 0.020841
v -0.573758 0.301325 -0.050081
v -0.560913 0.267908 -0.027760
v -0.580543 0.327057 0.115631
v -0.563875 0.284525 0.099121
v -0.551651 0.248713 0.039713
v -0.957052 0.057483 0.060442
v -0.553694 0.250702 0.003778
v -0.554217 0.260581 0.074015
v -0.662115 0.346379 -0.024744
v -0.643046 0.314632 -0.049596
v -0.667649 0.362571 0.066510
v -0.652757 0.341679 0.103345
v -0.672059 0.363871 0.020536
v -0.621404 0.273675 -0.051325
v -0.606128 0.240166 -0.027962
v -0.629974 0.300598 0.119365
v -0.608934 0.257615 0.102237
v -0.596207 0.220136 0.040923
v -0.974347 0.075419 0.067574
v -0.598343 0.222494 0.004182
v -0.598586 0.232558 0.076247
v -0.711173 0.319600 -0.027170
v -0.691128 0.286234 -0.051342
v -0.715711 0.337175 0.067222
v -0.699304 0.314527 0.105444
v -0.721477 0.338463 0.019387
v -0.669659 0.244232 -0.050207
v -0.654972 0.210137 -0.025669
v -0.677334 0.271310 0.122352
v -0.656988 0.227148 0.103802
v -0.643780 0.190540 0.042505
v -0.945746 0.049759 -0.002893
v -0.646398 0.193030 0.006165
v -0.646700 0.202254 0.077442
v -0.760823 0.314364 -0.042708
v -0.735007 0.270150 -0.070431
v -0.769230 0.336894 0.076917
v -0.749029 0.304428 0.123605
v -0.775049 0.340459 0.015493
v -0.707382 0.216861 -0.068407
v -0.686243 0.173813 -0.038096
v -0.719499 0.251292 0.140720
v -0.692376 0.198074 0.119415
v -0.672022 0.155740 0.045869
v -0.959581 0.065219 -0.014464
v -0.674812 0.156104 0.001432
v -0.677554 0.169966 0.088035
v -0.820542 0.305593 -0.062763
v -0.786301 0.248816 -0.097011
v -0.836023 0.334142 0.089766
v -0.811339 0.291942 0.150154
v -0.840813 0.339216 0.011041
v -0.749014 0.183652 -0.091822
v -0.719872 0.133023 -0.052988
v -0.769204 0.223492 0.169697
v -0.731213 0.159391 0.141362
v -0.701747 0.110146 0.049703
v -0.998914 0.109994 0.020396
v -0.704453 0.111880 -0.005332
v -0.710541 0.126059 0.102073
v -0.889409 0.277256 -0.074415
v -0.848627 0.214066 -0.112596
v -0.909421 0.309813 0.097387
v -0.879372 0.262011 0.165738
v -0.913438 0.315652 0.008374
v -0.802970 0.144382 -0.105878
v -0.767646 0.090928 -0.062085
v -0.830113 0.184899 0.187131
v -0.784459 0.114938 0.154956
v -0.748122 0.061959 0.052019
v -0.990334 0.094474 0.059995
v -0.750395 0.065735 -0.009346
v -0.759538 0.077995 0.110939
v -0.950244 0.229587 -0.069861
v -0.908515 0.170810 -0.106072
v -0.969492 0.261274 0.092559
v -0.939487 0.216869 0.157718
v -0.973258 0.266652 0.008744
v -0.859360 0.107956 -0.099619
v -0.822685 0.059538 -0.057411
v -0.890781 0.144568 0.178174
v -0.844029 0.080832 0.147257
v -0.806198 0.032564 0.050220
v -0.999133 0.107965 0.042612
v -0.806801 0.036042 -0.007107
v -0.819037 0.047033 0.105493
v -0.987310 0.173449 -0.048020
v -0.953278 0.128279 -0.077455
v -1.003604 0.201153 0.077203
v -0.981374 0.163745 0.127133
v -1.005831 0.204348 0.013238
v -0.910356 0.079898 -0.073981
v -0.878473 0.042442 -0.041118
v -0.940991 0.108049 0.143967
v -0.900620 0.061005 0.120034
v -0.867179 0.023617 0.044099
v -0.976880 0.084089 -0.013365
v -0.866389 0.025174 -0.001190
v -0.879210 0.035539 0.087125
v -0.995264 0.127754 -0.020609
v -0.972936 0.099735 -0.040450
v -1.008727 0.144469 0.058564
v -0.994048 0.119962 0.089415
v -1.008933 0.147260 0.018850
v -0.943329 0.067617 -0.040844
v -0.920372 0.042046 -0.020221
v -0.966582 0.085777 0.101591
v -0.937866 0.055471 0.087919
v -0.912656 0.030006 0.037352
v -0.990137 0.099739 -0.001897
v -0.912006 0.030775 0.006715
v -0.921880 0.038412 0.066297
v -0.962547 0.058072 0.034620
v -0.959446 0.056096 0.018352
v -0.959656 0.055668 0.026687
v -0.967411 0.062903 0.040498
v -0.975460 0.071368 0.043623
v -0.961870 0.059315 0.011174
v -0.968316 0.066711 0.005952
v -0.986839 0.087009 0.021960
v -0.982736 0.080048 0.040018
v -0.986892 0.085992 0.032064
v -0.976339 0.075607 0.006593
v -0.982607 0.082662 0.011868
v -0.973481 0.069218 0.024165
v -0.103945 0.030548 0.422179
v -0.192665 0.039789 0.386600
v -0.265627 0.046345 0.321262
v -0.313112 0.048137 0.221687
v -0.313794 0.044443 0.040247
v -0.280224 0.042067 -0.030762
v -0.218644 0.038599 -0.105330
v -0.129032 0.030893 -0.149374
v -0.329878 0.047912 0.154462
v -0.329597 0.046428 0.096260
v -0.110599 -0.056243 0.421204
v -0.200274 -0.043049 0.384960
v -0.273356 -0.031557 0.315777
v -0.319835 -0.025364 0.210787
v -0.320686 -0.024672 0.045077
v -0.292955 -0.025636 -0.032461
v -0.234659 -0.031377 -0.117822
v -0.138600 -0.043336 -0.168698
v -0.333465 -0.023896 0.146255
v -0.332752 -0.024207 0.097096
v -0.129215 -0.260199 0.270836
v -0.194514 -0.219192 0.280917
v -0.256605 -0.184616 0.254369
v -0.321687 -0.155483 0.171411
v -0.334613 -0.151013 0.066247
v -0.315549 -0.161912 -0.008536
v -0.267455 -0.192447 -0.088864
v -0.175691 -0.236119 -0.121272
v -0.338180 -0.150889 0.125804
v -0.338695 -0.150660 0.099698
v -0.158414 -0.142043 -0.168993
v -0.336127 -0.092144 0.097106
v -0.331066 -0.092822 0.062179
v -0.116588 -0.171859 0.365635
v -0.198420 -0.144118 0.347470
v -0.310506 -0.097890 -0.018879
v -0.254011 -0.116075 -0.116326
v -0.270136 -0.116053 0.290012
v -0.325692 -0.095001 0.178660
v -0.337204 -0.091743 0.123126
v -0.070249 -0.322815 0.195904
v -0.056813 -0.338318 0.130067
v -0.053242 -0.321411 0.033504
v -0.168282 -0.190506 -0.150817
v -0.337059 -0.118315 0.098303
v -0.121258 -0.213704 0.322858
v -0.323835 -0.122021 0.174324
v -0.333048 -0.118778 0.065390
v -0.196938 -0.180601 0.316172
v -0.314446 -0.126719 -0.012890
v -0.261965 -0.152745 -0.105656
v -0.264157 -0.147836 0.273597
v -0.337412 -0.118151 0.123500
v -0.327467 -0.067775 0.055075
v -0.200486 -0.102398 0.370763
v -0.303945 -0.069108 -0.026181
v -0.246259 -0.078998 -0.119952
v -0.274180 -0.083953 0.302606
v -0.336262 -0.068188 0.130480
v -0.148279 -0.095225 -0.174482
v -0.335083 -0.067973 0.096843
v -0.114208 -0.121439 0.400659
v -0.324886 -0.070953 0.190085
v -0.059336 0.023801 -0.156228
v -0.051614 0.077047 -0.145365
v -0.059213 -0.050535 -0.170595
v -0.065762 -0.273916 -0.073234
v -0.064156 -0.159323 -0.160940
v -0.067821 -0.215529 -0.132434
v -0.060442 -0.106580 -0.172022
v -0.162335 -0.327138 0.244895
v -0.203352 -0.297243 0.251864
v -0.255015 -0.261894 0.235812
v -0.320510 -0.225581 0.173038
v -0.335562 -0.222172 0.063555
v -0.309206 -0.233435 -0.003615
v -0.264870 -0.255021 -0.056541
v -0.185076 -0.287615 -0.082490
v -0.340493 -0.218697 0.130645
v -0.342434 -0.219372 0.100368
v -0.089300 -0.362036 0.185190
v -0.074514 -0.368131 0.128665
v -0.080426 -0.356203 0.039506
v -0.106601 -0.318549 -0.051927
v -0.175352 -0.781521 0.250690
v -0.219763 -0.780425 0.255235
v -0.267380 -0.793442 0.243957
v -0.307756 -0.791368 0.196523
v -0.327700 -0.795034 0.060269
v -0.297896 -0.801144 0.013404
v -0.250430 -0.806206 -0.010847
v -0.186370 -0.810529 -0.014152
v -0.331472 -0.790536 0.155146
v -0.339057 -0.791283 0.107392
v -0.085924 -0.815899 0.173694
v -0.074797 -0.824798 0.122627
v -0.085807 -0.823191 0.058184
v -0.124605 -0.816542 0.008966
v -0.313662 -0.191095 -0.006880
v -0.268172 -0.218980 -0.073778
v -0.090898 -0.291842 -0.063564
v -0.070497 -0.330671 0.034535
v -0.180751 -0.258148 -0.103238
v -0.070770 -0.346461 0.129113
v -0.086318 -0.333797 0.189662
v -0.335510 -0.179289 0.065509
v -0.151661 -0.283641 0.251861
v -0.193327 -0.248627 0.263441
v -0.320560 -0.183147 0.170988
v -0.339306 -0.177746 0.127310
v -0.251606 -0.214777 0.243923
v -0.340418 -0.177953 0.100120
v -0.301326 -0.336340 0.005270
v -0.299519 -0.434906 0.008820
v -0.300172 -0.526254 0.011252
v -0.300892 -0.612672 0.013307
v -0.253420 -0.623955 -0.011696
v -0.252927 -0.541433 -0.012889
v -0.252563 -0.453019 -0.015828
v -0.256097 -0.358241 -0.026014
v -0.190646 -0.383734 -0.034959
v -0.190794 -0.473553 -0.019330
v -0.190786 -0.558271 -0.016631
v -0.190577 -0.636930 -0.015908
v -0.127414 -0.648803 0.007090
v -0.129553 -0.574134 0.005540
v -0.130344 -0.494736 0.002950
v -0.126361 -0.411116 -0.010782
v -0.086988 -0.655933 0.056082
v -0.088787 -0.581291 0.054251
v -0.089979 -0.504589 0.052498
v -0.089062 -0.429032 0.049609
v -0.333712 -0.324856 0.058349
v -0.332216 -0.424694 0.056712
v -0.331445 -0.516186 0.057417
v -0.330951 -0.602698 0.058953
v -0.318418 -0.325926 0.182166
v -0.316028 -0.424510 0.187330
v -0.314487 -0.514342 0.188800
v -0.312373 -0.598564 0.190241
v -0.335095 -0.596548 0.150837
v -0.336851 -0.511343 0.149351
v -0.338730 -0.420393 0.146840
v -0.340470 -0.319879 0.140676
v -0.170846 -0.398906 0.244683
v -0.176326 -0.471183 0.245459
v -0.180277 -0.543231 0.245582
v -0.181974 -0.614134 0.245299
v -0.228192 -0.605307 0.245173
v -0.226203 -0.531810 0.246214
v -0.221021 -0.455948 0.247409
v -0.214482 -0.377355 0.248105
v -0.342297 -0.596793 0.104492
v -0.343424 -0.511336 0.103283
v -0.344372 -0.420434 0.102230
v -0.344625 -0.320294 0.101032
v -0.271195 -0.600735 0.229416
v -0.270016 -0.522681 0.230406
v -0.265855 -0.440742 0.232450
v -0.262149 -0.352341 0.232927
v -0.088699 -0.431070 0.179468
v -0.085636 -0.503694 0.172397
v -0.084088 -0.575853 0.170014
v -0.083555 -0.646139 0.170222
v -0.076864 -0.435874 0.125322
v -0.076132 -0.508632 0.119269
v -0.075026 -0.582689 0.117894
v -0.074148 -0.655261 0.118771
v -0.129041 -0.909494 0.370404
v -0.193659 -0.905848 0.408380
v -0.264911 -0.907317 0.387910
v -0.331315 -0.924183 0.211203
v -0.322323 -0.936861 0.062658
v -0.289760 -0.942407 0.018141
v -0.242530 -0.945692 -0.003600
v -0.184667 -0.948675 -0.004431
v -0.336470 -0.926468 0.160938
v -0.335857 -0.931279 0.110727
v -0.076591 -0.940330 0.185199
v -0.075507 -0.948173 0.122038
v -0.092101 -0.952201 0.061184
v -0.129532 -0.951048 0.017420
v -0.211638 -0.812937 0.306200
v -0.260921 -0.820796 0.296328
v -0.160799 -0.814921 0.290578
v -0.324339 -0.921482 0.264489
v -0.309355 -0.917203 0.320898
v -0.106837 -0.869710 0.283159
v -0.081688 -0.932146 0.242559
v -0.333386 -0.838421 0.155920
v -0.337283 -0.882853 0.157586
v -0.340035 -0.886253 0.107496
v -0.339222 -0.840002 0.107167
v -0.247518 -0.852184 -0.011718
v -0.245359 -0.898766 -0.011401
v -0.184622 -0.901869 -0.012622
v -0.185338 -0.855972 -0.013924
v -0.125856 -0.905081 0.009501
v -0.125334 -0.860736 0.008395
v -0.327285 -0.843219 0.058703
v -0.327296 -0.890473 0.058253
v -0.294326 -0.895238 0.011277
v -0.295760 -0.847896 0.011599
v -0.087811 -0.908205 0.054714
v -0.087014 -0.866198 0.055328
v -0.074634 -0.868402 0.120595
v -0.073559 -0.907651 0.118974
v -0.079699 -0.900584 0.180702
v -0.084510 -0.860940 0.176781
v -0.316286 -0.838097 0.200146
v -0.327197 -0.880607 0.206023
v -0.297858 -0.839264 0.242565
v -0.288646 -0.841580 0.279702
v -0.315502 -0.876902 0.254145
v -0.300924 -0.869627 0.299360
v -0.265121 -0.848428 0.344204
v -0.202176 -0.841059 0.358415
v -0.140386 -0.848386 0.331144
v -0.090628 -0.888613 0.232761
v -0.093815 -0.920447 0.302875
v -0.091149 -0.301650 0.233062
v -0.113159 -0.353739 0.217041
v -0.109478 -0.801883 0.211514
v -0.110344 -0.317424 0.222862
v -0.112154 -0.422514 0.213544
v -0.109344 -0.494113 0.210178
v -0.108285 -0.565414 0.209043
v -0.108308 -0.635612 0.209351
v -0.102689 -0.846513 0.220492
v -0.106020 -0.285960 0.250858
v -0.135483 -0.343907 0.234089
v -0.139541 -0.789319 0.237290
v -0.129212 -0.303561 0.239149
v -0.138533 -0.412558 0.233833
v -0.139532 -0.483436 0.233963
v -0.140838 -0.554474 0.234247
v -0.141759 -0.624702 0.234466
v -0.125756 -0.830259 0.259053
v -0.158183 -1.004947 0.331398
v -0.198314 -1.007026 0.348896
v -0.242933 -1.001864 0.341035
v -0.292627 -0.993560 0.218178
v -0.276485 -0.994749 0.093567
v -0.255399 -0.996576 0.066381
v -0.225785 -0.998004 0.055872
v -0.193795 -0.997585 0.057791
v -0.292294 -0.992965 0.174645
v -0.287045 -0.993724 0.131118
v -0.119127 -1.000721 0.195208
v -0.124082 -1.000726 0.142124
v -0.138794 -1.000683 0.100647
v -0.161089 -0.998956 0.072632
v -0.289416 -0.994941 0.264128
v -0.276659 -0.997460 0.306356
v -0.122682 -1.001418 0.242417
v -0.133444 -1.002454 0.290157
v -0.175796 -1.001412 0.303635
v -0.201623 -1.001044 0.307096
v -0.232374 -1.000528 0.302766
v -0.259880 -0.999670 0.217340
v -0.249273 -1.000010 0.111809
v -0.241206 -0.999932 0.088042
v -0.220512 -0.999629 0.085872
v -0.196707 -0.998279 0.087579
v -0.258592 -0.999454 0.180973
v -0.254447 -0.999963 0.144152
v -0.152360 -0.999790 0.194592
v -0.155578 -0.999721 0.151298
v -0.163706 -0.999958 0.117137
v -0.172083 -0.998322 0.093158
v -0.259678 -0.999786 0.253905
v -0.256982 -1.000163 0.283343
v -0.156244 -1.000456 0.232708
v -0.164151 -1.000515 0.270786
v -0.229241 -1.000021 0.266288
v -0.196188 -0.999637 0.268400
v -0.227495 -0.999926 0.225309
v -0.193525 -0.999577 0.225954
v -0.227859 -0.999844 0.186501
v -0.196430 -0.999223 0.185756
v -0.225627 -1.000071 0.147245
v -0.197057 -0.999328 0.145307
v -0.223291 -1.000161 0.114192
v -0.197571 -0.999915 0.114472
v -0.320047 -0.966559 0.216420
v -0.321927 -0.967396 0.167590
v -0.088102 -0.982948 0.190832
v -0.090243 -0.979433 0.246287
v -0.193393 -0.977950 0.405480
v -0.261004 -0.973511 0.384152
v -0.317949 -0.971184 0.118819
v -0.100200 -0.976469 0.306125
v -0.131955 -0.976862 0.370052
v -0.315932 -0.967377 0.269151
v -0.092962 -0.986825 0.131421
v -0.302304 -0.969834 0.324369
v -0.110201 -0.990078 0.079246
v -0.304345 -0.975977 0.074867
v -0.187814 -0.987022 0.021104
v -0.142148 -0.989054 0.041448
v -0.275160 -0.980981 0.038002
v -0.234809 -0.984469 0.020209
v -0.300668 -0.683543 0.013769
v -0.299582 -0.745612 0.013664
v -0.189139 -0.700314 -0.015237
v -0.187628 -0.758044 -0.014585
v -0.330137 -0.675305 0.059704
v -0.328872 -0.738424 0.059887
v -0.309935 -0.669030 0.191516
v -0.307471 -0.733494 0.192760
v -0.182122 -0.676264 0.244191
v -0.181328 -0.733538 0.241829
v -0.083616 -0.705633 0.170424
v -0.084693 -0.762473 0.171775
v -0.073873 -0.714466 0.119205
v -0.074167 -0.771369 0.121131
v -0.252638 -0.752546 -0.010738
v -0.253679 -0.692338 -0.011029
v -0.124635 -0.765146 0.008843
v -0.125524 -0.709103 0.008180
v -0.085467 -0.771787 0.058250
v -0.085845 -0.715932 0.057227
v -0.332171 -0.733712 0.153367
v -0.333550 -0.669112 0.152087
v -0.224525 -0.732266 0.242891
v -0.227382 -0.670063 0.244111
v -0.340060 -0.734220 0.106178
v -0.341217 -0.669841 0.105363
v -0.265725 -0.733401 0.229635
v -0.269269 -0.668377 0.229179
v -0.108424 -0.695457 0.209029
v -0.109679 -0.750873 0.208816
v -0.141945 -0.685324 0.233677
v -0.142848 -0.740173 0.232224
v 0.091713 1.265862 0.368454
v 0.090700 1.047419 0.380185
v 0.087575 0.937569 0.366509
v 0.116199 0.806412 0.312725
v 0.295033 0.890205 0.196308
v 0.315367 0.926530 0.183043
v 0.332845 0.994506 0.181913
v 0.347068 1.074273 0.174055
v 0.357468 1.164935 0.151072
v 0.345728 1.283794 0.131985
v 0.267721 1.309933 0.255934
v 0.133680 1.313447 0.342872
v 0.126618 0.891811 0.343326
v 0.136066 1.104747 0.369552
v 0.176566 1.262563 0.339005
v 0.179027 1.159920 0.350760
v 0.176907 1.052323 0.350015
v 0.170944 0.947524 0.338006
v 0.160584 0.853605 0.313920
v 0.247943 1.261909 0.291619
v 0.254255 1.163170 0.300611
v 0.251417 1.060474 0.301581
v 0.242757 0.962884 0.293051
v 0.229563 0.875962 0.273456
v 0.284155 1.216292 0.264625
v 0.285055 1.115329 0.271401
v 0.277684 1.017581 0.270461
v 0.265401 0.929489 0.259815
v 0.081752 0.839798 0.339542
v 0.092220 1.158806 0.381456
v 0.132839 0.994698 0.362559
v 0.136529 1.212526 0.364226
v 0.000000 1.266702 0.378902
v 0.000000 1.045715 0.390494
v 0.000000 0.933759 0.375998
v 0.000000 0.833820 0.347320
v 0.000000 1.158372 0.392055
v 0.250479 0.854526 0.237133
v 0.311418 1.325876 0.180226
v 0.336999 1.222055 0.182710
v 0.334941 1.120031 0.200884
v 0.323803 1.029887 0.209907
v 0.309141 0.951342 0.208402
v 0.282145 0.904486 0.226660
v 0.296614 0.981233 0.238559
v 0.308217 1.070309 0.240201
v 0.314120 1.168543 0.232066
v 0.304565 1.270011 0.223322
v 0.233955 1.378072 0.250008
v 0.130636 1.397553 0.299202
v 0.259650 1.407335 0.181791
v 0.301864 1.381646 0.136614
v 0.272155 1.358601 0.219469
v 0.170694 1.351295 0.311222
v 0.088988 1.363884 0.334101
v 0.231660 1.342211 0.276730
v 0.000000 1.367449 0.343209
v 0.369619 1.038225 0.093798
v 0.359917 0.962638 0.037581
v 0.364693 1.001270 -0.071355
v 0.387769 1.145937 -0.037135
v 0.389162 1.139189 0.014695
v 0.385203 1.111615 0.049735
v 0.365341 1.110861 0.132601
v 0.379042 1.069295 0.067780
v 0.369589 1.013673 0.071272
v 0.358135 0.958393 -0.017991
v 0.373661 1.057184 -0.087136
v 0.379759 1.108311 -0.084255
v 0.385611 1.059094 0.010059
v 0.386186 1.067106 -0.020734
v 0.391268 1.109264 -0.012412
v 0.391336 1.109833 0.005459
v 0.389953 1.100150 0.019899
v 0.388160 1.084604 0.024984
v 0.386530 1.068890 0.021549
v 0.385413 1.057948 -0.006642
v 0.387959 1.082436 -0.026816
v 0.389829 1.098053 -0.024189
v 0.389868 1.117305 -0.005689
v 0.388314 1.119545 0.026404
v 0.385669 1.088931 -0.038945
v 0.386164 1.123465 -0.052554
v 0.381477 1.048055 0.024361
v 0.369701 0.990102 0.006373
v 0.384022 1.069561 0.032444
v 0.384316 1.090931 0.047890
v 0.380444 1.043479 -0.021816
v 0.375443 1.041151 -0.064085
v 0.352651 0.967048 0.099785
v 0.385756 1.141317 0.048002
v 0.352982 1.034498 0.149516
v 0.379022 1.095647 0.079634
v 0.335899 0.961632 0.156971
v 0.374895 1.186217 0.092314
v 0.378098 1.133660 0.088911
v 0.354905 1.000257 0.125159
v 0.368500 1.069386 0.114221
v 0.385119 1.180971 0.038111
v 0.384900 1.202287 -0.033574
v 0.388659 1.166324 -0.004730
v 0.382159 1.171620 -0.073710
v 0.361954 1.174271 -0.155804
v 0.374026 1.139057 -0.113822
v 0.371711 1.209374 -0.114564
v 0.325631 1.174050 -0.236400
v 0.346784 1.138721 -0.194550
v 0.343259 1.211303 -0.198014
v 0.269774 1.173425 -0.309405
v 0.301665 1.136867 -0.271289
v 0.297284 1.210717 -0.275473
v 0.192790 1.174835 -0.367183
v 0.100195 1.178664 -0.403570
v 0.148244 1.139063 -0.386594
v 0.146858 1.213583 -0.387112
v -0.000000 1.181744 -0.416022
v 0.262576 1.247243 -0.308409
v 0.354722 1.248532 -0.156329
v 0.375690 1.243848 -0.070263
v 0.314354 1.400378 0.039635
v 0.336748 1.346934 0.086299
v 0.277098 1.431278 0.091064
v 0.311782 1.404909 -0.058286
v 0.341059 1.362938 -0.012236
v 0.281509 1.441749 -0.008104
v 0.296227 1.396489 -0.149830
v 0.329559 1.364585 -0.106815
v 0.275120 1.435842 -0.104683
v 0.268673 1.381962 -0.227620
v 0.303677 1.357260 -0.192520
v 0.257972 1.418565 -0.191222
v 0.231875 1.371548 -0.283119
v 0.265273 1.348114 -0.262968
v 0.234140 1.397206 -0.257148
v 0.174160 1.379690 -0.318592
v 0.093443 1.388560 -0.344219
v 0.137706 1.353776 -0.351130
v 0.136212 1.413805 -0.309155
v -0.000000 1.389389 -0.355312
v 0.381749 1.227859 0.014804
v 0.369867 1.250047 0.073176
v 0.372689 1.277222 -0.020966
v 0.359286 1.285959 -0.111342
v 0.330311 1.286012 -0.196655
v 0.285443 1.283377 -0.271987
v 0.142680 1.285757 -0.375907
v 0.317459 1.248216 -0.237563
v 0.360391 1.310937 0.032547
v 0.355490 1.324090 -0.063058
v 0.334959 1.324670 -0.153048
v 0.299455 1.319716 -0.233113
v 0.249284 1.315923 -0.298573
v 0.181060 1.318330 -0.347366
v 0.095488 1.321968 -0.378827
v 0.000000 1.321790 -0.390277
v 0.188487 1.248502 -0.363156
v 0.098437 1.251559 -0.397494
v 0.000000 1.252763 -0.409104
v 0.144466 1.492554 0.144337
v 0.093652 1.488132 0.192543
v 0.000000 1.446018 0.280614
v 0.184146 1.459790 0.187168
v 0.150134 1.511240 0.044951
v 0.099335 1.516018 0.096241
v 0.000000 1.525387 0.096657
v 0.194560 1.486484 0.094541
v 0.151256 1.512570 -0.057988
v 0.101847 1.526560 -0.006826
v 0.000000 1.536465 -0.007362
v 0.198390 1.496193 -0.006570
v 0.148376 1.496074 -0.157151
v 0.101670 1.519390 -0.110213
v 0.000000 1.529655 -0.111980
v 0.196215 1.488413 -0.106725
v 0.000000 1.502006 -0.211661
v 0.099129 1.492870 -0.207256
v 0.188067 1.464805 -0.198109
v 0.000000 1.452652 -0.296220
v 0.095132 1.447553 -0.287810
v 0.176955 1.428449 -0.270706
v 0.141943 1.462281 -0.244172
v 0.088549 1.439570 0.274230
v 0.000000 1.496488 0.195484
v 0.172330 1.416440 0.261338
v 0.135400 1.456017 0.231623
v 0.369295 1.078902 -0.116800
v 0.343295 1.071129 -0.187730
v 0.298991 1.065468 -0.260421
v 0.145948 1.063761 -0.374615
v 0.360928 1.106440 -0.153498
v 0.326133 1.102538 -0.229599
v 0.270665 1.099867 -0.301759
v 0.192805 1.099899 -0.360453
v 0.099854 1.103884 -0.398006
v 0.000000 1.108645 -0.411353
v 0.360990 1.020063 -0.108326
v 0.333264 1.004083 -0.174276
v 0.287566 0.994431 -0.242374
v 0.137937 0.990739 -0.349766
v 0.354338 1.043284 -0.147352
v 0.319773 1.033650 -0.217029
v 0.263776 1.027132 -0.286104
v 0.186797 1.025272 -0.342722
v 0.096391 1.029760 -0.379896
v 0.000000 1.036234 -0.394110
v 0.331032 0.925040 0.136295
v 0.289004 0.851952 0.160537
v 0.231731 0.797617 0.200965
v 0.101313 0.752716 0.279032
v 0.310248 0.896410 0.168233
v 0.269006 0.845120 0.199517
v 0.212335 0.806466 0.242747
v 0.145338 0.782900 0.281726
v 0.073076 0.771192 0.306239
v -0.000000 0.766874 0.313852
v 0.340600 0.921961 0.077647
v 0.280550 0.825348 0.104234
v 0.191103 0.752631 0.158428
v 0.078260 0.720870 0.244762
v 0.313944 0.878648 0.119903
v 0.250277 0.800100 0.153866
v 0.183567 0.756909 0.204505
v 0.121218 0.738510 0.246528
v 0.060733 0.732706 0.272386
v -0.000000 0.731940 0.281478
v 0.342756 0.950585 -0.087901
v 0.310551 0.933038 -0.154378
v 0.263146 0.924634 -0.216438
v 0.123286 0.925420 -0.311166
v 0.340650 0.976636 -0.131832
v 0.303276 0.963576 -0.198000
v 0.246215 0.955747 -0.261194
v 0.172425 0.954568 -0.312353
v 0.088514 0.960726 -0.347707
v 0.000000 0.968593 -0.363156
v -0.000000 0.703590 0.131732
v 0.175253 0.744099 0.114937
v 0.045728 0.705168 0.219396
v 0.044207 0.711207 0.240678
v 0.082666 0.712285 0.214941
v -0.000000 0.700644 0.211823
v -0.000000 0.710716 0.247081
v 0.189029 0.824919 0.280118
v 0.209467 1.306126 0.308326
v 0.217245 1.212355 0.324198
v 0.217907 1.108765 0.329254
v 0.213067 1.004179 0.323809
v 0.203355 0.907572 0.307718
v 0.202108 1.375710 0.278653
v 0.234658 1.136549 -0.338178
v 0.231416 1.210934 -0.340685
v 0.211574 1.347210 -0.314936
v 0.204391 1.396535 -0.285787
v 0.223140 1.282957 -0.332889
v 0.217435 1.429920 -0.231325
v 0.233148 1.455669 -0.151317
v 0.241247 1.470549 -0.056881
v 0.241275 1.469642 0.043227
v 0.232466 1.451436 0.140505
v 0.215339 1.419679 0.222526
v 0.231953 1.062440 -0.326216
v 0.220581 0.989164 -0.304122
v 0.167932 0.766821 0.245821
v 0.130771 0.728457 0.210055
v 0.198847 0.921598 -0.270296
v 0.082617 0.757903 -0.057157
v 0.096860 0.748946 -0.028737
v 0.126594 0.721768 0.172463
v 0.104300 0.716153 0.137878
v 0.071590 0.706196 0.184442
v 0.000000 0.698880 0.173813
v 0.316272 0.869192 0.058540
v 0.314731 0.869089 -0.005616
v 0.299532 0.867295 -0.068588
v 0.268879 0.863341 -0.128328
v 0.224817 0.863175 -0.181605
v 0.097874 0.738297 0.003272
v 0.168598 0.866251 -0.226710
v 0.104217 0.873100 -0.262496
v 0.341841 0.915461 0.017402
v 0.334692 0.914336 -0.045347
v 0.309506 0.901622 -0.110968
v 0.270591 0.894084 -0.171901
v 0.216374 0.891493 -0.226047
v 0.150120 0.894128 -0.269941
v 0.076756 0.902322 -0.302686
v 0.000000 0.910711 -0.319171
v 0.239374 0.783580 0.079212
v 0.246811 0.794862 0.012428
v 0.238665 0.803849 -0.044806
v 0.216052 0.811029 -0.095953
v 0.181063 0.818046 -0.140906
v 0.084538 0.726745 0.035701
v 0.136155 0.825507 -0.179096
v 0.084399 0.833869 -0.210349
v 0.283943 0.825389 0.035808
v 0.278891 0.830697 -0.027520
v 0.258447 0.833257 -0.085736
v 0.224606 0.836379 -0.138063
v 0.178796 0.841127 -0.183367
v 0.123952 0.847820 -0.220760
v 0.063400 0.857026 -0.250525
v 0.000000 0.864831 -0.267054
v 0.140762 0.733299 0.082876
v 0.166953 0.750742 0.028642
v 0.173321 0.765279 -0.018924
v 0.163155 0.777028 -0.061572
v 0.139653 0.786950 -0.099538
v 0.053522 0.715347 0.065955
v 0.106379 0.795822 -0.132203
v 0.066523 0.803996 -0.158941
v 0.201490 0.761954 0.050143
v 0.208515 0.776037 -0.006390
v 0.199197 0.787282 -0.056011
v 0.175868 0.796705 -0.100104
v 0.141249 0.805350 -0.138482
v 0.098582 0.813750 -0.170659
v 0.050629 0.822469 -0.196805
v 0.000000 0.828866 -0.211726
v 0.049608 0.713961 0.083738
v 0.096288 0.728585 0.044081
v 0.115410 0.742376 0.006987
v 0.117054 0.754447 -0.028366
v 0.104638 0.764730 -0.060805
v -0.000000 0.708258 0.085472
v 0.081850 0.773356 -0.088675
v 0.052113 0.780179 -0.110222
v 0.046105 1.102893 0.390220
v 0.046505 1.213018 0.384915
v 0.042745 0.882879 0.361296
v 0.044894 0.989591 0.382400
v 0.045682 1.318264 0.361914
v 0.038881 0.796321 0.328401
v 0.044199 1.409524 0.312902
v 0.050599 1.144022 -0.411929
v 0.050267 1.216972 -0.410939
v 0.047811 1.356183 -0.372182
v 0.047713 1.421569 -0.326441
v 0.049077 1.287452 -0.398442
v 0.048561 1.511146 0.146678
v 0.050724 1.530614 0.045058
v 0.051389 1.532928 -0.059571
v 0.050869 1.516112 -0.162109
v 0.049367 1.478105 -0.254872
v 0.045291 1.472589 0.239068
v 0.049696 1.070190 -0.400763
v 0.046841 0.999014 -0.376408
v 0.033767 0.747828 0.295889
v 0.026626 0.719796 0.262201
v 0.041738 0.935336 -0.337970
v 0.044338 0.702770 0.155835
v 0.021231 0.705065 0.229784
v 0.029692 0.700401 0.196049
v 0.067346 0.712636 0.109287
v 0.035252 0.883611 -0.288783
v 0.028590 0.843510 -0.234782
v 0.022624 0.811613 -0.179210
v 0.113294 0.729212 0.059600
v 0.017825 0.784457 -0.123530
v 0.138433 0.745346 0.014714
v 0.142732 0.758837 -0.025810
v 0.131521 0.770036 -0.062797
v 0.108222 0.779571 -0.095506
v 0.076794 0.787817 -0.122823
v 0.039785 0.794718 -0.143618
v 0.000000 0.798584 -0.153787
v 0.060397 0.765091 -0.080052
v 0.031685 0.769550 -0.095019
v 0.000000 0.770950 -0.101357
v 0.021705 0.699616 0.075956
v 0.057941 0.705504 0.057278
v 0.080072 0.713800 0.029165
v 0.088610 0.722429 -0.002202
v 0.082900 0.730427 -0.031798
v 0.066586 0.737257 -0.056507
v 0.043457 0.742064 -0.073778
v 0.014998 0.743872 -0.083708
v 0.389729 1.133151 -0.009890
v 0.388903 1.109664 0.017015
v 0.381031 1.085234 -0.068997
v 0.388336 1.110037 -0.028892
v 0.371726 1.006426 0.045910
v 0.380602 1.039417 0.002757
v 0.378767 1.051231 0.055376
v 0.386654 1.092241 0.030034
v 0.369227 0.998069 -0.039174
v 0.382797 1.064880 -0.036437
v 0.383676 1.076885 0.042381
v 0.381411 1.070166 -0.054392
v 0.388906 1.123710 -0.025563
v 0.375247 1.015194 -0.014228
v 0.376952 1.034655 -0.042906
v 0.387163 1.104095 0.031544
v 0.379165 1.042951 0.041313
v 0.376268 1.019413 0.021353
v 0.385449 1.103517 -0.050119
v 0.389547 1.121646 0.007964
v 0.398244 1.067621 0.007607
v 0.398920 1.074125 -0.015779
v 0.402845 1.105746 -0.009436
v 0.402801 1.106882 0.004883
v 0.401550 1.099115 0.017144
v 0.400000 1.086227 0.020891
v 0.398833 1.074485 0.017068
v 0.398237 1.067148 -0.004912
v 0.400252 1.085107 -0.020714
v 0.401753 1.096746 -0.018451
v 0.394058 1.090814 -0.021243
v 0.392526 1.078823 -0.019927
v 0.392401 1.079283 0.020543
v 0.393838 1.092972 0.020735
v 0.396078 1.108125 -0.002870
v 0.395410 1.102383 -0.015415
v 0.391499 1.069291 0.013575
v 0.395335 1.104326 0.012275
v 0.391168 1.065114 0.001557
v 0.391475 1.068597 -0.011377
v 0.416395 1.066308 0.008120
v 0.416848 1.073209 -0.016974
v 0.420440 1.107444 -0.010250
v 0.420398 1.108613 0.005225
v 0.419279 1.100088 0.018395
v 0.417940 1.086219 0.022366
v 0.416929 1.073667 0.018240
v 0.416320 1.065758 -0.005269
v 0.417983 1.085014 -0.022420
v 0.419370 1.097623 -0.020042
v 0.409469 1.090993 -0.020812
v 0.407961 1.079392 -0.019422
v 0.407826 1.079767 0.019914
v 0.409248 1.093050 0.020290
v 0.411505 1.107876 -0.002782
v 0.410844 1.102201 -0.015000
v 0.406956 1.070321 0.013022
v 0.410733 1.104195 0.012104
v 0.406629 1.066286 0.001483
v 0.406944 1.069623 -0.011008
v 0.437055 1.056439 0.011841
v 0.436547 1.066296 -0.023906
v 0.437953 1.116428 -0.014478
v 0.437815 1.117859 0.007439
v 0.437434 1.105416 0.026383
v 0.437099 1.085881 0.032289
v 0.436875 1.067774 0.026158
v 0.436842 1.055559 -0.007100
v 0.436699 1.083420 -0.031775
v 0.437287 1.102121 -0.028473
v 0.427347 1.078260 0.024287
v 0.428133 1.094394 0.024717
v 0.429543 1.112776 -0.003412
v 0.429029 1.105760 -0.018339
v 0.427966 1.091914 -0.025397
v 0.426913 1.066635 0.015892
v 0.429017 1.108055 0.014665
v 0.426669 1.061604 0.001854
v 0.426630 1.065752 -0.013333
v 0.427074 1.077672 -0.023639
v 0.455841 1.032091 0.020554
v 0.454610 1.048019 -0.039714
v 0.453839 1.136446 -0.024049
v 0.452759 1.138237 0.012872
v 0.453093 1.116961 0.045109
v 0.453786 1.084703 0.055707
v 0.454113 1.053437 0.044563
v 0.455799 1.030191 -0.010976
v 0.454031 1.077981 -0.053565
v 0.453878 1.111967 -0.048337
v 0.446061 1.052108 0.026170
v 0.445473 1.072671 0.040110
v 0.445307 1.120610 0.023956
v 0.445878 1.129120 -0.005097
v 0.446847 1.042353 0.003966
v 0.445934 1.049555 -0.020725
v 0.445768 1.098448 0.041587
v 0.445580 1.068617 -0.038059
v 0.445349 1.093823 -0.041135
v 0.445888 1.117629 -0.029846
v 0.477533 1.006770 0.029670
v 0.476173 1.029548 -0.059906
v 0.472967 1.158306 -0.034983
v 0.470437 1.161233 0.019271
v 0.471164 1.131696 0.064538
v 0.473508 1.083831 0.081183
v 0.475578 1.036872 0.066721
v 0.477433 1.004128 -0.018011
v 0.475529 1.074486 -0.080342
v 0.475019 1.124106 -0.072296
v 0.464584 1.029734 0.042095
v 0.462852 1.063558 0.064618
v 0.460147 1.139455 0.037642
v 0.461112 1.152280 -0.007313
v 0.466061 1.014441 0.005890
v 0.464698 1.025233 -0.033418
v 0.461877 1.104708 0.065581
v 0.463838 1.055695 -0.061099
v 0.463125 1.097306 -0.066402
v 0.462854 1.135176 -0.047882
v 0.513783 0.985543 0.038470
v 0.513802 1.013870 -0.078865
v 0.509520 1.181406 -0.044627
v 0.506359 1.186465 0.025473
v 0.507080 1.149188 0.083550
v 0.509884 1.086000 0.105266
v 0.512396 1.023948 0.087264
v 0.513849 0.981793 -0.024309
v 0.514162 1.072628 -0.105256
v 0.513180 1.137085 -0.093723
v 0.485327 1.161600 0.051772
v 0.486651 1.177198 -0.009408
v 0.493495 0.989580 0.006727
v 0.492596 1.008947 0.058617
v 0.492715 1.002866 -0.047937
v 0.487589 1.113876 0.088958
v 0.492265 1.045284 -0.085885
v 0.492054 1.102810 -0.093114
v 0.490319 1.055645 0.089828
v 0.490402 1.154216 -0.066100
v 0.567817 0.975535 0.043524
v 0.570912 1.006681 -0.087136
v 0.565812 1.194041 -0.048399
v 0.563622 1.200427 0.028099
v 0.564636 1.159457 0.092587
v 0.566138 1.088521 0.117335
v 0.567075 1.018677 0.097736
v 0.568991 0.970994 -0.026444
v 0.571772 1.072479 -0.115977
v 0.569799 1.144483 -0.102319
v 0.539469 0.971539 0.008305
v 0.538891 0.994967 0.071411
v 0.540067 0.986747 -0.058102
v 0.535187 1.123382 0.107403
v 0.533160 1.181170 0.062513
v 0.541082 1.038152 -0.103993
v 0.540936 1.108111 -0.111943
v 0.537377 1.051902 0.108905
v 0.533974 1.198752 -0.010889
v 0.537997 1.170371 -0.078383
v 0.624467 0.984213 0.040766
v 0.631163 1.013666 -0.077719
v 0.626215 1.186251 -0.043680
v 0.624546 1.192488 0.025373
v 0.625348 1.154504 0.084534
v 0.624990 1.088441 0.107970
v 0.623775 1.023628 0.090526
v 0.627581 0.980709 -0.023061
v 0.632068 1.073668 -0.103663
v 0.629821 1.139951 -0.091734
v 0.600845 0.986090 -0.057712
v 0.597910 0.970419 0.009200
v 0.596524 1.125671 0.108771
v 0.595479 1.184517 0.062748
v 0.603059 1.038233 -0.103579
v 0.602386 1.109240 -0.111195
v 0.596313 1.052244 0.110967
v 0.595732 1.201883 -0.010782
v 0.599052 1.172664 -0.077571
v 0.596591 0.994226 0.073140
v 0.666120 1.007239 0.031926
v 0.672307 1.030678 -0.055666
v 0.668038 1.162414 -0.032729
v 0.667196 1.167347 0.018683
v 0.668907 1.137120 0.063236
v 0.668564 1.086480 0.080993
v 0.666146 1.036945 0.068777
v 0.669179 1.005573 -0.015455
v 0.673230 1.075557 -0.075233
v 0.671313 1.125864 -0.067339
v 0.650153 1.118827 0.089897
v 0.649217 1.168698 0.051612
v 0.655657 1.046093 -0.082804
v 0.653213 1.003187 -0.045714
v 0.654892 1.104797 -0.089675
v 0.648305 1.056991 0.092621
v 0.648730 1.183917 -0.009323
v 0.651653 1.158341 -0.063200
v 0.647175 1.008424 0.061731
v 0.649260 0.989368 0.008894
v 0.686990 1.029434 0.021618
v 0.690483 1.045198 -0.035430
v 0.690212 1.133825 -0.020444
v 0.689727 1.137019 0.012850
v 0.690313 1.116253 0.041771
v 0.689772 1.082164 0.052882
v 0.687780 1.049267 0.044885
v 0.688461 1.028293 -0.008781
v 0.691699 1.075628 -0.048754
v 0.691493 1.109450 -0.043244
v 0.684598 1.056052 -0.055217
v 0.682618 1.026068 -0.029594
v 0.684519 1.097032 -0.060472
v 0.680592 1.062939 0.063827
v 0.682249 1.106374 0.061873
v 0.680550 1.153764 -0.006277
v 0.682524 1.134956 -0.042657
v 0.678664 1.028744 0.043236
v 0.681354 1.142267 0.035876
v 0.679913 1.015893 0.007515
v 0.694230 1.042394 0.015330
v 0.695880 1.051733 -0.024201
v 0.698434 1.112860 -0.012987
v 0.698252 1.114538 0.008793
v 0.697816 1.100771 0.028230
v 0.696728 1.078234 0.036011
v 0.695172 1.056340 0.030685
v 0.694649 1.040599 -0.005409
v 0.697353 1.073653 -0.033420
v 0.698335 1.097324 -0.028834
v 0.693408 1.065754 0.041978
v 0.694804 1.094442 0.041109
v 0.695206 1.126282 -0.003318
v 0.695760 1.114357 -0.027145
v 0.695747 1.089298 -0.039904
v 0.691738 1.043039 0.028858
v 0.695158 1.118456 0.023871
v 0.691747 1.033735 0.005905
v 0.693088 1.039969 -0.018869
v 0.694665 1.060447 -0.036697
v 0.698746 1.055953 0.009066
v 0.699759 1.062212 -0.013437
v 0.701685 1.095725 -0.007024
v 0.701586 1.096738 0.005318
v 0.701081 1.089236 0.016233
v 0.700211 1.076619 0.020870
v 0.699260 1.064056 0.018087
v 0.698991 1.055280 -0.003023
v 0.700679 1.074363 -0.018312
v 0.701393 1.087137 -0.015856
v 0.700378 1.105980 -0.001727
v 0.700340 1.098897 -0.016843
v 0.699727 1.083333 -0.025284
v 0.696899 1.053573 0.019114
v 0.698048 1.068224 0.027384
v 0.700092 1.101115 0.015272
v 0.696672 1.047093 0.004181
v 0.697359 1.051010 -0.012050
v 0.699252 1.086251 0.026554
v 0.698527 1.064446 -0.023517
v 0.701114 1.066544 0.004393
v 0.701586 1.069745 -0.005919
v 0.702564 1.084583 -0.002971
v 0.702521 1.085047 0.002684
v 0.702213 1.081722 0.007747
v 0.701746 1.075983 0.010056
v 0.701313 1.070188 0.008772
v 0.701235 1.066427 -0.001264
v 0.702002 1.075135 -0.008038
v 0.702360 1.080738 -0.006968
v 0.702252 1.086924 -0.008247
v 0.701855 1.079305 -0.012255
v 0.700302 1.064075 0.010138
v 0.700842 1.071635 0.014492
v 0.702102 1.088208 0.008047
v 0.702347 1.090501 -0.000588
v 0.700238 1.060968 0.002214
v 0.700642 1.063514 -0.005990
v 0.701543 1.080840 0.013774
v 0.701265 1.070470 -0.011388
v 0.701920 1.074099 0.005829
v 0.701736 1.071341 0.004130
v 0.702432 1.080149 0.003306
v 0.702539 1.080980 0.000132
v 0.701717 1.070261 0.001128
v 0.701852 1.071219 -0.001898
v 0.702190 1.077486 0.005517
v 0.702074 1.073762 -0.003862
v 0.702302 1.076960 -0.004167
v 0.702480 1.079715 -0.002688
v 0.022026 0.645011 0.088045
v 0.060427 0.645513 0.070144
v 0.086102 0.645825 0.040021
v 0.096468 0.644910 0.006038
v 0.089927 0.644770 -0.026677
v 0.071565 0.646237 -0.053381
v 0.046979 0.647847 -0.071209
v 0.016574 0.647451 -0.081185
v 0.075116 0.690250 -0.041334
v 0.055636 0.694185 -0.062246
v 0.000000 0.696264 -0.080739
v 0.000000 0.673781 0.080902
v 0.029835 0.696471 -0.075156
v 0.039647 0.674810 0.072591
v 0.069391 0.678209 0.049190
v 0.085596 0.682043 0.018066
v 0.087230 0.685843 -0.013646
v 0.028919 0.581060 0.162989
v 0.083442 0.585614 0.141368
v 0.134902 0.587057 0.104267
v 0.173380 0.592248 0.051656
v 0.176666 0.586582 0.006024
v 0.142588 0.571023 -0.047865
v 0.086651 0.563899 -0.087836
v 0.028252 0.554762 -0.108936
v 0.139862 0.591178 -0.025560
v 0.069327 0.618434 -0.064102
v 0.037251 0.617437 -0.080109
v 0.000000 0.615485 -0.086109
v 0.000000 0.594843 0.146036
v 0.045496 0.625262 0.095409
v 0.081746 0.625697 0.069098
v 0.105213 0.624064 0.034605
v 0.110300 0.620731 -0.002015
v 0.094848 0.618613 -0.038389
v 0.100039 0.586032 -0.065673
v 0.050625 0.579705 -0.091914
v 0.000000 0.574845 -0.100974
v 0.000000 0.624426 0.105810
v 0.052568 0.597962 0.134069
v 0.099333 0.600873 0.105377
v 0.138891 0.601334 0.064972
v 0.152063 0.600564 0.021381
v 0.124885 0.606473 -0.011804
v 0.128295 0.611164 0.030531
v 0.106844 0.613117 0.068883
v 0.070080 0.612702 0.101720
v 0.024831 0.610168 0.122024
v 0.022075 0.596117 -0.089915
v 0.064090 0.600277 -0.075946
v 0.100200 0.602703 -0.050185
v 0.035753 0.468831 0.257024
v 0.060620 0.568467 0.172355
v 0.039083 0.369628 0.311626
v 0.000000 0.396580 0.300190
v 0.040821 0.298553 0.345277
v 0.000000 0.337235 0.329514
v 0.079441 0.335312 0.321647
v 0.042711 0.212976 0.381584
v 0.000000 0.256235 0.366109
v 0.083415 0.257452 0.356410
v 0.045028 0.122709 0.412980
v 0.000000 0.167508 0.401015
v 0.086495 0.170253 0.390631
v 0.170864 0.172903 0.360374
v 0.133593 0.127164 0.391803
v 0.127111 0.215470 0.361768
v 0.245104 0.169765 0.303652
v 0.214895 0.129840 0.349221
v 0.206039 0.212989 0.322334
v 0.116709 0.571202 0.144031
v 0.173155 0.566644 0.105755
v 0.297951 0.163508 0.212969
v 0.280482 0.127615 0.267098
v 0.270080 0.204832 0.248825
v 0.302766 0.155542 0.036566
v 0.317616 0.118922 0.066683
v 0.265212 0.156358 -0.027612
v 0.993439 0.111851 -0.010209
v 0.927973 0.036487 0.009933
v 0.192571 0.153190 -0.091781
v 0.239768 0.116578 -0.061556
v 0.228045 0.193257 -0.062851
v 0.094882 0.151834 -0.130640
v 0.152446 0.114502 -0.117568
v 0.140863 0.187464 -0.114467
v 0.000000 0.157414 -0.141686
v 0.045039 0.126150 -0.140170
v 0.045186 0.187730 -0.138873
v 0.163770 0.255447 0.329100
v 0.155559 0.329327 0.297809
v 0.121037 0.296529 0.328167
v 0.115611 0.365123 0.296506
v 0.105633 0.468494 0.240914
v 0.234893 0.247634 0.278840
v 0.222332 0.319842 0.254163
v 0.224039 0.447345 0.166957
v 0.195664 0.289544 0.293833
v 0.186411 0.357225 0.265047
v 0.171405 0.460743 0.210800
v 0.000000 0.532964 0.213958
v 0.288010 0.445188 0.103270
v 0.126860 0.536636 0.178276
v 0.183306 0.528698 0.142270
v 0.160294 0.512881 0.176931
v 0.100101 0.517507 0.207900
v 0.034266 0.515396 0.225441
v 0.000000 0.528765 -0.120806
v 0.000000 0.474114 -0.133073
v 0.000000 0.411682 -0.138287
v 0.000000 0.564720 0.184266
v -0.000000 0.289368 -0.141447
v 0.062044 0.536358 -0.110222
v 0.032814 0.505266 -0.125591
v 0.099805 0.516613 -0.105435
v 0.160888 0.524867 -0.066514
v 0.125592 0.546333 -0.078287
v 0.181840 0.550501 -0.035223
v 0.069964 0.482680 -0.123722
v 0.036965 0.446255 -0.134069
v 0.109372 0.458062 -0.115915
v 0.173548 0.467407 -0.078436
v 0.137446 0.493756 -0.095112
v 0.193348 0.499302 -0.053950
v 0.076778 0.419850 -0.129376
v 0.149415 0.430523 -0.101010
v 0.039951 0.382786 -0.137232
v 0.118659 0.392914 -0.118576
v 0.190361 0.405256 -0.075889
v 0.208955 0.441074 -0.056014
v -0.000000 0.350833 -0.140360
v 0.000000 0.221929 -0.141770
v 0.082362 0.357392 -0.130709
v 0.042393 0.322751 -0.138427
v 0.128072 0.331949 -0.117079
v 0.207558 0.346338 -0.066720
v 0.162666 0.369052 -0.098563
v 0.227989 0.386951 -0.043275
v 0.256133 0.279133 0.232221
v 0.296737 0.263696 0.060295
v 0.934676 0.045367 -0.011041
v 0.220958 0.268482 -0.063860
v 0.137314 0.261283 -0.114596
v 0.044214 0.256572 -0.138853
v 0.285368 0.237791 0.201270
v 0.292349 0.229549 0.034228
v 0.255438 0.232383 -0.030854
v 0.185315 0.227067 -0.092081
v 0.090718 0.222352 -0.129867
v 0.065905 0.536212 0.203454
v 0.242022 0.346027 0.210789
v 0.283620 0.327239 0.055419
v 1.004666 0.126253 0.019951
v 0.150540 0.552455 0.143697
v 0.269226 0.308593 0.188787
v 0.280799 0.300430 0.032626
v 0.245684 0.310948 -0.030971
v 0.176785 0.303010 -0.093919
v 0.087861 0.293563 -0.130282
v 0.072699 0.444548 0.265617
v 0.142580 0.440272 0.242807
v 0.204489 0.429265 0.204442
v 0.000000 0.492352 0.243611
v 0.135198 0.491726 0.211043
v 0.194230 0.481497 0.174295
v 0.069506 0.494269 0.234368
v 0.000000 0.443617 0.274308
v 0.076068 0.395247 0.292362
v 0.148765 0.389813 0.269460
v 0.212133 0.379936 0.229000
v 0.178769 0.410775 0.239417
v 0.110567 0.418525 0.269641
v 0.037378 0.420010 0.285618
v 0.093559 0.554356 0.177155
v 0.032175 0.550520 0.196713
v 0.238432 0.540508 -0.014715
v 0.206318 0.565526 -0.007539
v 0.214065 0.524715 -0.031802
v 0.296206 0.519090 -0.012284
v 0.391073 0.469262 -0.021101
v 0.367108 0.497037 -0.006609
v 0.321233 0.489033 -0.021022
v 0.443006 0.441448 -0.026772
v 0.419271 0.469705 -0.011532
v 0.413507 0.438224 -0.032111
v 0.235245 0.548492 0.086053
v 0.207878 0.539753 0.111390
v 0.201290 0.574333 0.073193
v 0.294095 0.526529 0.078483
v 0.393337 0.482841 0.077133
v 0.367079 0.477354 0.088031
v 0.319076 0.529357 0.061566
v 0.448292 0.457113 0.079443
v 0.417748 0.453919 0.090543
v 0.422424 0.481820 0.062198
v 0.204509 0.583324 0.031664
v 0.368951 0.513421 0.027448
v 0.422569 0.487216 0.024859
v 0.235077 0.567711 0.013088
v 0.295460 0.542932 0.012425
v 0.393934 0.494511 0.007668
v 0.449035 0.466918 0.003443
v 0.233779 0.571683 0.049568
v 0.294757 0.546941 0.045640
v 0.395021 0.501004 0.044641
v 0.451323 0.474054 0.043589
v 0.319781 0.445967 -0.023648
v 0.405199 0.399203 -0.035257
v 0.433177 0.404908 -0.039394
v 0.386310 0.432420 -0.033029
v 0.297916 0.477861 -0.023253
v 0.318887 0.413763 -0.008261
v 0.398850 0.367402 -0.017614
v 0.423770 0.367693 -0.031220
v 0.380312 0.394896 -0.025423
v 0.298035 0.436173 -0.016992
v 0.364094 0.436261 0.094581
v 0.409675 0.415156 0.097981
v 0.389644 0.446419 0.095550
v 0.439017 0.423277 0.099809
v 0.293062 0.487021 0.099159
v 0.401490 0.379275 0.082866
v 0.383343 0.406866 0.089637
v 0.428046 0.383777 0.095184
v 0.419776 0.355056 0.076234
v 0.378081 0.379494 0.071580
v 0.243938 0.495829 -0.028514
v 0.223635 0.472321 -0.040788
v 0.251140 0.446774 -0.026501
v 0.238457 0.420444 -0.032126
v 0.260941 0.407342 -0.008829
v 0.254663 0.379757 -0.007746
v 0.214433 0.498968 0.139205
v 0.238702 0.509936 0.113045
v 0.311883 0.420248 0.087938
v 0.246751 0.415659 0.151938
v 0.242015 0.464696 0.133368
v 0.254673 0.367247 0.169585
v 0.231630 0.398695 0.189094
v 0.279696 0.372148 0.056883
v 0.282093 0.400670 0.012039
v 0.273126 0.356990 0.035847
v 0.415291 0.336092 0.021525
v 0.375481 0.361860 0.022752
v 0.394872 0.350110 0.036635
v 0.301984 0.395737 0.052719
v 0.302059 0.397219 0.026580
v 0.320117 0.392540 0.038077
v 0.315216 0.194606 0.113604
v 0.276202 0.355363 0.120429
v 0.291772 0.300364 0.133859
v 0.306846 0.232161 0.140640
v 0.318199 0.159971 0.147486
v 0.292636 0.117316 0.008145
v 0.976023 0.090671 -0.025596
v 1.004851 0.123745 0.050005
v 0.993276 0.105231 0.073391
v 0.971887 0.079479 0.083224
v 0.271398 0.382787 0.022168
v 0.263185 0.341126 0.004842
v 0.272393 0.268319 0.003147
v 0.282237 0.194652 0.003464
v 0.274959 0.401203 0.106751
v 0.286965 0.389183 0.040710
v 0.417911 0.344042 -0.007313
v 0.376589 0.370524 -0.003428
v 0.299838 0.409790 0.002828
v 0.319646 0.396947 0.014055
v 0.395422 0.351812 0.007808
v 0.305838 0.198000 0.171947
v 0.266296 0.545635 -0.001124
v 0.270178 0.511108 -0.019777
v 0.266722 0.518759 0.095036
v 0.264846 0.551835 0.064737
v 0.266153 0.560331 0.029623
v 0.272489 0.464388 -0.024100
v 0.276873 0.425282 -0.011431
v 0.265210 0.477058 0.111033
v 0.263765 0.431975 0.121589
v 0.316559 0.124532 0.182552
v 0.291793 0.270162 0.165880
v 0.274816 0.334464 0.152198
v 0.263303 0.384811 0.135395
v 0.325198 0.121888 0.122417
v 0.303309 0.264991 0.110952
v 0.287658 0.327117 0.102204
v 0.415721 0.340860 0.051802
v 0.376099 0.365773 0.050017
v 0.278335 0.373750 0.092933
v 0.294910 0.407272 0.082233
v 0.307688 0.192660 0.060307
v 0.286797 0.389044 0.070697
v 0.308205 0.229049 0.084902
v 0.295113 0.296584 0.081477
v 0.281831 0.350643 0.075798
v 0.317378 0.399513 0.064215
v 0.396570 0.359740 0.063294
v 0.318798 0.156962 0.089157
v 0.320069 0.521506 -0.002821
v 0.365629 0.465013 -0.026033
v 0.319518 0.497975 0.088890
v 0.367859 0.507429 0.061343
v 0.321204 0.536183 0.028178
v 0.361302 0.425065 -0.029050
v 0.357828 0.392908 -0.012748
v 0.316033 0.455411 0.097735
v 0.358697 0.401908 0.080384
v 0.356975 0.373844 0.036942
v 0.356590 0.376607 0.010640
v 0.357186 0.382707 0.061549
v 0.338145 0.387030 0.050237
v 0.337822 0.394105 0.000527
v 0.943397 0.044105 0.039682
v 0.338292 0.384468 0.024683
v 0.336171 0.400637 0.073205
v 0.338073 0.427260 0.090592
v 0.342550 0.467026 0.094306
v 0.338875 0.418288 -0.020006
v 0.341880 0.456724 -0.027056
v 0.343899 0.525140 0.044981
v 0.344032 0.519824 0.010761
v 0.343014 0.505931 0.076182
v 0.343181 0.495314 -0.015925
v 0.942250 0.045391 0.004653
v 0.495402 0.414442 -0.031101
v 0.501815 0.431991 0.081762
v 0.503111 0.439841 0.000895
v 0.505669 0.447520 0.043266
v 0.482787 0.377641 -0.044822
v 0.470961 0.339551 -0.036003
v 0.490179 0.398895 0.104800
v 0.476110 0.357728 0.100857
v 0.465370 0.327151 0.080452
v 0.459779 0.307196 0.021128
v 0.463443 0.315226 -0.009998
v 0.460095 0.312328 0.053847
v 0.451924 0.371328 -0.041237
v 0.443289 0.339502 -0.022207
v 0.470624 0.429290 0.094203
v 0.478035 0.455357 0.063154
v 0.463861 0.410848 -0.037833
v 0.446558 0.353472 0.088728
v 0.458046 0.391219 0.103745
v 0.477940 0.460044 0.022463
v 0.473450 0.442097 -0.015863
v 0.439277 0.333078 0.066908
v 0.438300 0.324083 0.005708
v 0.436912 0.322897 0.037194
v 0.940109 0.041883 0.021598
v 0.547558 0.387007 -0.034716
v 0.554489 0.406994 0.083924
v 0.556898 0.412652 -0.001028
v 0.559737 0.420977 0.043413
v 0.532571 0.349908 -0.048776
v 0.518518 0.311414 -0.039047
v 0.540206 0.374215 0.109121
v 0.523549 0.331331 0.105635
v 0.511207 0.299109 0.084086
v 0.505408 0.277698 0.021233
v 0.509750 0.286370 -0.011546
v 0.505380 0.283165 0.055883
v 0.493352 0.326065 0.093220
v 0.507399 0.365904 0.109128
v 0.526608 0.414958 -0.018936
v 0.515043 0.383676 -0.042211
v 0.484579 0.304428 0.069907
v 0.522705 0.404827 0.097761
v 0.531724 0.429506 0.064123
v 0.481937 0.293626 0.038168
v 0.532000 0.433137 0.021433
v 0.490047 0.310989 -0.025161
v 0.483983 0.294802 0.004630
v 0.500597 0.343630 -0.045754
v 0.951196 0.051496 0.054597
v 0.599918 0.359687 -0.037886
v 0.606525 0.382035 0.085791
v 0.611495 0.385522 -0.002479
v 0.614000 0.394264 0.044099
v 0.582443 0.321977 -0.051889
v 0.566567 0.282855 -0.041185
v 0.590186 0.349261 0.112573
v 0.571532 0.304309 0.109858
v 0.558071 0.270407 0.087393
v 0.552102 0.247850 0.021421
v 0.556626 0.257264 -0.012620
v 0.552223 0.253217 0.057754
v 0.584611 0.403812 0.065451
v 0.586030 0.406370 0.020906
v 0.528352 0.263675 0.039205
v 0.530966 0.275214 0.072717
v 0.565929 0.355997 -0.045869
v 0.549396 0.315384 -0.048850
v 0.537408 0.282240 -0.027063
v 0.555921 0.340102 0.113608
v 0.573422 0.380606 0.100743
v 0.530551 0.265314 0.003988
v 0.540412 0.298375 0.097256
v 0.579633 0.387740 -0.021759
v 0.965184 0.065764 0.065344
v 0.653351 0.332136 -0.040084
v 0.661387 0.354816 0.086559
v 0.668687 0.357215 -0.003542
v 0.671486 0.365624 0.044266
v 0.631931 0.294344 -0.053699
v 0.612749 0.255191 -0.041858
v 0.641886 0.322889 0.115319
v 0.618492 0.277698 0.113551
v 0.602425 0.242963 0.090035
v 0.596705 0.219384 0.022181
v 0.601401 0.229325 -0.012498
v 0.596703 0.224790 0.059488
v 0.575942 0.236587 0.003791
v 0.586381 0.271238 0.100844
v 0.605390 0.314057 0.117577
v 0.634766 0.360238 -0.023850
v 0.617522 0.328488 -0.048617
v 0.576354 0.246604 0.075236
v 0.626302 0.355181 0.102629
v 0.639933 0.376561 0.066342
v 0.573923 0.234362 0.040273
v 0.643398 0.378141 0.020767
v 0.583444 0.254105 -0.028147
v 0.597644 0.287579 -0.050982
v 0.983002 0.085260 0.065543
v 0.701863 0.304504 -0.042510
v 0.708488 0.328699 0.087993
v 0.718114 0.331226 -0.005487
v 0.720406 0.340450 0.044070
v 0.679941 0.265368 -0.054046
v 0.661401 0.225329 -0.039866
v 0.688661 0.294618 0.118091
v 0.666289 0.247651 0.115935
v 0.650609 0.212441 0.091225
v 0.644373 0.189983 0.023957
v 0.649961 0.199535 -0.010281
v 0.644518 0.194845 0.060853
v 0.630122 0.225415 -0.027032
v 0.621970 0.207923 0.005039
v 0.692573 0.349552 0.066814
v 0.697723 0.350784 0.020041
v 0.619618 0.205486 0.041683
v 0.622191 0.217679 0.076939
v 0.667439 0.300514 -0.050487
v 0.645434 0.259151 -0.050969
v 0.653869 0.286232 0.120926
v 0.676800 0.328104 0.104310
v 0.632595 0.242770 0.103159
v 0.687321 0.332874 -0.025877
v 0.951718 0.056580 -0.009798
v 0.748712 0.294012 -0.060664
v 0.760637 0.323919 0.102929
v 0.770127 0.330475 -0.015995
v 0.774442 0.342586 0.047214
v 0.720840 0.243619 -0.073235
v 0.695677 0.192690 -0.055655
v 0.734824 0.279508 0.137099
v 0.704790 0.222616 0.133152
v 0.683483 0.181258 0.104638
v 0.672376 0.154020 0.023290
v 0.679352 0.162095 -0.018965
v 0.673768 0.161350 0.068038
v 0.670706 0.192332 -0.031558
v 0.660857 0.175159 0.004037
v 0.741373 0.336855 0.071683
v 0.747276 0.339343 0.017529
v 0.658128 0.174052 0.044121
v 0.662276 0.187073 0.082333
v 0.712618 0.278415 -0.059960
v 0.688439 0.230959 -0.058645
v 0.697953 0.261807 0.130306
v 0.723091 0.309339 0.113518
v 0.674680 0.213368 0.110866
v 0.735258 0.316931 -0.034346
v 0.968379 0.074737 -0.015441
v 0.804435 0.279219 -0.085306
v 0.826185 0.317296 0.123604
v 0.833353 0.326440 -0.028956
v 0.841338 0.341714 0.051524
v 0.767310 0.215967 -0.099266
v 0.732910 0.155083 -0.074994
v 0.791341 0.259429 0.166422
v 0.748419 0.188551 0.159171
v 0.718919 0.139408 0.122716
v 0.701591 0.108823 0.021579
v 0.710445 0.119229 -0.029880
v 0.704819 0.116192 0.077266
v 0.742916 0.238794 0.154920
v 0.778692 0.299495 0.136755
v 0.688419 0.134955 -0.001905
v 0.710508 0.180067 0.130241
v 0.789127 0.311460 -0.052819
v 0.759219 0.260781 -0.083691
v 0.692800 0.149480 0.094979
v 0.800939 0.336984 0.083317
v 0.685649 0.134256 0.047810
v 0.806320 0.341406 0.013209
v 0.701879 0.154024 -0.045590
v 0.726977 0.201210 -0.080145
v 1.000211 0.110654 0.031951
v 0.870391 0.247605 -0.099650
v 0.897447 0.290738 0.135763
v 0.904389 0.301005 -0.036546
v 0.914996 0.318470 0.054065
v 0.825454 0.178629 -0.114696
v 0.783268 0.114441 -0.086740
v 0.855943 0.225144 0.183807
v 0.805287 0.146647 0.175052
v 0.769670 0.092798 0.134068
v 0.747489 0.061359 0.020563
v 0.756874 0.075099 -0.036480
v 0.752305 0.067699 0.083019
v 0.742187 0.111361 -0.058919
v 0.725457 0.087825 -0.008027
v 0.873113 0.325311 0.094836
v 0.877411 0.330861 0.009390
v 0.722850 0.084909 0.051227
v 0.733076 0.101108 0.107859
v 0.816733 0.233023 -0.107163
v 0.774870 0.164256 -0.100942
v 0.798836 0.205047 0.181146
v 0.845537 0.279313 0.160420
v 0.936049 0.042388 0.056524
v 0.756289 0.136841 0.150250
v 0.854731 0.294215 -0.070302
v 0.995310 0.105978 0.008484
v 0.931170 0.201709 -0.093815
v 0.957506 0.243623 0.129032
v 0.964699 0.252398 -0.033836
v 0.974855 0.269393 0.051758
v 0.883631 0.138732 -0.108070
v 0.838561 0.080955 -0.081173
v 0.916440 0.182180 0.175026
v 0.865442 0.109552 0.166533
v 0.829187 0.060624 0.127360
v 0.804731 0.032001 0.020893
v 0.812419 0.044851 -0.032846
v 0.811246 0.037706 0.079236
v 0.831342 0.125468 -0.105477
v 0.794605 0.073560 -0.061510
v 0.861061 0.164625 0.186236
v 0.911023 0.241030 0.164924
v 0.777643 0.048406 -0.008892
v 0.928446 0.035730 0.033887
v 0.813946 0.096128 0.154009
v 0.921939 0.255365 -0.074428
v 0.879707 0.193032 -0.112338
v 0.788445 0.059865 0.110188
v 0.942103 0.287914 0.096588
v 0.776104 0.044450 0.051742
v 0.946047 0.293784 0.008079
v 0.995791 0.102319 0.052124
v 0.972013 0.151827 -0.067173
v 0.995047 0.186037 0.104990
v 0.998890 0.192010 -0.019757
v 1.007319 0.207480 0.046169
v 0.931775 0.103680 -0.079887
v 0.892061 0.058948 -0.059802
v 0.962657 0.136505 0.140989
v 0.919152 0.082119 0.135119
v 0.887940 0.045959 0.104318
v 0.865318 0.022630 0.021016
v 0.870322 0.031440 -0.021646
v 0.872122 0.028064 0.066698
v 0.952934 0.065627 -0.026688
v 0.837523 0.025765 0.047465
v 0.993481 0.236074 0.010543
v 0.972497 0.201379 -0.060624
v 0.851390 0.048922 -0.050357
v 0.837265 0.028292 -0.004522
v 0.990306 0.231822 0.085778
v 0.850263 0.039088 0.097284
v 0.933670 0.148504 -0.093961
v 0.886383 0.092288 -0.088677
v 0.918263 0.125111 0.163371
v 0.963682 0.190305 0.144485
v 0.873811 0.069033 0.135250
v 0.984074 0.092423 -0.009045
v 0.985202 0.114450 -0.033172
v 1.003199 0.134288 0.075574
v 1.003470 0.139438 -0.002272
v 1.010692 0.148990 0.039466
v 0.958330 0.083655 -0.043334
v 0.930193 0.053294 -0.032316
v 0.981432 0.103227 0.098735
v 0.951210 0.069296 0.096940
v 0.928507 0.045473 0.077809
v 0.911273 0.029209 0.021768
v 0.914655 0.034765 -0.007179
v 0.916436 0.033200 0.052561
v 0.929349 0.071959 -0.057255
v 0.901667 0.040569 -0.030622
v 0.956816 0.095039 0.122526
v 0.990902 0.139760 0.107978
v 0.891518 0.026488 0.002795
v 0.949096 0.055839 0.073333
v 0.921969 0.056821 0.103811
v 0.994128 0.148474 -0.033861
v 0.965962 0.112056 -0.058587
v 0.903142 0.035730 0.076609
v 1.009094 0.171063 0.067862
v 0.892363 0.025504 0.040736
v 1.010205 0.173907 0.016350
v 0.960729 0.056452 0.030905
v 0.960104 0.057133 0.014539
v 0.959103 0.055424 0.022416
v 0.964534 0.059985 0.037924
v 0.971204 0.066804 0.042862
v 0.979461 0.075961 0.042786
v 0.964577 0.062511 0.007889
v 0.972388 0.071253 0.005402
v 0.987577 0.087385 0.027240
v 0.985211 0.085492 0.016495
v 0.985395 0.083644 0.036511
v 0.979779 0.079512 0.008459
v 0.954763 0.054620 0.004592
v 0.951076 0.049742 0.015621
v 0.963044 0.060056 0.049463
v 0.975365 0.072909 0.054377
v 0.992775 0.097110 0.021080
v 0.986383 0.090181 0.005474
v 0.976870 0.079239 -0.002607
v 0.964612 0.065762 -0.003510
v 0.951350 0.049111 0.028372
v 0.986609 0.086294 0.048906
v 0.992914 0.095601 0.036661
v 0.955711 0.052738 0.040465
v 0.967586 0.062732 0.029997
v 0.970414 0.065535 0.033339
v 0.978985 0.075170 0.032993
v 0.981342 0.078467 0.028520
v 0.965950 0.061366 0.025502
v 0.975358 0.072716 0.014199
v 0.970850 0.067681 0.013857
v 0.974906 0.070303 0.034998
v 0.978948 0.076690 0.017221
v 0.967226 0.063481 0.016715
v 0.965809 0.061602 0.020786
v 0.981325 0.079044 0.022828
v 0.053210 0.028390 0.431712
v 0.150303 0.034842 0.407197
v 0.231535 0.043741 0.359285
v 0.293277 0.047665 0.271249
v 0.323703 0.045486 0.069036
v 0.253935 0.040745 -0.069803
v 0.174182 0.035072 -0.132419
v 0.029319 0.021620 -0.153567
v 0.299673 0.043278 0.006726
v 0.324549 0.048198 0.184330
v 0.331525 0.047279 0.125050
v 0.118703 0.070773 -0.140031
v 0.000000 0.105073 -0.143079
v 0.209104 0.077275 -0.098264
v 0.275407 0.079014 -0.027874
v 0.000000 0.075107 0.427396
v 0.096618 0.077665 0.415678
v 0.184047 0.084544 0.382174
v 0.257901 0.087926 0.319984
v 0.308389 0.087365 0.222260
v 0.326924 0.085980 0.154816
v 0.327058 0.083632 0.095490
v 0.310914 0.081056 0.040121
v 0.057090 -0.059759 0.431111
v 0.157912 -0.050139 0.406047
v 0.239192 -0.036694 0.356238
v 0.300811 -0.027778 0.262619
v 0.328290 -0.024465 0.073092
v 0.269188 -0.027560 -0.076861
v 0.188134 -0.037286 -0.149433
v 0.028249 -0.052935 -0.161334
v 0.309417 -0.024890 0.009363
v 0.329707 -0.024212 0.173562
v 0.334360 -0.023968 0.121241
v 0.270689 0.005366 0.319773
v 0.316783 0.009240 0.217967
v 0.331898 0.009937 0.151705
v 0.331370 0.009125 0.096788
v 0.000000 -0.018228 0.437747
v 0.108279 -0.014948 0.424136
v 0.134626 -0.008339 -0.159920
v 0.091347 0.026989 -0.156170
v 0.317062 0.007916 0.041762
v 0.197941 -0.003719 0.387467
v 0.286336 0.006125 -0.032625
v 0.227218 0.001418 -0.112488
v 0.067651 -0.265175 0.280361
v 0.166282 -0.239058 0.277546
v 0.223719 -0.201455 0.275669
v 0.292608 -0.167910 0.214030
v 0.337738 -0.150245 0.086665
v 0.296447 -0.174654 -0.051564
v 0.226439 -0.214146 -0.113690
v 0.029085 -0.268800 -0.053233
v 0.327700 -0.154412 0.033043
v 0.335025 -0.150950 0.143168
v 0.338822 -0.151017 0.112048
v 0.172332 -0.215210 -0.135946
v 0.000000 -0.085491 -0.147176
v 0.337821 -0.134476 0.099072
v 0.324339 -0.049617 0.049944
v 0.124337 -0.236190 0.297303
v 0.200911 -0.075689 0.379227
v 0.298979 -0.050288 -0.029947
v 0.241045 -0.057582 -0.120002
v 0.274470 -0.061223 0.309537
v 0.322703 -0.138831 0.172652
v 0.335001 -0.049793 0.138289
v 0.000000 -0.248721 0.306802
v 0.153351 -0.118522 -0.173052
v 0.000000 -0.195673 -0.103675
v 0.335724 -0.081059 0.096847
v 0.332142 -0.104914 0.064164
v 0.115330 -0.148178 0.384359
v 0.197649 -0.162101 0.332985
v 0.312774 -0.111504 -0.015723
v 0.258016 -0.133864 -0.111988
v 0.267360 -0.131109 0.282554
v 0.325809 -0.084053 0.182941
v 0.337289 -0.103815 0.122742
v 0.000000 -0.158932 0.393710
v 0.061552 -0.180793 0.371294
v 0.336952 -0.092006 0.109078
v 0.302397 -0.103690 0.233999
v 0.209122 -0.129203 -0.150502
v 0.335565 -0.091805 0.143237
v 0.234806 -0.129699 0.327022
v 0.287764 -0.105281 -0.069641
v 0.323993 -0.094180 0.027000
v 0.160765 -0.158865 0.358711
v 0.334550 -0.092324 0.083725
v 0.029310 -0.164096 -0.143411
v 0.040237 -0.319109 0.199368
v 0.000000 -0.308383 0.224331
v 0.113526 -0.277431 0.258159
v 0.032442 -0.332701 0.131494
v 0.000000 -0.325666 0.170439
v 0.062012 -0.333161 0.167144
v 0.030035 -0.316319 0.037077
v 0.000000 -0.326500 0.087340
v 0.054542 -0.334280 0.084329
v 0.163516 -0.165941 -0.161856
v 0.336522 -0.104216 0.097613
v 0.118632 -0.192919 0.345457
v 0.324925 -0.107340 0.176106
v 0.000000 -0.205929 0.353673
v 0.000000 -0.239893 -0.061788
v 0.333892 -0.134764 0.066068
v 0.195946 -0.200638 0.297402
v 0.315398 -0.144269 -0.010399
v 0.265257 -0.173228 -0.097537
v 0.260435 -0.166540 0.263441
v 0.337723 -0.134581 0.124667
v 0.064953 -0.223570 0.328206
v 0.337524 -0.118399 0.109945
v 0.298022 -0.132816 0.224339
v 0.218929 -0.171644 -0.136468
v 0.335173 -0.118137 0.142112
v 0.230011 -0.163781 0.303261
v 0.293547 -0.137361 -0.061626
v 0.326733 -0.121030 0.031472
v 0.163217 -0.198281 0.320348
v 0.335946 -0.118205 0.085757
v 0.030688 -0.219593 -0.109293
v 0.000000 -0.139444 -0.134901
v 0.329630 -0.081279 0.059201
v 0.199487 -0.124725 0.360088
v 0.307680 -0.084343 -0.022387
v 0.250323 -0.098101 -0.118811
v 0.272567 -0.101277 0.296340
v 0.336946 -0.080988 0.125452
v 0.143183 -0.071349 -0.173367
v 0.334037 -0.049699 0.097027
v 0.112570 -0.091343 0.413210
v 0.322708 -0.051989 0.200411
v 0.000000 -0.097881 0.425804
v 0.027973 -0.109819 -0.158733
v 0.332479 -0.067895 0.079516
v 0.160131 -0.112433 0.388635
v 0.318684 -0.067796 0.018891
v 0.280765 -0.072833 -0.074900
v 0.238828 -0.092765 0.343917
v 0.334148 -0.068662 0.153308
v 0.199563 -0.087054 -0.154348
v 0.304108 -0.076313 0.245479
v 0.336259 -0.068062 0.112843
v 0.059668 -0.127803 0.408675
v 0.067549 0.090205 -0.142529
v -0.000000 0.053563 -0.148306
v 0.029851 0.080179 -0.145045
v 0.056205 0.056463 -0.149328
v 0.095415 -0.047619 -0.174532
v 0.119745 -0.255233 -0.108449
v 0.108302 -0.152147 -0.171119
v 0.115481 -0.205689 -0.148027
v 0.100830 -0.101805 -0.178981
v 0.059397 -0.080519 -0.173085
v 0.066423 -0.187282 -0.149611
v 0.062070 -0.132482 -0.168112
v 0.067440 -0.243433 -0.107901
v 0.059786 -0.014090 -0.164216
v -0.000000 -0.018135 -0.150481
v 0.000000 -0.286679 -0.000490
v 0.052863 -0.301319 -0.018450
v 0.181516 -0.313349 0.249343
v 0.226645 -0.280418 0.249671
v 0.290068 -0.241589 0.206284
v 0.340937 -0.220075 0.085175
v 0.290656 -0.242599 -0.033085
v 0.228419 -0.271014 -0.074404
v 0.324507 -0.226624 0.031430
v 0.335700 -0.219208 0.148450
v 0.342197 -0.219034 0.115028
v 0.147457 -0.337007 0.239876
v 0.079657 -0.366083 0.160871
v 0.075481 -0.365755 0.087406
v 0.141239 -0.302421 -0.075957
v 0.088358 -0.338426 -0.010346
v 0.311975 -0.206209 -0.005977
v 0.268312 -0.207528 -0.080874
v 0.097992 -0.298425 -0.061182
v 0.065123 -0.325914 0.033039
v 0.178471 -0.249788 -0.110646
v 0.072650 -0.352565 0.129053
v 0.083264 -0.327533 0.192511
v 0.335745 -0.194705 0.064925
v 0.156582 -0.301573 0.247548
v 0.192958 -0.233845 0.270402
v 0.320621 -0.198464 0.171244
v 0.338707 -0.165033 0.126646
v 0.253309 -0.199886 0.248325
v 0.339557 -0.164942 0.100006
v 0.197010 -0.779908 0.254039
v 0.242179 -0.783923 0.253402
v 0.289656 -0.791769 0.218683
v 0.335793 -0.792754 0.083997
v 0.276527 -0.803880 -0.001743
v 0.219598 -0.808288 -0.015319
v 0.314988 -0.798016 0.035407
v 0.321669 -0.790911 0.176092
v 0.337435 -0.790591 0.131702
v 0.156392 -0.784724 0.245311
v 0.078209 -0.821489 0.150283
v 0.077033 -0.825118 0.090457
v 0.153692 -0.813289 -0.006057
v 0.101714 -0.820061 0.030554
v 0.298829 -0.774495 0.013672
v 0.260522 -0.302137 -0.040801
v 0.186971 -0.785219 -0.014332
v 0.117350 -0.360610 -0.031596
v 0.085453 -0.389026 0.044722
v 0.328233 -0.767765 0.060216
v 0.306814 -0.763687 0.194507
v 0.340710 -0.264720 0.135409
v 0.179252 -0.759232 0.242867
v 0.209409 -0.335329 0.249131
v 0.343702 -0.265334 0.100622
v 0.258743 -0.304120 0.233724
v 0.085457 -0.790020 0.172640
v 0.074508 -0.799067 0.122220
v 0.314892 -0.177359 -0.007502
v 0.267277 -0.230481 -0.066838
v 0.082751 -0.286407 -0.066105
v 0.075280 -0.338406 0.036374
v 0.182723 -0.266419 -0.096102
v 0.067756 -0.342676 0.129305
v 0.087997 -0.343463 0.187365
v 0.335136 -0.165692 0.065981
v 0.147223 -0.271023 0.257945
v 0.197303 -0.268693 0.257024
v 0.320920 -0.169929 0.170980
v 0.339959 -0.192216 0.128219
v 0.252332 -0.233386 0.239526
v 0.341339 -0.192726 0.100217
v 0.339413 -0.177938 0.086497
v 0.138717 -0.295368 0.245311
v 0.289107 -0.196931 0.209051
v 0.340347 -0.178018 0.113076
v 0.130101 -0.274851 -0.092717
v 0.069426 -0.342702 0.085207
v 0.219713 -0.231674 0.260890
v 0.335416 -0.177927 0.144621
v 0.170253 -0.267005 0.258920
v 0.326917 -0.183405 0.032174
v 0.076612 -0.342212 0.163601
v 0.228940 -0.238586 -0.095417
v 0.073982 -0.311937 -0.018179
v 0.295362 -0.202914 -0.043341
v 0.305066 -0.280608 0.000829
v 0.299690 -0.387711 0.007663
v 0.299775 -0.480843 0.009983
v 0.300599 -0.570880 0.012437
v 0.253642 -0.659692 -0.011328
v 0.253205 -0.584143 -0.012138
v 0.252565 -0.497395 -0.014158
v 0.253509 -0.408099 -0.018504
v 0.188182 -0.331084 -0.058446
v 0.191193 -0.430837 -0.023101
v 0.190671 -0.516007 -0.017621
v 0.190822 -0.599214 -0.016163
v 0.126356 -0.680256 0.007688
v 0.128582 -0.612962 0.006388
v 0.130079 -0.534321 0.004464
v 0.130030 -0.455245 -0.000296
v 0.086301 -0.687309 0.056708
v 0.087894 -0.619935 0.055238
v 0.089454 -0.542536 0.053263
v 0.090247 -0.467446 0.051823
v 0.334758 -0.269175 0.060952
v 0.332849 -0.376801 0.057019
v 0.331764 -0.470872 0.056894
v 0.331203 -0.560685 0.058190
v 0.319688 -0.271484 0.177316
v 0.317121 -0.377138 0.185494
v 0.315236 -0.469959 0.188240
v 0.313512 -0.557788 0.189474
v 0.334297 -0.634252 0.151486
v 0.335954 -0.555152 0.150144
v 0.337766 -0.466517 0.148345
v 0.339723 -0.372075 0.144463
v 0.167122 -0.361157 0.244249
v 0.173825 -0.435529 0.245158
v 0.178527 -0.507029 0.245587
v 0.181405 -0.579426 0.245484
v 0.228081 -0.638303 0.244731
v 0.227629 -0.569435 0.245645
v 0.223836 -0.493917 0.246866
v 0.218131 -0.417533 0.247716
v 0.341754 -0.634789 0.104980
v 0.342869 -0.555218 0.103891
v 0.343917 -0.466496 0.102759
v 0.344745 -0.372275 0.101613
v 0.270575 -0.635383 0.229350
v 0.271074 -0.562756 0.229708
v 0.268000 -0.482054 0.231512
v 0.264225 -0.398003 0.232750
v 0.089515 -0.393369 0.182649
v 0.087183 -0.467925 0.175691
v 0.084638 -0.539611 0.170603
v 0.083753 -0.611977 0.170040
v 0.076046 -0.398287 0.127519
v 0.076742 -0.472688 0.122131
v 0.075544 -0.545270 0.117974
v 0.074538 -0.620173 0.118329
v 0.079843 -0.433969 0.088205
v 0.079775 -0.507446 0.085792
v 0.078651 -0.582847 0.086023
v 0.077370 -0.656765 0.087452
v 0.341726 -0.321924 0.081067
v 0.340913 -0.421935 0.079981
v 0.339968 -0.513097 0.080553
v 0.339062 -0.599042 0.081844
v 0.080391 -0.434493 0.155611
v 0.078477 -0.507165 0.148136
v 0.077162 -0.580124 0.145877
v 0.076490 -0.651331 0.146313
v 0.292019 -0.337717 0.209302
v 0.292374 -0.431833 0.211501
v 0.293623 -0.518116 0.211022
v 0.293050 -0.599550 0.211257
v 0.153338 -0.406592 0.240201
v 0.156799 -0.477685 0.241027
v 0.159537 -0.548941 0.241425
v 0.160896 -0.619319 0.241439
v 0.236883 -0.365486 0.244878
v 0.242634 -0.448607 0.243634
v 0.247930 -0.527101 0.241577
v 0.249865 -0.602525 0.240258
v 0.343974 -0.319775 0.121001
v 0.343321 -0.420098 0.125022
v 0.342041 -0.510914 0.126888
v 0.340688 -0.596120 0.128162
v 0.191921 -0.388821 0.247508
v 0.198404 -0.463683 0.247659
v 0.203129 -0.537336 0.247248
v 0.205021 -0.609307 0.246599
v 0.333539 -0.320819 0.159903
v 0.330753 -0.421203 0.166513
v 0.328403 -0.512266 0.168997
v 0.326105 -0.597492 0.170729
v 0.319562 -0.329361 0.031191
v 0.318000 -0.428819 0.031470
v 0.317966 -0.520524 0.032986
v 0.318152 -0.607403 0.034887
v 0.104159 -0.421508 0.015581
v 0.106989 -0.500865 0.024442
v 0.105903 -0.578680 0.026891
v 0.103669 -0.653158 0.028747
v 0.225174 -0.370587 -0.033707
v 0.222845 -0.462964 -0.020324
v 0.223022 -0.549720 -0.017492
v 0.223309 -0.630340 -0.016702
v 0.156302 -0.397877 -0.027607
v 0.159064 -0.484926 -0.011657
v 0.158691 -0.566901 -0.009029
v 0.157449 -0.643243 -0.007962
v 0.280850 -0.346387 -0.013550
v 0.277942 -0.443321 -0.006655
v 0.278613 -0.533415 -0.003775
v 0.279344 -0.618128 -0.002043
v 0.158533 -0.906932 0.395448
v 0.230806 -0.905544 0.406015
v 0.261446 -0.809570 0.270965
v 0.331254 -0.934021 0.086614
v 0.267793 -0.944239 0.004252
v 0.214287 -0.947206 -0.006629
v 0.308247 -0.939814 0.038706
v 0.334266 -0.925182 0.185836
v 0.337281 -0.928613 0.135705
v 0.074737 -0.944408 0.154157
v 0.081170 -0.950889 0.090311
v 0.155661 -0.949926 0.003620
v 0.108221 -0.952033 0.036689
v 0.338952 -0.816359 0.107397
v 0.185819 -0.833702 -0.014044
v 0.124968 -0.839146 0.008660
v 0.296780 -0.825073 0.012597
v 0.086401 -0.845387 0.056866
v 0.085677 -0.839395 0.175088
v 0.216022 -0.798659 0.278013
v 0.262970 -0.831983 0.320136
v 0.169262 -0.799694 0.268503
v 0.184995 -0.812467 0.301337
v 0.237898 -0.815046 0.303724
v 0.197283 -0.869235 0.386375
v 0.328060 -0.922879 0.237759
v 0.319227 -0.920050 0.290970
v 0.291433 -0.912079 0.356237
v 0.097514 -0.880070 0.257863
v 0.085931 -0.926664 0.271424
v 0.078888 -0.936468 0.214334
v 0.332036 -0.815305 0.155570
v 0.335389 -0.860826 0.156590
v 0.339776 -0.863244 0.107109
v 0.248963 -0.829664 -0.011235
v 0.246328 -0.875219 -0.011996
v 0.184944 -0.878652 -0.013612
v 0.125516 -0.882614 0.008555
v 0.327356 -0.819761 0.059626
v 0.327448 -0.866780 0.058096
v 0.295048 -0.871308 0.010942
v 0.087407 -0.886977 0.054457
v 0.074854 -0.847649 0.121904
v 0.074158 -0.888162 0.119443
v 0.082380 -0.881197 0.178682
v 0.311158 -0.815839 0.198202
v 0.322008 -0.859431 0.202956
v 0.077598 -0.868192 0.087392
v 0.077686 -0.908660 0.085721
v 0.273692 -0.850148 -0.003185
v 0.271644 -0.897142 -0.003255
v 0.325714 -0.838107 0.178600
v 0.332735 -0.881787 0.181905
v 0.077644 -0.865892 0.150593
v 0.075081 -0.904829 0.151068
v 0.335716 -0.841382 0.083136
v 0.336075 -0.888265 0.083010
v 0.102936 -0.863525 0.028767
v 0.103807 -0.906825 0.029176
v 0.313797 -0.845487 0.033525
v 0.313154 -0.892910 0.033038
v 0.153656 -0.858191 -0.005921
v 0.153652 -0.903426 -0.004515
v 0.217438 -0.854047 -0.015529
v 0.215856 -0.900324 -0.014675
v 0.338191 -0.839036 0.131749
v 0.340073 -0.884378 0.132558
v 0.306398 -0.838433 0.221258
v 0.292072 -0.840592 0.263765
v 0.278292 -0.831520 0.287207
v 0.284975 -0.818664 0.242420
v 0.321308 -0.878816 0.230407
v 0.309568 -0.874845 0.276572
v 0.307780 -0.857928 0.247296
v 0.294285 -0.852646 0.288112
v 0.207022 -0.824532 0.332333
v 0.150348 -0.829502 0.310891
v 0.235782 -0.842507 0.356608
v 0.168831 -0.842800 0.349001
v 0.286685 -0.859200 0.323409
v 0.141213 -0.821561 0.276088
v 0.084911 -0.895303 0.207511
v 0.107667 -0.914309 0.337543
v 0.120255 -0.858217 0.308289
v 0.000000 -0.292606 0.253079
v 0.080762 -0.311716 0.217582
v 0.101054 -0.357882 0.203511
v 0.096618 -0.809063 0.194045
v 0.098360 -0.325204 0.209039
v 0.099741 -0.426965 0.198517
v 0.096315 -0.499168 0.193038
v 0.094789 -0.570802 0.191116
v 0.094479 -0.640878 0.191332
v 0.093079 -0.854189 0.199671
v 0.106989 -0.824801 0.215278
v 0.108269 -0.601363 0.209175
v 0.108571 -0.529576 0.209303
v 0.110687 -0.458736 0.211735
v 0.113167 -0.385675 0.215217
v 0.107293 -0.307496 0.227494
v 0.110128 -0.777147 0.209521
v 0.111881 -0.331736 0.219458
v 0.052387 -0.299808 0.238633
v 0.096935 -0.867726 0.226584
v 0.099314 -0.293347 0.243420
v 0.124447 -0.349247 0.226843
v 0.123895 -0.795149 0.226001
v 0.120349 -0.310485 0.232281
v 0.125023 -0.417756 0.225127
v 0.123788 -0.488864 0.223768
v 0.123737 -0.559955 0.223467
v 0.124190 -0.630184 0.223786
v 0.113288 -0.838613 0.240338
v -0.000000 -0.278948 0.271063
v 0.060896 -0.285304 0.258332
v 0.132259 -0.320138 0.235832
v 0.142253 -0.765699 0.232965
v 0.125018 -0.292048 0.244155
v 0.137513 -0.376184 0.233663
v 0.139079 -0.448339 0.233930
v 0.140149 -0.518742 0.234073
v 0.141425 -0.590339 0.234421
v 0.133848 -0.810630 0.246778
v 0.116293 -0.849302 0.271334
v 0.176813 -1.006630 0.343351
v 0.220992 -1.004976 0.348502
v 0.282756 -0.994182 0.111328
v 0.241190 -0.997519 0.059219
v 0.210097 -0.997803 0.055350
v 0.267331 -0.995581 0.078169
v 0.292965 -0.993112 0.196240
v 0.290254 -0.993244 0.152617
v 0.120352 -1.000638 0.168458
v 0.130443 -1.000851 0.119488
v 0.176774 -0.998030 0.063537
v 0.148670 -0.999968 0.085036
v 0.291590 -0.994152 0.241195
v 0.285166 -0.996027 0.285734
v 0.262159 -0.999325 0.325910
v 0.126809 -1.001839 0.266188
v 0.120057 -1.001017 0.219391
v 0.143733 -1.003466 0.312836
v 0.307762 -0.982778 0.218024
v 0.331277 -0.947982 0.163974
v 0.102489 -0.995341 0.193299
v 0.082772 -0.957048 0.245315
v 0.195547 -0.998710 0.379240
v 0.264368 -0.942829 0.392930
v 0.328862 -0.952678 0.114170
v 0.115288 -0.994117 0.299940
v 0.127639 -0.945651 0.376547
v 0.304036 -0.984300 0.268258
v 0.108004 -0.996874 0.136528
v 0.290463 -0.987589 0.317772
v 0.124466 -0.998313 0.089865
v 0.315052 -0.958325 0.067797
v 0.190850 -0.995139 0.039373
v 0.134538 -0.972692 0.027591
v 0.265288 -0.991302 0.051939
v 0.239174 -0.967473 0.006141
v 0.186890 -1.000888 0.305604
v 0.217031 -1.000918 0.307299
v 0.252233 -1.000031 0.127294
v 0.232099 -1.000007 0.086889
v 0.209127 -0.998948 0.085985
v 0.244986 -1.000024 0.097875
v 0.259538 -0.999499 0.199129
v 0.256716 -0.999688 0.162364
v 0.153070 -0.999615 0.172738
v 0.159382 -1.000057 0.132937
v 0.182606 -0.997983 0.090536
v 0.167998 -0.999019 0.103131
v 0.260007 -0.999767 0.236029
v 0.258570 -0.999838 0.269920
v 0.246781 -1.000214 0.291914
v 0.159516 -1.000600 0.251415
v 0.153654 -1.000131 0.214273
v 0.170482 -1.000476 0.289983
v 0.195666 -0.998049 0.073637
v 0.167505 -0.998694 0.085191
v 0.246875 -0.999112 0.079247
v 0.222199 -0.999345 0.071688
v 0.150809 -1.000627 0.110853
v 0.274505 -0.999134 0.257262
v 0.276373 -0.998404 0.217007
v 0.262655 -0.998456 0.103996
v 0.264904 -1.000399 0.292381
v 0.275355 -0.997870 0.177724
v 0.236194 -1.002692 0.320693
v 0.270470 -0.998260 0.138256
v 0.169352 -1.004312 0.314552
v 0.200878 -1.005583 0.325643
v 0.139433 -1.002221 0.237845
v 0.149398 -1.002993 0.279175
v 0.138946 -1.000869 0.148214
v 0.134785 -1.001194 0.196153
v 0.230406 -0.999758 0.285053
v 0.244734 -0.999929 0.258967
v 0.228127 -1.000075 0.245915
v 0.243645 -0.999953 0.221279
v 0.227731 -0.999835 0.205787
v 0.242693 -0.999896 0.184528
v 0.226951 -0.999935 0.166584
v 0.239403 -1.000323 0.147135
v 0.224585 -1.000190 0.129833
v 0.235984 -1.000335 0.114539
v 0.221394 -0.999905 0.099763
v 0.199458 -0.999361 0.288400
v 0.212900 -0.999917 0.268990
v 0.193975 -0.999759 0.247164
v 0.211020 -0.999766 0.226011
v 0.194826 -0.999379 0.205819
v 0.213511 -0.999551 0.185704
v 0.197000 -0.999146 0.164940
v 0.212645 -0.999676 0.145522
v 0.197336 -0.999806 0.128781
v 0.211289 -1.000026 0.113605
v 0.197350 -0.999141 0.100966
v 0.179753 -0.999459 0.267888
v 0.174727 -0.999569 0.228316
v 0.174462 -0.999121 0.189839
v 0.176487 -0.999205 0.148793
v 0.180458 -0.999772 0.117068
v 0.327918 -0.946305 0.213936
v 0.308409 -0.982732 0.171241
v 0.079660 -0.963004 0.187992
v 0.104924 -0.994313 0.245318
v 0.192502 -0.944746 0.415661
v 0.252604 -0.993040 0.364405
v 0.303453 -0.984894 0.124501
v 0.093423 -0.950060 0.307082
v 0.143827 -0.996654 0.352418
v 0.322730 -0.945490 0.267681
v 0.081923 -0.969329 0.126283
v 0.308464 -0.944887 0.325455
v 0.099161 -0.973578 0.069173
v 0.290907 -0.987791 0.083565
v 0.185729 -0.970510 0.006090
v 0.151894 -0.996960 0.057275
v 0.283649 -0.963942 0.026459
v 0.230179 -0.993989 0.037797
v 0.159842 -0.977869 0.393736
v 0.093535 -0.977693 0.275083
v 0.291567 -0.978572 0.054777
v 0.211795 -0.985829 0.018309
v 0.124205 -0.989961 0.058337
v 0.285729 -0.971428 0.355936
v 0.256080 -0.982910 0.026567
v 0.163942 -0.988062 0.028906
v 0.312825 -0.973512 0.096200
v 0.099838 -0.988829 0.103806
v 0.311485 -0.968446 0.295752
v 0.089317 -0.984818 0.161142
v 0.318393 -0.966778 0.242499
v 0.112381 -0.976234 0.339165
v 0.320863 -0.969015 0.142968
v 0.228775 -0.976122 0.401830
v 0.088509 -0.981187 0.218796
v 0.321414 -0.966662 0.191764
v 0.338072 -0.904679 0.158908
v 0.244368 -0.922426 -0.009053
v 0.326027 -0.913970 0.059605
v 0.073359 -0.927477 0.119671
v 0.330709 -0.902155 0.208676
v 0.133302 -0.875681 0.353023
v 0.321440 -0.898191 0.260015
v 0.339175 -0.908970 0.108590
v 0.184419 -0.925381 -0.010152
v 0.126906 -0.928072 0.011870
v 0.292979 -0.919147 0.013344
v 0.088832 -0.930036 0.056599
v 0.077218 -0.919728 0.182811
v 0.265436 -0.874311 0.369205
v 0.306400 -0.891480 0.311263
v 0.084955 -0.909538 0.238248
v 0.098851 -0.893296 0.294270
v 0.300912 -0.649855 0.013703
v 0.300207 -0.715299 0.013708
v 0.189954 -0.670075 -0.015597
v 0.188349 -0.729605 -0.014891
v 0.330607 -0.640678 0.059462
v 0.329535 -0.707686 0.059762
v 0.311182 -0.635186 0.190963
v 0.308641 -0.701782 0.191917
v 0.182130 -0.646124 0.244965
v 0.182051 -0.705571 0.242869
v 0.083482 -0.676873 0.170266
v 0.084033 -0.734167 0.170977
v 0.073931 -0.686032 0.118933
v 0.073948 -0.742921 0.119997
v 0.251668 -0.780409 -0.010706
v 0.253333 -0.723177 -0.010841
v 0.124497 -0.791759 0.009013
v 0.124964 -0.737405 0.008562
v 0.085511 -0.798466 0.058549
v 0.085578 -0.744077 0.057755
v 0.331617 -0.763277 0.154312
v 0.332838 -0.702244 0.152657
v 0.222506 -0.758414 0.244907
v 0.226160 -0.702049 0.243261
v 0.339478 -0.763825 0.106870
v 0.340653 -0.702893 0.105704
v 0.265049 -0.763111 0.233336
v 0.267430 -0.701420 0.228859
v 0.108279 -0.666616 0.209280
v 0.108966 -0.723530 0.208777
v 0.141803 -0.656127 0.234249
v 0.142472 -0.713307 0.232806
v 0.161141 -0.680565 0.240464
v 0.161343 -0.736190 0.238393
v 0.124327 -0.690342 0.223209
v 0.125528 -0.745208 0.222352
v 0.076702 -0.716365 0.088246
v 0.076618 -0.772730 0.089781
v 0.338100 -0.672014 0.082662
v 0.336878 -0.735801 0.083153
v 0.076445 -0.710574 0.146603
v 0.077171 -0.767666 0.148454
v 0.290703 -0.668635 0.211848
v 0.287572 -0.733536 0.212819
v 0.094580 -0.700548 0.191306
v 0.095812 -0.756734 0.191891
v 0.248475 -0.668722 0.239469
v 0.245029 -0.732823 0.239144
v 0.339455 -0.669084 0.129187
v 0.338280 -0.733723 0.130280
v 0.204778 -0.672654 0.245448
v 0.202882 -0.732343 0.243441
v 0.324043 -0.669179 0.172160
v 0.322211 -0.733603 0.173498
v 0.317564 -0.679233 0.035465
v 0.316356 -0.741841 0.035423
v 0.102077 -0.713203 0.029976
v 0.101471 -0.768939 0.030717
v 0.222813 -0.696324 -0.016041
v 0.221484 -0.755283 -0.015523
v 0.155551 -0.704645 -0.007113
v 0.154265 -0.761373 -0.006441
v 0.279570 -0.688013 -0.001498
v 0.278589 -0.749285 -0.001456
v -0.091713 1.265862 0.368454
v -0.090700 1.047419 0.380185
v -0.087575 0.937569 0.366509
v -0.116199 0.806412 0.312725
v -0.295033 0.890205 0.196308
v -0.315367 0.926529 0.183043
v -0.332845 0.994506 0.181913
v -0.347068 1.074273 0.174055
v -0.357468 1.164935 0.151072
v -0.345728 1.283794 0.131985
v -0.267721 1.309933 0.255935
v -0.133680 1.313447 0.342872
v -0.126618 0.891811 0.343326
v -0.136066 1.104747 0.369552
v -0.176566 1.262563 0.339005
v -0.179027 1.159920 0.350760
v -0.176907 1.052323 0.350015
v -0.170944 0.947524 0.338006
v -0.160584 0.853605 0.313920
v -0.247943 1.261909 0.291619
v -0.254255 1.163170 0.300611
v -0.251417 1.060474 0.301581
v -0.242757 0.962884 0.293051
v -0.229563 0.875961 0.273456
v -0.284155 1.216292 0.264625
v -0.285055 1.115329 0.271401
v -0.277684 1.017581 0.270461
v -0.265401 0.929489 0.259815
v -0.081752 0.839798 0.339542
v -0.092220 1.158806 0.381456
v -0.132839 0.994698 0.362559
v -0.136529 1.212526 0.364226
v -0.250479 0.854526 0.237133
v -0.311417 1.325876 0.180226
v -0.336999 1.222055 0.182710
v -0.334941 1.120031 0.200884
v -0.323803 1.029887 0.209907
v -0.309141 0.951342 0.208402
v -0.282145 0.904486 0.226660
v -0.296614 0.981233 0.238559
v -0.308217 1.070309 0.240201
v -0.314120 1.168543 0.232066
v -0.304565 1.270011 0.223322
v -0.233955 1.378072 0.250008
v -0.130636 1.397553 0.299202
v -0.259650 1.407335 0.181791
v -0.301864 1.381646 0.136614
v -0.272155 1.358601 0.219469
v -0.170694 1.351295 0.311222
v -0.088988 1.363884 0.334101
v -0.231660 1.342211 0.276730
v -0.369619 1.038225 0.093798
v -0.359917 0.962638 0.037581
v -0.364693 1.001270 -0.071355
v -0.387769 1.145937 -0.037135
v -0.389162 1.139189 0.014695
v -0.385203 1.111615 0.049735
v -0.365341 1.110861 0.132601
v -0.379042 1.069295 0.067780
v -0.369589 1.013673 0.071272
v -0.358135 0.958393 -0.017991
v -0.373661 1.057184 -0.087136
v -0.379759 1.108311 -0.084255
v -0.385611 1.059093 0.010059
v -0.386186 1.067106 -0.020734
v -0.391268 1.109264 -0.012412
v -0.391336 1.109833 0.005459
v -0.389953 1.100150 0.019899
v -0.388160 1.084604 0.024984
v -0.386530 1.068890 0.021549
v -0.385413 1.057948 -0.006642
v -0.387959 1.082437 -0.026816
v -0.389829 1.098053 -0.024189
v -0.389868 1.117305 -0.005689
v -0.388314 1.119545 0.026404
v -0.385669 1.088931 -0.038945
v -0.386164 1.123465 -0.052554
v -0.381477 1.048056 0.024361
v -0.369701 0.990102 0.006373
v -0.384022 1.069561 0.032444
v -0.384316 1.090931 0.047890
v -0.380444 1.043480 -0.021816
v -0.375443 1.041151 -0.064085
v -0.352651 0.967048 0.099785
v -0.385756 1.141317 0.048002
v -0.352982 1.034498 0.149516
v -0.379022 1.095647 0.079634
v -0.335899 0.961632 0.156971
v -0.374895 1.186217 0.092314
v -0.378098 1.133660 0.088911
v -0.354905 1.000257 0.125159
v -0.368500 1.069386 0.114221
v -0.385119 1.180971 0.038111
v -0.384900 1.202287 -0.033574
v -0.388659 1.166324 -0.004730
v -0.382159 1.171620 -0.073710
v -0.361954 1.174271 -0.155804
v -0.374026 1.139057 -0.113822
v -0.371711 1.209374 -0.114564
v -0.325631 1.174050 -0.236400
v -0.346784 1.138721 -0.194550
v -0.343259 1.211303 -0.198014
v -0.269774 1.173425 -0.309405
v -0.301665 1.136867 -0.271289
v -0.297284 1.210717 -0.275473
v -0.192790 1.174834 -0.367183
v -0.100195 1.178664 -0.403570
v -0.148244 1.139063 -0.386594
v -0.146858 1.213583 -0.387112
v -0.262576 1.247243 -0.308409
v -0.354722 1.248532 -0.156329
v -0.375690 1.243848 -0.070263
v -0.314354 1.400378 0.039635
v -0.336748 1.346934 0.086299
v -0.277098 1.431278 0.091064
v -0.311782 1.404910 -0.058286
v -0.341059 1.362938 -0.012236
v -0.281509 1.441749 -0.008104
v -0.296227 1.396489 -0.149830
v -0.329559 1.364585 -0.106815
v -0.275120 1.435842 -0.104683
v -0.268673 1.381962 -0.227620
v -0.303677 1.357260 -0.192520
v -0.257972 1.418565 -0.191222
v -0.231875 1.371548 -0.283119
v -0.265273 1.348114 -0.262968
v -0.234140 1.397206 -0.257148
v -0.174160 1.379691 -0.318592
v -0.093443 1.388560 -0.344219
v -0.137706 1.353777 -0.351130
v -0.136212 1.413805 -0.309155
v -0.381749 1.227859 0.014804
v -0.369867 1.250048 0.073176
v -0.372689 1.277222 -0.020966
v -0.359286 1.285959 -0.111342
v -0.330311 1.286012 -0.196655
v -0.285443 1.283377 -0.271987
v -0.142680 1.285757 -0.375907
v -0.317459 1.248216 -0.237563
v -0.360391 1.310938 0.032547
v -0.355490 1.324090 -0.063058
v -0.334959 1.324670 -0.153048
v -0.299455 1.319716 -0.233113
v -0.249284 1.315923 -0.298573
v -0.181060 1.318330 -0.347366
v -0.095488 1.321968 -0.378827
v -0.188487 1.248502 -0.363156
v -0.098437 1.251559 -0.397493
v -0.144466 1.492554 0.144337
v -0.093652 1.488132 0.192543
v -0.184146 1.459790 0.187168
v -0.150134 1.511240 0.044951
v -0.099335 1.516018 0.096241
v -0.194560 1.486484 0.094541
v -0.151256 1.512570 -0.057988
v -0.101847 1.526560 -0.006826
v -0.198390 1.496193 -0.006570
v -0.148376 1.496074 -0.157151
v -0.101670 1.519391 -0.110213
v -0.196215 1.488413 -0.106725
v -0.099129 1.492871 -0.207256
v -0.188067 1.464805 -0.198109
v -0.095132 1.447553 -0.287810
v -0.176955 1.428449 -0.270706
v -0.141943 1.462282 -0.244172
v -0.088549 1.439569 0.274230
v -0.172330 1.416440 0.261338
v -0.135400 1.456016 0.231623
v -0.369295 1.078902 -0.116800
v -0.343295 1.071128 -0.187730
v -0.298992 1.065468 -0.260421
v -0.145948 1.063761 -0.374615
v -0.360928 1.106440 -0.153498
v -0.326133 1.102538 -0.229599
v -0.270665 1.099867 -0.301759
v -0.192805 1.099899 -0.360453
v -0.099854 1.103884 -0.398006
v -0.360990 1.020063 -0.108326
v -0.333264 1.004083 -0.174276
v -0.287566 0.994431 -0.242374
v -0.137937 0.990739 -0.349766
v -0.354338 1.043284 -0.147352
v -0.319773 1.033650 -0.217029
v -0.263776 1.027132 -0.286104
v -0.186797 1.025272 -0.342722
v -0.096391 1.029760 -0.379896
v -0.331032 0.925040 0.136295
v -0.289004 0.851952 0.160537
v -0.231731 0.797617 0.200965
v -0.101313 0.752716 0.279032
v -0.310248 0.896410 0.168233
v -0.269006 0.845120 0.199517
v -0.212335 0.806466 0.242747
v -0.145338 0.782900 0.281726
v -0.073076 0.771192 0.306239
v -0.340599 0.921961 0.077647
v -0.280550 0.825348 0.104234
v -0.191103 0.752631 0.158428
v -0.078260 0.720870 0.244762
v -0.313944 0.878648 0.119903
v -0.250277 0.800100 0.153866
v -0.183567 0.756909 0.204505
v -0.121218 0.738510 0.246528
v -0.060733 0.732706 0.272386
v -0.342756 0.950585 -0.087901
v -0.310551 0.933037 -0.154378
v -0.263146 0.924634 -0.216438
v -0.123286 0.925420 -0.311166
v -0.340650 0.976636 -0.131832
v -0.303276 0.963576 -0.198000
v -0.246215 0.955747 -0.261194
v -0.172425 0.954568 -0.312353
v -0.088514 0.960726 -0.347707
v -0.175253 0.744099 0.114937
v -0.045728 0.705169 0.219396
v -0.044207 0.711207 0.240678
v -0.082666 0.712285 0.214941
v -0.189029 0.824919 0.280118
v -0.209467 1.306126 0.308326
v -0.217245 1.212354 0.324198
v -0.217907 1.108765 0.329254
v -0.213067 1.004178 0.323809
v -0.203355 0.907572 0.307718
v -0.202108 1.375710 0.278653
v -0.234658 1.136549 -0.338178
v -0.231416 1.210934 -0.340685
v -0.211574 1.347210 -0.314936
v -0.204391 1.396535 -0.285787
v -0.223140 1.282957 -0.332889
v -0.217435 1.429919 -0.231325
v -0.233148 1.455669 -0.151317
v -0.241247 1.470549 -0.056881
v -0.241275 1.469642 0.043227
v -0.232466 1.451436 0.140505
v -0.215339 1.419679 0.222526
v -0.231953 1.062440 -0.326216
v -0.220581 0.989164 -0.304122
v -0.167932 0.766821 0.245821
v -0.130771 0.728457 0.210055
v -0.198847 0.921598 -0.270296
v -0.082617 0.757903 -0.057157
v -0.096860 0.748945 -0.028737
v -0.126594 0.721768 0.172463
v -0.104300 0.716153 0.137878
v -0.071590 0.706196 0.184442
v -0.316272 0.869192 0.058540
v -0.314731 0.869089 -0.005616
v -0.299532 0.867295 -0.068588
v -0.268879 0.863341 -0.128328
v -0.224817 0.863175 -0.181604
v -0.097874 0.738297 0.003272
v -0.168598 0.866251 -0.226710
v -0.104217 0.873100 -0.262496
v -0.341841 0.915461 0.017402
v -0.334692 0.914336 -0.045347
v -0.309506 0.901622 -0.110968
v -0.270591 0.894084 -0.171901
v -0.216374 0.891493 -0.226047
v -0.150120 0.894128 -0.269941
v -0.076756 0.902322 -0.302686
v -0.239374 0.783580 0.079212
v -0.246811 0.794862 0.012428
v -0.238665 0.803849 -0.044806
v -0.216052 0.811029 -0.095953
v -0.181063 0.818046 -0.140906
v -0.084538 0.726745 0.035701
v -0.136155 0.825507 -0.179096
v -0.084399 0.833869 -0.210349
v -0.283943 0.825389 0.035808
v -0.278891 0.830698 -0.027520
v -0.258447 0.833257 -0.085736
v -0.224606 0.836379 -0.138063
v -0.178796 0.841126 -0.183367
v -0.123952 0.847820 -0.220760
v -0.063400 0.857026 -0.250525
v -0.140762 0.733299 0.082876
v -0.166953 0.750742 0.028642
v -0.173321 0.765278 -0.018924
v -0.163155 0.777028 -0.061572
v -0.139653 0.786950 -0.099538
v -0.053522 0.715347 0.065955
v -0.106379 0.795822 -0.132203
v -0.066523 0.803997 -0.158941
v -0.201490 0.761954 0.050143
v -0.208515 0.776036 -0.006390
v -0.199197 0.787282 -0.056011
v -0.175868 0.796705 -0.100104
v -0.141249 0.805350 -0.138482
v -0.098582 0.813750 -0.170659
v -0.050629 0.822469 -0.196805
v -0.049608 0.713961 0.083738
v -0.096288 0.728585 0.044081
v -0.115410 0.742376 0.006987
v -0.117054 0.754447 -0.028366
v -0.104638 0.764730 -0.060805
v -0.081850 0.773356 -0.088675
v -0.052113 0.780179 -0.110222
v -0.046105 1.102893 0.390220
v -0.046505 1.213018 0.384915
v -0.042745 0.882879 0.361296
v -0.044894 0.989590 0.382400
v -0.045682 1.318264 0.361914
v -0.038881 0.796321 0.328401
v -0.044199 1.409524 0.312902
v -0.050599 1.144022 -0.411929
v -0.050267 1.216972 -0.410939
v -0.047811 1.356183 -0.372182
v -0.047713 1.421569 -0.326441
v -0.049077 1.287452 -0.398442
v -0.048561 1.511146 0.146678
v -0.050724 1.530614 0.045058
v -0.051389 1.532928 -0.059571
v -0.050869 1.516112 -0.162109
v -0.049367 1.478105 -0.254872
v -0.045291 1.472589 0.239068
v -0.049696 1.070189 -0.400763
v -0.046841 0.999014 -0.376408
v -0.033767 0.747828 0.295889
v -0.026626 0.719796 0.262202
v -0.041738 0.935336 -0.337970
v -0.044338 0.702770 0.155835
v -0.021231 0.705065 0.229784
v -0.029692 0.700401 0.196049
v -0.067346 0.712636 0.109287
v -0.035252 0.883611 -0.288783
v -0.028590 0.843510 -0.234782
v -0.022624 0.811613 -0.179210
v -0.113294 0.729212 0.059600
v -0.017825 0.784457 -0.123530
v -0.138433 0.745346 0.014714
v -0.142732 0.758837 -0.025810
v -0.131521 0.770036 -0.062797
v -0.108222 0.779571 -0.095506
v -0.076794 0.787817 -0.122823
v -0.039785 0.794718 -0.143618
v -0.060397 0.765091 -0.080052
v -0.031685 0.769550 -0.095019
v -0.021705 0.699616 0.075956
v -0.057941 0.705504 0.057278
v -0.080072 0.713799 0.029165
v -0.088610 0.722429 -0.002202
v -0.082900 0.730427 -0.031798
v -0.066586 0.737257 -0.056507
v -0.043457 0.742064 -0.073778
v -0.014998 0.743872 -0.083708
v -0.389729 1.133151 -0.009890
v -0.388903 1.109664 0.017015
v -0.381031 1.085234 -0.068997
v -0.388336 1.110037 -0.028892
v -0.371726 1.006426 0.045910
v -0.380602 1.039417 0.002757
v -0.378767 1.051232 0.055376
v -0.386654 1.092241 0.030034
v -0.369227 0.998069 -0.039174
v -0.382797 1.064880 -0.036437
v -0.383676 1.076885 0.042381
v -0.381411 1.070166 -0.054392
v -0.388906 1.123710 -0.025563
v -0.375247 1.015194 -0.014228
v -0.376952 1.034655 -0.042906
v -0.387163 1.104095 0.031544
v -0.379165 1.042951 0.041313
v -0.376268 1.019413 0.021353
v -0.385449 1.103517 -0.050119
v -0.389547 1.121647 0.007964
v -0.398244 1.067621 0.007607
v -0.398920 1.074125 -0.015779
v -0.402845 1.105746 -0.009436
v -0.402801 1.106881 0.004883
v -0.401550 1.099115 0.017144
v -0.400000 1.086227 0.020891
v -0.398833 1.074485 0.017068
v -0.398237 1.067149 -0.004912
v -0.400252 1.085107 -0.020714
v -0.401753 1.096746 -0.018451
v -0.394058 1.090814 -0.021243
v -0.392526 1.078823 -0.019927
v -0.392401 1.079283 0.020543
v -0.393838 1.092972 0.020735
v -0.396078 1.108125 -0.002870
v -0.395410 1.102383 -0.015415
v -0.391499 1.069292 0.013575
v -0.395335 1.104326 0.012275
v -0.391168 1.065114 0.001557
v -0.391475 1.068596 -0.011377
v -0.416395 1.066308 0.008120
v -0.416848 1.073209 -0.016974
v -0.420440 1.107444 -0.010250
v -0.420398 1.108613 0.005225
v -0.419279 1.100088 0.018395
v -0.417940 1.086219 0.022366
v -0.416929 1.073667 0.018240
v -0.416320 1.065758 -0.005269
v -0.417983 1.085014 -0.022420
v -0.419370 1.097623 -0.020042
v -0.409469 1.090993 -0.020812
v -0.407961 1.079392 -0.019422
v -0.407827 1.079766 0.019914
v -0.409248 1.093050 0.020290
v -0.411505 1.107876 -0.002782
v -0.410844 1.102201 -0.015000
v -0.406956 1.070321 0.013022
v -0.410733 1.104195 0.012104
v -0.406629 1.066286 0.001483
v -0.406944 1.069623 -0.011008
v -0.437055 1.056439 0.011841
v -0.436547 1.066296 -0.023906
v -0.437953 1.116428 -0.014478
v -0.437815 1.117859 0.007439
v -0.437434 1.105416 0.026383
v -0.437099 1.085881 0.032289
v -0.436875 1.067774 0.026158
v -0.436842 1.055559 -0.007100
v -0.436699 1.083420 -0.031775
v -0.437287 1.102121 -0.028473
v -0.427347 1.078260 0.024287
v -0.428133 1.094394 0.024717
v -0.429543 1.112776 -0.003412
v -0.429029 1.105760 -0.018339
v -0.427966 1.091914 -0.025397
v -0.426913 1.066635 0.015892
v -0.429017 1.108055 0.014665
v -0.426669 1.061604 0.001854
v -0.426630 1.065751 -0.013333
v -0.427074 1.077672 -0.023639
v -0.455841 1.032091 0.020554
v -0.454610 1.048019 -0.039714
v -0.453839 1.136446 -0.024049
v -0.452759 1.138237 0.012872
v -0.453093 1.116961 0.045109
v -0.453786 1.084703 0.055707
v -0.454113 1.053437 0.044563
v -0.455799 1.030191 -0.010976
v -0.454031 1.077981 -0.053565
v -0.453878 1.111967 -0.048337
v -0.446061 1.052107 0.026170
v -0.445472 1.072671 0.040110
v -0.445307 1.120610 0.023956
v -0.445878 1.129120 -0.005097
v -0.446847 1.042353 0.003966
v -0.445934 1.049555 -0.020725
v -0.445768 1.098447 0.041587
v -0.445580 1.068617 -0.038059
v -0.445349 1.093824 -0.041135
v -0.445888 1.117629 -0.029846
v -0.477533 1.006770 0.029670
v -0.476173 1.029548 -0.059906
v -0.472967 1.158306 -0.034983
v -0.470437 1.161233 0.019271
v -0.471164 1.131696 0.064538
v -0.473508 1.083831 0.081183
v -0.475578 1.036872 0.066721
v -0.477433 1.004128 -0.018011
v -0.475529 1.074486 -0.080342
v -0.475019 1.124106 -0.072296
v -0.464584 1.029733 0.042095
v -0.462852 1.063558 0.064618
v -0.460147 1.139455 0.037642
v -0.461112 1.152279 -0.007313
v -0.466061 1.014441 0.005890
v -0.464698 1.025233 -0.033418
v -0.461877 1.104708 0.065581
v -0.463838 1.055695 -0.061099
v -0.463125 1.097306 -0.066402
v -0.462854 1.135176 -0.047882
v -0.513783 0.985543 0.038470
v -0.513802 1.013870 -0.078865
v -0.509520 1.181406 -0.044627
v -0.506359 1.186465 0.025473
v -0.507080 1.149188 0.083550
v -0.509884 1.086000 0.105266
v -0.512396 1.023948 0.087264
v -0.513849 0.981793 -0.024309
v -0.514162 1.072628 -0.105256
v -0.513180 1.137085 -0.093723
v -0.485327 1.161600 0.051772
v -0.486651 1.177198 -0.009408
v -0.493495 0.989580 0.006727
v -0.492596 1.008947 0.058617
v -0.492715 1.002867 -0.047937
v -0.487589 1.113876 0.088958
v -0.492265 1.045284 -0.085885
v -0.492054 1.102810 -0.093114
v -0.490319 1.055645 0.089828
v -0.490402 1.154216 -0.066100
v -0.567817 0.975535 0.043524
v -0.570912 1.006681 -0.087136
v -0.565812 1.194041 -0.048399
v -0.563622 1.200427 0.028099
v -0.564636 1.159457 0.092587
v -0.566138 1.088521 0.117335
v -0.567075 1.018677 0.097736
v -0.568991 0.970994 -0.026444
v -0.571772 1.072479 -0.115977
v -0.569799 1.144483 -0.102319
v -0.539469 0.971539 0.008305
v -0.538891 0.994967 0.071411
v -0.540067 0.986747 -0.058102
v -0.535187 1.123382 0.107403
v -0.533160 1.181170 0.062513
v -0.541082 1.038152 -0.103993
v -0.540936 1.108111 -0.111943
v -0.537377 1.051902 0.108905
v -0.533974 1.198752 -0.010889
v -0.537997 1.170371 -0.078383
v -0.624467 0.984213 0.040766
v -0.631163 1.013666 -0.077718
v -0.626215 1.186251 -0.043680
v -0.624546 1.192488 0.025373
v -0.625348 1.154504 0.084534
v -0.624990 1.088441 0.107970
v -0.623775 1.023628 0.090526
v -0.627582 0.980709 -0.023061
v -0.632068 1.073667 -0.103663
v -0.629821 1.139951 -0.091734
v -0.600845 0.986090 -0.057712
v -0.597910 0.970419 0.009200
v -0.596524 1.125671 0.108771
v -0.595479 1.184517 0.062748
v -0.603059 1.038233 -0.103579
v -0.602386 1.109240 -0.111195
v -0.596313 1.052244 0.110967
v -0.595732 1.201883 -0.010782
v -0.599052 1.172664 -0.077571
v -0.596591 0.994226 0.073140
v -0.666120 1.007239 0.031926
v -0.672307 1.030678 -0.055666
v -0.668038 1.162414 -0.032729
v -0.667196 1.167347 0.018683
v -0.668907 1.137120 0.063236
v -0.668564 1.086480 0.080993
v -0.666146 1.036945 0.068777
v -0.669179 1.005573 -0.015455
v -0.673230 1.075557 -0.075233
v -0.671313 1.125865 -0.067339
v -0.650153 1.118827 0.089897
v -0.649217 1.168698 0.051612
v -0.655657 1.046093 -0.082804
v -0.653213 1.003187 -0.045714
v -0.654892 1.104797 -0.089675
v -0.648305 1.056991 0.092621
v -0.648730 1.183917 -0.009323
v -0.651653 1.158341 -0.063200
v -0.647175 1.008423 0.061731
v -0.649260 0.989368 0.008894
v -0.686990 1.029434 0.021618
v -0.690483 1.045198 -0.035430
v -0.690212 1.133825 -0.020444
v -0.689727 1.137019 0.012850
v -0.690313 1.116253 0.041771
v -0.689772 1.082164 0.052882
v -0.687780 1.049267 0.044885
v -0.688461 1.028293 -0.008781
v -0.691699 1.075628 -0.048754
v -0.691493 1.109450 -0.043244
v -0.684598 1.056052 -0.055217
v -0.682618 1.026068 -0.029594
v -0.684519 1.097032 -0.060472
v -0.680592 1.062939 0.063827
v -0.682249 1.106373 0.061873
v -0.680550 1.153764 -0.006277
v -0.682524 1.134956 -0.042657
v -0.678665 1.028744 0.043236
v -0.681354 1.142267 0.035876
v -0.679913 1.015893 0.007515
v -0.694230 1.042394 0.015330
v -0.695880 1.051733 -0.024201
v -0.698434 1.112860 -0.012987
v -0.698252 1.114538 0.008793
v -0.697816 1.100771 0.028230
v -0.696728 1.078234 0.036011
v -0.695172 1.056340 0.030685
v -0.694649 1.040599 -0.005409
v -0.697353 1.073653 -0.033420
v -0.698335 1.097324 -0.028834
v -0.693408 1.065754 0.041978
v -0.694804 1.094442 0.041109
v -0.695206 1.126282 -0.003318
v -0.695760 1.114358 -0.027145
v -0.695747 1.089298 -0.039904
v -0.691738 1.043039 0.028858
v -0.695158 1.118456 0.023871
v -0.691747 1.033736 0.005905
v -0.693088 1.039969 -0.018869
v -0.694665 1.060447 -0.036697
v -0.698746 1.055953 0.009066
v -0.699759 1.062213 -0.013437
v -0.701685 1.095725 -0.007024
v -0.701586 1.096737 0.005318
v -0.701081 1.089236 0.016233
v -0.700211 1.076619 0.020870
v -0.699259 1.064056 0.018087
v -0.698991 1.055280 -0.003023
v -0.700679 1.074363 -0.018312
v -0.701393 1.087138 -0.015856
v -0.700379 1.105980 -0.001727
v -0.700340 1.098897 -0.016843
v -0.699727 1.083333 -0.025284
v -0.696899 1.053573 0.019114
v -0.698048 1.068224 0.027384
v -0.700092 1.101115 0.015272
v -0.696672 1.047093 0.004181
v -0.697360 1.051010 -0.012050
v -0.699252 1.086251 0.026554
v -0.698527 1.064445 -0.023517
v -0.701114 1.066544 0.004393
v -0.701586 1.069744 -0.005919
v -0.702564 1.084583 -0.002971
v -0.702521 1.085047 0.002684
v -0.702213 1.081722 0.007747
v -0.701746 1.075983 0.010056
v -0.701313 1.070188 0.008772
v -0.701235 1.066427 -0.001264
v -0.702002 1.075136 -0.008038
v -0.702360 1.080738 -0.006968
v -0.702252 1.086924 -0.008247
v -0.701855 1.079305 -0.012255
v -0.700302 1.064075 0.010138
v -0.700842 1.071635 0.014492
v -0.702102 1.088208 0.008047
v -0.702347 1.090501 -0.000588
v -0.700238 1.060968 0.002214
v -0.700642 1.063514 -0.005990
v -0.701543 1.080840 0.013774
v -0.701265 1.070470 -0.011388
v -0.701920 1.074099 0.005829
v -0.701736 1.071340 0.004130
v -0.702432 1.080149 0.003306
v -0.702539 1.080980 0.000132
v -0.701717 1.070261 0.001128
v -0.701852 1.071219 -0.001898
v -0.702189 1.077486 0.005517
v -0.702074 1.073762 -0.003862
v -0.702302 1.076960 -0.004167
v -0.702481 1.079715 -0.002688
v -0.022026 0.645011 0.088045
v -0.060427 0.645513 0.070144
v -0.086102 0.645826 0.040021
v -0.096468 0.644910 0.006038
v -0.089927 0.644770 -0.026677
v -0.071565 0.646237 -0.053381
v -0.046979 0.647847 -0.071209
v -0.016574 0.647451 -0.081185
v -0.075116 0.690250 -0.041334
v -0.055636 0.694185 -0.062246
v -0.029835 0.696471 -0.075156
v -0.039647 0.674810 0.072591
v -0.069391 0.678209 0.049190
v -0.085596 0.682043 0.018066
v -0.087230 0.685843 -0.013646
v -0.028919 0.581060 0.162989
v -0.083442 0.585614 0.141368
v -0.134902 0.587057 0.104267
v -0.173380 0.592248 0.051656
v -0.176666 0.586582 0.006024
v -0.142588 0.571023 -0.047865
v -0.086651 0.563899 -0.087836
v -0.028252 0.554762 -0.108936
v -0.139862 0.591178 -0.025560
v -0.069327 0.618434 -0.064102
v -0.037251 0.617437 -0.080109
v -0.045496 0.625262 0.095409
v -0.081746 0.625697 0.069098
v -0.105213 0.624064 0.034605
v -0.110300 0.620731 -0.002015
v -0.094848 0.618613 -0.038389
v -0.100039 0.586032 -0.065673
v -0.050625 0.579705 -0.091914
v -0.052568 0.597962 0.134069
v -0.099333 0.600873 0.105377
v -0.138891 0.601334 0.064972
v -0.152063 0.600564 0.021381
v -0.124885 0.606473 -0.011804
v -0.128295 0.611164 0.030531
v -0.106844 0.613117 0.068883
v -0.070080 0.612702 0.101720
v -0.024831 0.610168 0.122024
v -0.022075 0.596117 -0.089915
v -0.064090 0.600277 -0.075946
v -0.100200 0.602703 -0.050185
v -0.035753 0.468830 0.257024
v -0.060620 0.568467 0.172355
v -0.039083 0.369628 0.311626
v -0.040821 0.298553 0.345277
v -0.079441 0.335312 0.321647
v -0.042711 0.212976 0.381584
v -0.083415 0.257452 0.356410
v -0.045028 0.122709 0.412981
v -0.086495 0.170253 0.390631
v -0.170864 0.172903 0.360374
v -0.133593 0.127164 0.391803
v -0.127111 0.215470 0.361768
v -0.245104 0.169765 0.303652
v -0.214895 0.129840 0.349221
v -0.206039 0.212989 0.322334
v -0.116709 0.571202 0.144031
v -0.173155 0.566644 0.105755
v -0.297951 0.163508 0.212969
v -0.280482 0.127615 0.267098
v -0.270080 0.204832 0.248825
v -0.302766 0.155542 0.036566
v -0.317616 0.118922 0.066683
v -0.265212 0.156358 -0.027612
v -0.993439 0.111851 -0.010209
v -0.927973 0.036487 0.009933
v -0.192572 0.153190 -0.091781
v -0.239768 0.116578 -0.061556
v -0.228045 0.193257 -0.062851
v -0.094882 0.151834 -0.130640
v -0.152446 0.114502 -0.117568
v -0.140863 0.187464 -0.114467
v -0.045039 0.126149 -0.140170
v -0.045186 0.187730 -0.138873
v -0.163770 0.255447 0.329100
v -0.155559 0.329327 0.297809
v -0.121037 0.296529 0.328167
v -0.115611 0.365123 0.296506
v -0.105633 0.468494 0.240914
v -0.234893 0.247634 0.278840
v -0.222332 0.319842 0.254163
v -0.224039 0.447345 0.166957
v -0.195664 0.289544 0.293833
v -0.186411 0.357225 0.265047
v -0.171405 0.460742 0.210800
v -0.288010 0.445188 0.103270
v -0.126860 0.536636 0.178276
v -0.183306 0.528699 0.142270
v -0.160294 0.512881 0.176931
v -0.100101 0.517507 0.207900
v -0.034266 0.515396 0.225441
v -0.062044 0.536358 -0.110222
v -0.032814 0.505266 -0.125591
v -0.099805 0.516613 -0.105435
v -0.160889 0.524867 -0.066514
v -0.125592 0.546333 -0.078287
v -0.181840 0.550501 -0.035223
v -0.069964 0.482680 -0.123722
v -0.036965 0.446255 -0.134069
v -0.109372 0.458062 -0.115915
v -0.173548 0.467407 -0.078436
v -0.137446 0.493756 -0.095112
v -0.193348 0.499302 -0.053950
v -0.076778 0.419850 -0.129377
v -0.149415 0.430523 -0.101010
v -0.039951 0.382786 -0.137232
v -0.118659 0.392914 -0.118576
v -0.190361 0.405256 -0.075889
v -0.208955 0.441074 -0.056014
v -0.082362 0.357392 -0.130709
v -0.042393 0.322751 -0.138427
v -0.128072 0.331949 -0.117079
v -0.207558 0.346338 -0.066720
v -0.162666 0.369052 -0.098563
v -0.227989 0.386951 -0.043275
v -0.256133 0.279133 0.232221
v -0.296737 0.263696 0.060295
v -0.934676 0.045368 -0.011041
v -0.220958 0.268482 -0.063860
v -0.137314 0.261283 -0.114596
v -0.044214 0.256572 -0.138853
v -0.285368 0.237791 0.201270
v -0.292349 0.229549 0.034228
v -0.255438 0.232383 -0.030854
v -0.185315 0.227067 -0.092081
v -0.090718 0.222352 -0.129867
v -0.065905 0.536212 0.203454
v -0.242022 0.346027 0.210789
v -0.283620 0.327239 0.055419
v -1.004666 0.126253 0.019951
v -0.150540 0.552455 0.143697
v -0.269226 0.308593 0.188787
v -0.280799 0.300430 0.032626
v -0.245684 0.310948 -0.030971
v -0.176785 0.303010 -0.093919
v -0.087861 0.293563 -0.130282
v -0.072699 0.444548 0.265617
v -0.142580 0.440272 0.242807
v -0.204489 0.429265 0.204442
v -0.135198 0.491726 0.211043
v -0.194230 0.481497 0.174295
v -0.069506 0.494269 0.234368
v -0.076068 0.395247 0.292362
v -0.148765 0.389812 0.269460
v -0.212133 0.379936 0.229000
v -0.178769 0.410775 0.239417
v -0.110567 0.418525 0.269641
v -0.037378 0.420010 0.285618
v -0.093559 0.554356 0.177155
v -0.032175 0.550521 0.196713
v -0.238432 0.540508 -0.014715
v -0.206318 0.565526 -0.007539
v -0.214065 0.524715 -0.031802
v -0.296206 0.519090 -0.012284
v -0.391073 0.469262 -0.021101
v -0.367108 0.497037 -0.006609
v -0.321233 0.489033 -0.021022
v -0.443006 0.441448 -0.026772
v -0.419271 0.469705 -0.011532
v -0.413507 0.438224 -0.032111
v -0.235245 0.548492 0.086053
v -0.207878 0.539753 0.111390
v -0.201290 0.574333 0.073193
v -0.294095 0.526529 0.078483
v -0.393337 0.482841 0.077133
v -0.367079 0.477354 0.088031
v -0.319076 0.529357 0.061566
v -0.448292 0.457113 0.079443
v -0.417748 0.453919 0.090543
v -0.422424 0.481820 0.062198
v -0.204509 0.583324 0.031664
v -0.368951 0.513421 0.027448
v -0.422569 0.487216 0.024859
v -0.235077 0.567711 0.013088
v -0.295460 0.542932 0.012425
v -0.393934 0.494511 0.007668
v -0.449035 0.466918 0.003443
v -0.233779 0.571683 0.049568
v -0.294757 0.546941 0.045640
v -0.395021 0.501004 0.044641
v -0.451323 0.474054 0.043589
v -0.319781 0.445967 -0.023648
v -0.405199 0.399203 -0.035257
v -0.433177 0.404908 -0.039394
v -0.386310 0.432420 -0.033029
v -0.297916 0.477861 -0.023253
v -0.318887 0.413763 -0.008261
v -0.398850 0.367402 -0.017614
v -0.423770 0.367693 -0.031220
v -0.380312 0.394896 -0.025423
v -0.298035 0.436174 -0.016992
v -0.364094 0.436261 0.094581
v -0.409675 0.415156 0.097981
v -0.389644 0.446419 0.095550
v -0.439017 0.423277 0.099809
v -0.293062 0.487021 0.099159
v -0.401490 0.379275 0.082866
v -0.383343 0.406866 0.089637
v -0.428046 0.383777 0.095184
v -0.419776 0.355056 0.076234
v -0.378081 0.379494 0.071580
v -0.243938 0.495829 -0.028514
v -0.223635 0.472321 -0.040788
v -0.251140 0.446773 -0.026501
v -0.238457 0.420444 -0.032126
v -0.260941 0.407343 -0.008829
v -0.254663 0.379757 -0.007746
v -0.214433 0.498968 0.139205
v -0.238702 0.509936 0.113045
v -0.311883 0.420248 0.087938
v -0.246751 0.415659 0.151938
v -0.242015 0.464696 0.133368
v -0.254673 0.367247 0.169585
v -0.231630 0.398695 0.189094
v -0.279696 0.372148 0.056883
v -0.282093 0.400670 0.012039
v -0.273126 0.356990 0.035847
v -0.415291 0.336092 0.021525
v -0.375481 0.361860 0.022752
v -0.394872 0.350110 0.036635
v -0.301984 0.395737 0.052719
v -0.302059 0.397219 0.026580
v -0.320117 0.392540 0.038077
v -0.315216 0.194606 0.113604
v -0.276202 0.355363 0.120429
v -0.291772 0.300364 0.133859
v -0.306846 0.232161 0.140640
v -0.318199 0.159971 0.147486
v -0.292636 0.117316 0.008145
v -0.976023 0.090671 -0.025596
v -1.004851 0.123745 0.050005
v -0.993276 0.105231 0.073391
v -0.971887 0.079479 0.083224
v -0.271398 0.382787 0.022168
v -0.263185 0.341126 0.004842
v -0.272393 0.268319 0.003147
v -0.282237 0.194652 0.003464
v -0.274959 0.401202 0.106751
v -0.286965 0.389183 0.040710
v -0.417911 0.344042 -0.007313
v -0.376589 0.370524 -0.003428
v -0.299838 0.409790 0.002828
v -0.319646 0.396946 0.014055
v -0.395422 0.351812 0.007808
v -0.305838 0.198000 0.171947
v -0.266296 0.545635 -0.001124
v -0.270178 0.511108 -0.019777
v -0.266722 0.518759 0.095036
v -0.264846 0.551835 0.064737
v -0.266154 0.560331 0.029623
v -0.272489 0.464388 -0.024100
v -0.276873 0.425282 -0.011431
v -0.265210 0.477058 0.111033
v -0.263765 0.431975 0.121589
v -0.316559 0.124532 0.182552
v -0.291793 0.270162 0.165880
v -0.274816 0.334464 0.152198
v -0.263303 0.384811 0.135395
v -0.325198 0.121889 0.122417
v -0.303309 0.264991 0.110952
v -0.287658 0.327117 0.102204
v -0.415721 0.340860 0.051802
v -0.376099 0.365773 0.050017
v -0.278335 0.373750 0.092933
v -0.294910 0.407272 0.082233
v -0.307688 0.192660 0.060307
v -0.286797 0.389044 0.070697
v -0.308205 0.229050 0.084902
v -0.295113 0.296584 0.081477
v -0.281831 0.350643 0.075798
v -0.317378 0.399513 0.064215
v -0.396570 0.359740 0.063294
v -0.318798 0.156962 0.089157
v -0.320069 0.521506 -0.002821
v -0.365629 0.465013 -0.026033
v -0.319518 0.497975 0.088890
v -0.367859 0.507429 0.061343
v -0.321204 0.536183 0.028178
v -0.361302 0.425065 -0.029050
v -0.357828 0.392908 -0.012748
v -0.316033 0.455412 0.097735
v -0.358697 0.401908 0.080384
v -0.356975 0.373844 0.036942
v -0.356590 0.376607 0.010640
v -0.357186 0.382707 0.061549
v -0.338145 0.387030 0.050237
v -0.337822 0.394105 0.000527
v -0.943397 0.044105 0.039682
v -0.338292 0.384468 0.024683
v -0.336171 0.400637 0.073205
v -0.338073 0.427260 0.090592
v -0.342550 0.467026 0.094306
v -0.338875 0.418288 -0.020006
v -0.341880 0.456724 -0.027056
v -0.343899 0.525140 0.044981
v -0.344032 0.519824 0.010761
v -0.343014 0.505931 0.076182
v -0.343181 0.495314 -0.015925
v -0.942250 0.045391 0.004653
v -0.495402 0.414443 -0.031101
v -0.501815 0.431991 0.081762
v -0.503111 0.439841 0.000895
v -0.505669 0.447519 0.043266
v -0.482787 0.377641 -0.044822
v -0.470961 0.339551 -0.036003
v -0.490179 0.398895 0.104800
v -0.476110 0.357728 0.100857
v -0.465370 0.327151 0.080452
v -0.459779 0.307196 0.021128
v -0.463443 0.315226 -0.009998
v -0.460095 0.312328 0.053847
v -0.451924 0.371328 -0.041237
v -0.443289 0.339502 -0.022207
v -0.470624 0.429290 0.094203
v -0.478035 0.455357 0.063154
v -0.463861 0.410849 -0.037833
v -0.446558 0.353472 0.088728
v -0.458046 0.391219 0.103745
v -0.477940 0.460044 0.022463
v -0.473450 0.442097 -0.015863
v -0.439277 0.333078 0.066908
v -0.438300 0.324083 0.005708
v -0.436912 0.322897 0.037194
v -0.940109 0.041883 0.021598
v -0.547558 0.387007 -0.034716
v -0.554489 0.406994 0.083924
v -0.556898 0.412652 -0.001028
v -0.559737 0.420977 0.043413
v -0.532571 0.349908 -0.048776
v -0.518518 0.311414 -0.039047
v -0.540206 0.374215 0.109121
v -0.523549 0.331331 0.105635
v -0.511207 0.299109 0.084086
v -0.505408 0.277698 0.021233
v -0.509750 0.286370 -0.011546
v -0.505380 0.283165 0.055883
v -0.493352 0.326065 0.093220
v -0.507399 0.365904 0.109128
v -0.526608 0.414958 -0.018936
v -0.515043 0.383676 -0.042211
v -0.484579 0.304428 0.069907
v -0.522705 0.404827 0.097761
v -0.531724 0.429506 0.064123
v -0.481937 0.293626 0.038168
v -0.532000 0.433137 0.021433
v -0.490047 0.310989 -0.025161
v -0.483983 0.294802 0.004630
v -0.500597 0.343630 -0.045754
v -0.951196 0.051495 0.054597
v -0.599918 0.359687 -0.037886
v -0.606525 0.382035 0.085791
v -0.611495 0.385522 -0.002479
v -0.614000 0.394264 0.044099
v -0.582443 0.321977 -0.051889
v -0.566567 0.282855 -0.041185
v -0.590186 0.349261 0.112573
v -0.571532 0.304309 0.109858
v -0.558071 0.270407 0.087393
v -0.552102 0.247850 0.021421
v -0.556626 0.257263 -0.012620
v -0.552223 0.253217 0.057754
v -0.584611 0.403812 0.065451
v -0.586030 0.406370 0.020906
v -0.528352 0.263675 0.039205
v -0.530966 0.275214 0.072717
v -0.565929 0.355997 -0.045869
v -0.549396 0.315384 -0.048850
v -0.537408 0.282240 -0.027063
v -0.555921 0.340102 0.113608
v -0.573422 0.380606 0.100743
v -0.530551 0.265314 0.003988
v -0.540412 0.298375 0.097256
v -0.579633 0.387740 -0.021759
v -0.965184 0.065764 0.065344
v -0.653351 0.332136 -0.040084
v -0.661387 0.354816 0.086559
v -0.668687 0.357215 -0.003542
v -0.671486 0.365624 0.044266
v -0.631931 0.294344 -0.053699
v -0.612749 0.255191 -0.041858
v -0.641886 0.322889 0.115319
v -0.618492 0.277698 0.113551
v -0.602425 0.242963 0.090035
v -0.596705 0.219384 0.022181
v -0.601401 0.229325 -0.012498
v -0.596703 0.224790 0.059488
v -0.575942 0.236587 0.003791
v -0.586381 0.271238 0.100844
v -0.605390 0.314057 0.117577
v -0.634766 0.360238 -0.023850
v -0.617522 0.328488 -0.048617
v -0.576354 0.246604 0.075236
v -0.626302 0.355181 0.102629
v -0.639933 0.376561 0.066342
v -0.573924 0.234362 0.040273
v -0.643398 0.378141 0.020767
v -0.583444 0.254105 -0.028147
v -0.597644 0.287579 -0.050982
v -0.983002 0.085260 0.065543
v -0.701863 0.304504 -0.042510
v -0.708488 0.328699 0.087993
v -0.718114 0.331226 -0.005487
v -0.720406 0.340450 0.044070
v -0.679941 0.265368 -0.054046
v -0.661401 0.225329 -0.039866
v -0.688661 0.294618 0.118091
v -0.666289 0.247651 0.115935
v -0.650609 0.212441 0.091225
v -0.644373 0.189983 0.023957
v -0.649961 0.199535 -0.010281
v -0.644518 0.194845 0.060853
v -0.630122 0.225415 -0.027032
v -0.621970 0.207923 0.005039
v -0.692573 0.349552 0.066814
v -0.697723 0.350784 0.020041
v -0.619618 0.205486 0.041683
v -0.622191 0.217679 0.076939
v -0.667439 0.300514 -0.050487
v -0.645434 0.259151 -0.050969
v -0.653869 0.286231 0.120926
v -0.676800 0.328104 0.104310
v -0.632595 0.242770 0.103159
v -0.687321 0.332874 -0.025877
v -0.951718 0.056579 -0.009798
v -0.748712 0.294012 -0.060664
v -0.760637 0.323919 0.102929
v -0.770127 0.330475 -0.015995
v -0.774442 0.342586 0.047214
v -0.720840 0.243619 -0.073235
v -0.695677 0.192689 -0.055655
v -0.734824 0.279508 0.137099
v -0.704790 0.222616 0.133152
v -0.683483 0.181258 0.104638
v -0.672376 0.154020 0.023290
v -0.679352 0.162095 -0.018965
v -0.673768 0.161350 0.068038
v -0.670706 0.192332 -0.031558
v -0.660857 0.175159 0.004037
v -0.741373 0.336855 0.071683
v -0.747276 0.339343 0.017529
v -0.658128 0.174052 0.044121
v -0.662276 0.187073 0.082333
v -0.712618 0.278415 -0.059960
v -0.688439 0.230959 -0.058645
v -0.697953 0.261807 0.130306
v -0.723091 0.309339 0.113518
v -0.674680 0.213368 0.110866
v -0.735258 0.316931 -0.034346
v -0.968379 0.074737 -0.015441
v -0.804435 0.279219 -0.085306
v -0.826185 0.317296 0.123604
v -0.833353 0.326440 -0.028956
v -0.841338 0.341714 0.051524
v -0.767310 0.215967 -0.099266
v -0.732910 0.155083 -0.074994
v -0.791341 0.259429 0.166422
v -0.748419 0.188551 0.159171
v -0.718919 0.139408 0.122716
v -0.701591 0.108823 0.021579
v -0.710445 0.119229 -0.029880
v -0.704819 0.116192 0.077266
v -0.742916 0.238795 0.154920
v -0.778692 0.299495 0.136755
v -0.688419 0.134954 -0.001905
v -0.710508 0.180067 0.130241
v -0.789127 0.311460 -0.052819
v -0.759219 0.260781 -0.083691
v -0.692800 0.149480 0.094979
v -0.800939 0.336984 0.083317
v -0.685649 0.134256 0.047810
v -0.806320 0.341406 0.013209
v -0.701879 0.154024 -0.045590
v -0.726977 0.201210 -0.080145
v -1.000211 0.110654 0.031951
v -0.870391 0.247605 -0.099650
v -0.897447 0.290738 0.135763
v -0.904389 0.301005 -0.036546
v -0.914996 0.318470 0.054065
v -0.825454 0.178629 -0.114696
v -0.783268 0.114441 -0.086740
v -0.855943 0.225144 0.183807
v -0.805287 0.146647 0.175052
v -0.769670 0.092798 0.134068
v -0.747489 0.061359 0.020563
v -0.756874 0.075099 -0.036480
v -0.752305 0.067699 0.083019
v -0.742187 0.111361 -0.058919
v -0.725457 0.087825 -0.008027
v -0.873113 0.325311 0.094836
v -0.877410 0.330861 0.009390
v -0.722850 0.084909 0.051227
v -0.733076 0.101108 0.107859
v -0.816734 0.233023 -0.107163
v -0.774870 0.164256 -0.100942
v -0.798836 0.205047 0.181146
v -0.845537 0.279313 0.160420
v -0.936049 0.042388 0.056524
v -0.756289 0.136841 0.150250
v -0.854731 0.294215 -0.070302
v -0.995310 0.105978 0.008484
v -0.931170 0.201709 -0.093815
v -0.957506 0.243623 0.129032
v -0.964699 0.252398 -0.033836
v -0.974855 0.269393 0.051758
v -0.883632 0.138732 -0.108071
v -0.838561 0.080955 -0.081173
v -0.916440 0.182180 0.175026
v -0.865442 0.109553 0.166533
v -0.829187 0.060624 0.127360
v -0.804731 0.032002 0.020893
v -0.812419 0.044851 -0.032846
v -0.811246 0.037706 0.079236
v -0.831342 0.125468 -0.105477
v -0.794605 0.073560 -0.061510
v -0.861061 0.164626 0.186236
v -0.911023 0.241030 0.164924
v -0.777643 0.048406 -0.008892
v -0.928446 0.035730 0.033887
v -0.813946 0.096128 0.154009
v -0.921939 0.255364 -0.074428
v -0.879707 0.193032 -0.112338
v -0.788445 0.059865 0.110188
v -0.942103 0.287914 0.096588
v -0.776104 0.044450 0.051742
v -0.946047 0.293784 0.008079
v -0.995791 0.102319 0.052124
v -0.972013 0.151827 -0.067173
v -0.995047 0.186037 0.104990
v -0.998890 0.192010 -0.019757
v -1.007319 0.207479 0.046169
v -0.931775 0.103680 -0.079887
v -0.892061 0.058947 -0.059802
v -0.962657 0.136505 0.140989
v -0.919152 0.082119 0.135119
v -0.887940 0.045959 0.104318
v -0.865318 0.022630 0.021016
v -0.870322 0.031440 -0.021646
v -0.872122 0.028064 0.066698
v -0.952934 0.065627 -0.026688
v -0.837523 0.025765 0.047465
v -0.993481 0.236074 0.010543
v -0.972497 0.201379 -0.060624
v -0.851390 0.048922 -0.050357
v -0.837265 0.028292 -0.004522
v -0.990306 0.231822 0.085778
v -0.850263 0.039088 0.097284
v -0.933670 0.148504 -0.093961
v -0.886383 0.092288 -0.088677
v -0.918263 0.125111 0.163371
v -0.963682 0.190305 0.144485
v -0.873811 0.069033 0.135250
v -0.984074 0.092423 -0.009045
v -0.985202 0.114450 -0.033172
v -1.003199 0.134288 0.075574
v -1.003470 0.139438 -0.002272
v -1.010692 0.148990 0.039466
v -0.958330 0.083655 -0.043334
v -0.930193 0.053294 -0.032316
v -0.981432 0.103227 0.098735
v -0.951210 0.069296 0.096940
v -0.928507 0.045473 0.077809
v -0.911273 0.029209 0.021768
v -0.914655 0.034765 -0.007179
v -0.916436 0.033200 0.052561
v -0.929349 0.071959 -0.057255
v -0.901667 0.040569 -0.030622
v -0.956816 0.095039 0.122526
v -0.990902 0.139760 0.107978
v -0.891518 0.026488 0.002795
v -0.949096 0.055839 0.073333
v -0.921969 0.056821 0.103811
v -0.994128 0.148474 -0.033861
v -0.965962 0.112056 -0.058587
v -0.903142 0.035730 0.076609
v -1.009094 0.171063 0.067862
v -0.892363 0.025504 0.040736
v -1.010205 0.173907 0.016350
v -0.960729 0.056452 0.030905
v -0.960104 0.057133 0.014539
v -0.959102 0.055423 0.022416
v -0.964534 0.059985 0.037924
v -0.971204 0.066804 0.042862
v -0.979461 0.075961 0.042786
v -0.964577 0.062511 0.007889
v -0.972388 0.071252 0.005402
v -0.987577 0.087385 0.027240
v -0.985211 0.085492 0.016495
v -0.985395 0.083644 0.036511
v -0.979779 0.079512 0.008459
v -0.954763 0.054620 0.004592
v -0.951076 0.049742 0.015621
v -0.963044 0.060056 0.049463
v -0.975365 0.072909 0.054377
v -0.992775 0.097110 0.021080
v -0.986383 0.090181 0.005474
v -0.976870 0.079239 -0.002607
v -0.964612 0.065762 -0.003510
v -0.951350 0.049111 0.028372
v -0.986609 0.086294 0.048906
v -0.992914 0.095601 0.036661
v -0.955711 0.052738 0.040465
v -0.967586 0.062732 0.029997
v -0.970414 0.065535 0.033339
v -0.978985 0.075170 0.032993
v -0.981342 0.078467 0.028520
v -0.965950 0.061366 0.025502
v -0.975358 0.072716 0.014199
v -0.970850 0.067681 0.013857
v -0.974906 0.070303 0.034998
v -0.978948 0.076690 0.017221
v -0.967226 0.063481 0.016715
v -0.965809 0.061602 0.020786
v -0.981325 0.079044 0.022828
v -0.053209 0.028389 0.431712
v -0.150303 0.034842 0.407197
v -0.231535 0.043741 0.359285
v -0.293277 0.047665 0.271249
v -0.323703 0.045486 0.069036
v -0.253935 0.040745 -0.069803
v -0.174182 0.035072 -0.132419
v -0.029319 0.021620 -0.153567
v -0.299673 0.043278 0.006726
v -0.324549 0.048198 0.184330
v -0.331525 0.047279 0.125050
v -0.118703 0.070773 -0.140031
v -0.209104 0.077275 -0.098264
v -0.275407 0.079015 -0.027874
v -0.096618 0.077665 0.415678
v -0.184047 0.084544 0.382174
v -0.257901 0.087926 0.319984
v -0.308389 0.087365 0.222260
v -0.326924 0.085980 0.154816
v -0.327058 0.083632 0.095490
v -0.310914 0.081056 0.040121
v -0.057090 -0.059759 0.431111
v -0.157912 -0.050139 0.406047
v -0.239192 -0.036694 0.356238
v -0.300811 -0.027778 0.262619
v -0.328290 -0.024465 0.073092
v -0.269188 -0.027559 -0.076861
v -0.188134 -0.037286 -0.149433
v -0.028249 -0.052935 -0.161334
v -0.309417 -0.024890 0.009363
v -0.329707 -0.024212 0.173562
v -0.334360 -0.023968 0.121241
v -0.270689 0.005366 0.319773
v -0.316783 0.009240 0.217967
v -0.331898 0.009937 0.151705
v -0.331370 0.009125 0.096788
v -0.108279 -0.014948 0.424136
v -0.134626 -0.008339 -0.159920
v -0.091347 0.026989 -0.156170
v -0.317062 0.007916 0.041762
v -0.197941 -0.003719 0.387467
v -0.286336 0.006125 -0.032625
v -0.227218 0.001418 -0.112488
v -0.067651 -0.265176 0.280361
v -0.166282 -0.239058 0.277546
v -0.223719 -0.201455 0.275669
v -0.292608 -0.167910 0.214030
v -0.337738 -0.150244 0.086665
v -0.296447 -0.174654 -0.051564
v -0.226439 -0.214146 -0.113690
v -0.029085 -0.268800 -0.053233
v -0.327700 -0.154412 0.033043
v -0.335025 -0.150950 0.143168
v -0.338822 -0.151017 0.112048
v -0.172332 -0.215210 -0.135946
v -0.337821 -0.134476 0.099072
v -0.324339 -0.049617 0.049944
v -0.124337 -0.236190 0.297303
v -0.200911 -0.075689 0.379227
v -0.298979 -0.050288 -0.029947
v -0.241045 -0.057582 -0.120002
v -0.274470 -0.061223 0.309537
v -0.322703 -0.138831 0.172652
v -0.335001 -0.049793 0.138289
v -0.153351 -0.118522 -0.173052
v -0.335724 -0.081059 0.096847
v -0.332142 -0.104914 0.064164
v -0.115330 -0.148178 0.384359
v -0.197649 -0.162101 0.332985
v -0.312774 -0.111504 -0.015723
v -0.258016 -0.133864 -0.111988
v -0.267360 -0.131109 0.282554
v -0.325809 -0.084053 0.182941
v -0.337289 -0.103815 0.122742
v -0.061552 -0.180793 0.371294
v -0.336952 -0.092006 0.109078
v -0.302397 -0.103690 0.233999
v -0.209122 -0.129204 -0.150502
v -0.335565 -0.091805 0.143237
v -0.234806 -0.129699 0.327022
v -0.287764 -0.105281 -0.069641
v -0.323993 -0.094180 0.027000
v -0.160765 -0.158865 0.358711
v -0.334550 -0.092324 0.083725
v -0.029310 -0.164096 -0.143411
v -0.040237 -0.319109 0.199368
v -0.113526 -0.277431 0.258159
v -0.032442 -0.332701 0.131494
v -0.062012 -0.333161 0.167144
v -0.030035 -0.316319 0.037077
v -0.054542 -0.334280 0.084329
v -0.163516 -0.165941 -0.161856
v -0.336522 -0.104216 0.097613
v -0.118632 -0.192919 0.345457
v -0.324925 -0.107340 0.176106
v -0.333892 -0.134764 0.066068
v -0.195946 -0.200638 0.297402
v -0.315398 -0.144269 -0.010399
v -0.265257 -0.173228 -0.097537
v -0.260435 -0.166540 0.263441
v -0.337723 -0.134581 0.124667
v -0.064953 -0.223570 0.328206
v -0.337524 -0.118399 0.109945
v -0.298022 -0.132816 0.224339
v -0.218929 -0.171644 -0.136468
v -0.335173 -0.118137 0.142112
v -0.230011 -0.163781 0.303261
v -0.293547 -0.137361 -0.061626
v -0.326733 -0.121030 0.031472
v -0.163217 -0.198281 0.320348
v -0.335946 -0.118206 0.085757
v -0.030688 -0.219593 -0.109293
v -0.329630 -0.081279 0.059201
v -0.199487 -0.124725 0.360088
v -0.307680 -0.084343 -0.022387
v -0.250323 -0.098101 -0.118811
v -0.272567 -0.101277 0.296340
v -0.336946 -0.080988 0.125452
v -0.143183 -0.071349 -0.173367
v -0.334037 -0.049699 0.097027
v -0.112570 -0.091343 0.413210
v -0.322708 -0.051989 0.200411
v -0.027973 -0.109819 -0.158733
v -0.332479 -0.067895 0.079516
v -0.160131 -0.112433 0.388635
v -0.318684 -0.067796 0.018891
v -0.280765 -0.072833 -0.074900
v -0.238828 -0.092765 0.343917
v -0.334148 -0.068662 0.153308
v -0.199563 -0.087054 -0.154348
v -0.304108 -0.076312 0.245479
v -0.336259 -0.068062 0.112843
v -0.059668 -0.127803 0.408675
v -0.067549 0.090205 -0.142529
v -0.029851 0.080179 -0.145045
v -0.056205 0.056463 -0.149328
v -0.095415 -0.047619 -0.174532
v -0.119745 -0.255233 -0.108449
v -0.108302 -0.152147 -0.171119
v -0.115481 -0.205689 -0.148027
v -0.100830 -0.101805 -0.178981
v -0.059397 -0.080519 -0.173085
v -0.066423 -0.187282 -0.149611
v -0.062070 -0.132482 -0.168112
v -0.067440 -0.243433 -0.107901
v -0.059786 -0.014090 -0.164216
v -0.052863 -0.301319 -0.018450
v -0.181516 -0.313349 0.249343
v -0.226645 -0.280418 0.249671
v -0.290068 -0.241589 0.206284
v -0.340937 -0.220075 0.085175
v -0.290656 -0.242599 -0.033085
v -0.228419 -0.271014 -0.074404
v -0.324507 -0.226624 0.031430
v -0.335700 -0.219208 0.148450
v -0.342197 -0.219034 0.115028
v -0.147457 -0.337007 0.239876
v -0.079657 -0.366083 0.160871
v -0.075481 -0.365755 0.087406
v -0.141239 -0.302421 -0.075957
v -0.088358 -0.338426 -0.010346
v -0.311975 -0.206209 -0.005977
v -0.268312 -0.207528 -0.080874
v -0.097992 -0.298425 -0.061182
v -0.065123 -0.325914 0.033039
v -0.178471 -0.249788 -0.110646
v -0.072650 -0.352565 0.129053
v -0.083264 -0.327533 0.192511
v -0.335745 -0.194705 0.064925
v -0.156582 -0.301573 0.247548
v -0.192958 -0.233845 0.270402
v -0.320621 -0.198463 0.171244
v -0.338707 -0.165033 0.126646
v -0.253309 -0.199886 0.248325
v -0.339557 -0.164942 0.100006
v -0.197010 -0.779908 0.254039
v -0.242179 -0.783923 0.253402
v -0.289656 -0.791769 0.218683
v -0.335793 -0.792753 0.083997
v -0.276527 -0.803880 -0.001743
v -0.219598 -0.808288 -0.015319
v -0.314988 -0.798016 0.035407
v -0.321669 -0.790911 0.176092
v -0.337435 -0.790591 0.131702
v -0.156392 -0.784724 0.245311
v -0.078209 -0.821489 0.150283
v -0.077033 -0.825118 0.090457
v -0.153692 -0.813289 -0.006057
v -0.101714 -0.820061 0.030554
v -0.298829 -0.774495 0.013672
v -0.260522 -0.302137 -0.040801
v -0.186971 -0.785219 -0.014332
v -0.117350 -0.360610 -0.031596
v -0.085453 -0.389026 0.044722
v -0.328233 -0.767765 0.060216
v -0.306814 -0.763687 0.194507
v -0.340710 -0.264720 0.135409
v -0.179252 -0.759232 0.242867
v -0.209409 -0.335329 0.249131
v -0.343702 -0.265334 0.100622
v -0.258743 -0.304120 0.233724
v -0.085457 -0.790020 0.172640
v -0.074508 -0.799067 0.122220
v -0.314892 -0.177359 -0.007502
v -0.267277 -0.230481 -0.066838
v -0.082751 -0.286407 -0.066105
v -0.075280 -0.338406 0.036374
v -0.182723 -0.266419 -0.096102
v -0.067756 -0.342676 0.129305
v -0.087997 -0.343463 0.187365
v -0.335136 -0.165692 0.065981
v -0.147223 -0.271023 0.257945
v -0.197303 -0.268693 0.257024
v -0.320920 -0.169929 0.170980
v -0.339959 -0.192216 0.128219
v -0.252332 -0.233386 0.239526
v -0.341339 -0.192726 0.100217
v -0.339413 -0.177938 0.086497
v -0.138717 -0.295368 0.245311
v -0.289107 -0.196931 0.209051
v -0.340347 -0.178018 0.113076
v -0.130101 -0.274851 -0.092717
v -0.069426 -0.342702 0.085207
v -0.219713 -0.231674 0.260890
v -0.335416 -0.177927 0.144621
v -0.170253 -0.267005 0.258920
v -0.326917 -0.183405 0.032174
v -0.076612 -0.342212 0.163601
v -0.228940 -0.238586 -0.095417
v -0.073982 -0.311936 -0.018179
v -0.295362 -0.202914 -0.043341
v -0.305066 -0.280608 0.000829
v -0.299690 -0.387711 0.007663
v -0.299775 -0.480843 0.009983
v -0.300599 -0.570880 0.012437
v -0.253642 -0.659692 -0.011328
v -0.253205 -0.584143 -0.012138
v -0.252565 -0.497395 -0.014158
v -0.253509 -0.408099 -0.018504
v -0.188182 -0.331084 -0.058446
v -0.191193 -0.430837 -0.023101
v -0.190671 -0.516007 -0.017621
v -0.190822 -0.599214 -0.016163
v -0.126356 -0.680256 0.007688
v -0.128582 -0.612962 0.006388
v -0.130079 -0.534321 0.004464
v -0.130030 -0.455245 -0.000296
v -0.086301 -0.687309 0.056708
v -0.087894 -0.619935 0.055238
v -0.089454 -0.542536 0.053263
v -0.090247 -0.467446 0.051823
v -0.334758 -0.269175 0.060952
v -0.332849 -0.376801 0.057019
v -0.331764 -0.470872 0.056894
v -0.331203 -0.560685 0.058190
v -0.319688 -0.271484 0.177316
v -0.317121 -0.377138 0.185494
v -0.315236 -0.469959 0.188240
v -0.313512 -0.557788 0.189474
v -0.334297 -0.634252 0.151486
v -0.335954 -0.555152 0.150144
v -0.337766 -0.466517 0.148345
v -0.339723 -0.372075 0.144463
v -0.167122 -0.361157 0.244249
v -0.173825 -0.435529 0.245158
v -0.178527 -0.507029 0.245587
v -0.181405 -0.579426 0.245484
v -0.228081 -0.638303 0.244731
v -0.227629 -0.569435 0.245645
v -0.223836 -0.493917 0.246866
v -0.218131 -0.417533 0.247716
v -0.341754 -0.634789 0.104980
v -0.342869 -0.555218 0.103891
v -0.343917 -0.466496 0.102759
v -0.344745 -0.372275 0.101613
v -0.270575 -0.635383 0.229350
v -0.271074 -0.562756 0.229708
v -0.268000 -0.482054 0.231512
v -0.264225 -0.398003 0.232750
v -0.089515 -0.393369 0.182649
v -0.087183 -0.467925 0.175691
v -0.084638 -0.539611 0.170603
v -0.083753 -0.611977 0.170040
v -0.076046 -0.398287 0.127519
v -0.076742 -0.472688 0.122131
v -0.075544 -0.545270 0.117974
v -0.074538 -0.620173 0.118329
v -0.079843 -0.433969 0.088205
v -0.079775 -0.507446 0.085792
v -0.078651 -0.582847 0.086023
v -0.077370 -0.656765 0.087452
v -0.341726 -0.321924 0.081067
v -0.340913 -0.421935 0.079981
v -0.339968 -0.513097 0.080553
v -0.339062 -0.599042 0.081844
v -0.080391 -0.434493 0.155611
v -0.078477 -0.507165 0.148136
v -0.077162 -0.580124 0.145877
v -0.076490 -0.651331 0.146313
v -0.292019 -0.337717 0.209302
v -0.292374 -0.431833 0.211501
v -0.293623 -0.518117 0.211022
v -0.293050 -0.599550 0.211257
v -0.153338 -0.406592 0.240201
v -0.156799 -0.477685 0.241027
v -0.159537 -0.548941 0.241425
v -0.160896 -0.619319 0.241439
v -0.236883 -0.365486 0.244878
v -0.242634 -0.448607 0.243634
v -0.247930 -0.527101 0.241577
v -0.249865 -0.602525 0.240258
v -0.343974 -0.319775 0.121001
v -0.343321 -0.420098 0.125022
v -0.342041 -0.510914 0.126888
v -0.340688 -0.596120 0.128162
v -0.191921 -0.388821 0.247508
v -0.198404 -0.463683 0.247659
v -0.203129 -0.537336 0.247248
v -0.205021 -0.609307 0.246599
v -0.333539 -0.320819 0.159903
v -0.330753 -0.421203 0.166513
v -0.328403 -0.512266 0.168997
v -0.326105 -0.597492 0.170729
v -0.319562 -0.329361 0.031191
v -0.318000 -0.428819 0.031470
v -0.317966 -0.520524 0.032986
v -0.318152 -0.607403 0.034887
v -0.104159 -0.421508 0.015581
v -0.106989 -0.500865 0.024442
v -0.105903 -0.578680 0.026891
v -0.103669 -0.653158 0.028747
v -0.225174 -0.370587 -0.033707
v -0.222845 -0.462964 -0.020324
v -0.223022 -0.549720 -0.017492
v -0.223309 -0.630340 -0.016702
v -0.156302 -0.397877 -0.027607
v -0.159064 -0.484926 -0.011657
v -0.158691 -0.566901 -0.009029
v -0.157449 -0.643243 -0.007962
v -0.280850 -0.346386 -0.013550
v -0.277942 -0.443321 -0.006655
v -0.278613 -0.533415 -0.003775
v -0.279344 -0.618128 -0.002043
v -0.158533 -0.906932 0.395448
v -0.230806 -0.905544 0.406015
v -0.261446 -0.809570 0.270965
v -0.331254 -0.934021 0.086614
v -0.267793 -0.944239 0.004252
v -0.214287 -0.947206 -0.006629
v -0.308247 -0.939814 0.038706
v -0.334266 -0.925182 0.185836
v -0.337281 -0.928613 0.135705
v -0.074737 -0.944408 0.154157
v -0.081170 -0.950889 0.090311
v -0.155661 -0.949926 0.003620
v -0.108221 -0.952033 0.036689
v -0.338952 -0.816359 0.107397
v -0.185819 -0.833702 -0.014044
v -0.124968 -0.839146 0.008660
v -0.296780 -0.825073 0.012597
v -0.086401 -0.845387 0.056866
v -0.085677 -0.839395 0.175088
v -0.216022 -0.798659 0.278013
v -0.262970 -0.831983 0.320136
v -0.169262 -0.799694 0.268503
v -0.184995 -0.812467 0.301337
v -0.237898 -0.815046 0.303724
v -0.197283 -0.869235 0.386375
v -0.328060 -0.922879 0.237759
v -0.319227 -0.920050 0.290970
v -0.291433 -0.912079 0.356237
v -0.097514 -0.880070 0.257863
v -0.085931 -0.926664 0.271424
v -0.078888 -0.936468 0.214334
v -0.332036 -0.815305 0.155570
v -0.335389 -0.860826 0.156590
v -0.339776 -0.863244 0.107109
v -0.248963 -0.829664 -0.011235
v -0.246328 -0.875219 -0.011996
v -0.184944 -0.878652 -0.013612
v -0.125516 -0.882614 0.008555
v -0.327356 -0.819761 0.059626
v -0.327448 -0.866780 0.058096
v -0.295048 -0.871308 0.010942
v -0.087407 -0.886977 0.054457
v -0.074854 -0.847649 0.121904
v -0.074158 -0.888162 0.119443
v -0.082380 -0.881197 0.178682
v -0.311158 -0.815839 0.198202
v -0.322008 -0.859431 0.202956
v -0.077598 -0.868192 0.087392
v -0.077686 -0.908660 0.085721
v -0.273692 -0.850148 -0.003185
v -0.271644 -0.897142 -0.003255
v -0.325714 -0.838107 0.178600
v -0.332735 -0.881787 0.181905
v -0.077644 -0.865892 0.150593
v -0.075081 -0.904829 0.151068
v -0.335716 -0.841382 0.083136
v -0.336075 -0.888265 0.083010
v -0.102936 -0.863525 0.028767
v -0.103807 -0.906825 0.029176
v -0.313797 -0.845487 0.033525
v -0.313154 -0.892910 0.033038
v -0.153656 -0.858191 -0.005921
v -0.153652 -0.903426 -0.004515
v -0.217438 -0.854047 -0.015529
v -0.215856 -0.900324 -0.014675
v -0.338191 -0.839036 0.131749
v -0.340073 -0.884378 0.132558
v -0.306398 -0.838433 0.221258
v -0.292072 -0.840592 0.263765
v -0.278292 -0.831519 0.287207
v -0.284975 -0.818664 0.242420
v -0.321308 -0.878816 0.230407
v -0.309568 -0.874845 0.276572
v -0.307780 -0.857928 0.247296
v -0.294285 -0.852646 0.288112
v -0.207022 -0.824532 0.332333
v -0.150348 -0.829502 0.310891
v -0.235782 -0.842507 0.356608
v -0.168831 -0.842800 0.349001
v -0.286685 -0.859200 0.323409
v -0.141213 -0.821561 0.276088
v -0.084911 -0.895303 0.207510
v -0.107667 -0.914309 0.337543
v -0.120255 -0.858217 0.308289
v -0.080762 -0.311716 0.217583
v -0.101054 -0.357882 0.203511
v -0.096618 -0.809063 0.194045
v -0.098360 -0.325204 0.209039
v -0.099741 -0.426965 0.198517
v -0.096315 -0.499168 0.193038
v -0.094789 -0.570802 0.191116
v -0.094479 -0.640878 0.191332
v -0.093079 -0.854189 0.199671
v -0.106989 -0.824801 0.215278
v -0.108269 -0.601363 0.209175
v -0.108571 -0.529576 0.209303
v -0.110687 -0.458736 0.211735
v -0.113167 -0.385675 0.215217
v -0.107293 -0.307496 0.227494
v -0.110128 -0.777147 0.209521
v -0.111881 -0.331736 0.219458
v -0.052387 -0.299808 0.238633
v -0.096935 -0.867726 0.226584
v -0.099314 -0.293347 0.243420
v -0.124447 -0.349247 0.226843
v -0.123895 -0.795149 0.226001
v -0.120349 -0.310485 0.232281
v -0.125023 -0.417756 0.225127
v -0.123788 -0.488864 0.223768
v -0.123737 -0.559955 0.223467
v -0.124190 -0.630184 0.223786
v -0.113288 -0.838613 0.240338
v -0.060896 -0.285304 0.258332
v -0.132259 -0.320138 0.235832
v -0.142253 -0.765699 0.232965
v -0.125018 -0.292048 0.244155
v -0.137513 -0.376184 0.233663
v -0.139079 -0.448339 0.233930
v -0.140149 -0.518742 0.234073
v -0.141425 -0.590339 0.234421
v -0.133848 -0.810630 0.246778
v -0.116293 -0.849302 0.271334
v -0.176813 -1.006630 0.343351
v -0.220992 -1.004976 0.348502
v -0.282756 -0.994182 0.111328
v -0.241190 -0.997519 0.059219
v -0.210097 -0.997803 0.055350
v -0.267331 -0.995581 0.078169
v -0.292965 -0.993112 0.196240
v -0.290254 -0.993244 0.152617
v -0.120352 -1.000638 0.168458
v -0.130443 -1.000851 0.119488
v -0.176774 -0.998030 0.063537
v -0.148670 -0.999968 0.085036
v -0.291590 -0.994152 0.241195
v -0.285166 -0.996027 0.285734
v -0.262159 -0.999325 0.325910
v -0.126809 -1.001839 0.266188
v -0.120057 -1.001017 0.219391
v -0.143733 -1.003466 0.312836
v -0.307762 -0.982778 0.218024
v -0.331277 -0.947982 0.163974
v -0.102489 -0.995341 0.193299
v -0.082772 -0.957048 0.245315
v -0.195547 -0.998710 0.379240
v -0.264368 -0.942829 0.392930
v -0.328862 -0.952678 0.114170
v -0.115288 -0.994117 0.299940
v -0.127639 -0.945651 0.376547
v -0.304036 -0.984300 0.268258
v -0.108004 -0.996874 0.136528
v -0.290463 -0.987589 0.317772
v -0.124466 -0.998313 0.089865
v -0.315052 -0.958325 0.067797
v -0.190850 -0.995139 0.039373
v -0.134538 -0.972692 0.027591
v -0.265288 -0.991302 0.051939
v -0.239174 -0.967473 0.006141
v -0.186890 -1.000888 0.305604
v -0.217031 -1.000918 0.307299
v -0.252233 -1.000031 0.127294
v -0.232099 -1.000007 0.086889
v -0.209127 -0.998948 0.085985
v -0.244986 -1.000024 0.097875
v -0.259538 -0.999499 0.199129
v -0.256716 -0.999688 0.162364
v -0.153070 -0.999615 0.172738
v -0.159382 -1.000057 0.132937
v -0.182606 -0.997983 0.090536
v -0.167998 -0.999019 0.103131
v -0.260007 -0.999767 0.236029
v -0.258570 -0.999838 0.269920
v -0.246781 -1.000214 0.291914
v -0.159516 -1.000600 0.251415
v -0.153654 -1.000131 0.214273
v -0.170482 -1.000476 0.289983
v -0.195666 -0.998049 0.073637
v -0.167505 -0.998694 0.085191
v -0.246875 -0.999112 0.079247
v -0.222199 -0.999345 0.071688
v -0.150809 -1.000627 0.110853
v -0.274505 -0.999134 0.257262
v -0.276373 -0.998404 0.217007
v -0.262655 -0.998456 0.103996
v -0.264904 -1.000399 0.292381
v -0.275355 -0.997870 0.177724
v -0.236194 -1.002692 0.320693
v -0.270470 -0.998260 0.138256
v -0.169352 -1.004312 0.314552
v -0.200878 -1.005583 0.325643
v -0.139433 -1.002221 0.237845
v -0.149398 -1.002993 0.279175
v -0.138946 -1.000869 0.148214
v -0.134785 -1.001194 0.196153
v -0.230406 -0.999758 0.285053
v -0.244734 -0.999929 0.258967
v -0.228127 -1.000075 0.245915
v -0.243645 -0.999953 0.221279
v -0.227731 -0.999835 0.205787
v -0.242693 -0.999896 0.184528
v -0.226951 -0.999935 0.166584
v -0.239403 -1.000323 0.147135
v -0.224585 -1.000190 0.129833
v -0.235984 -1.000335 0.114539
v -0.221394 -0.999905 0.099763
v -0.199458 -0.999361 0.288400
v -0.212900 -0.999917 0.268990
v -0.193975 -0.999759 0.247164
v -0.211020 -0.999766 0.226011
v -0.194826 -0.999379 0.205819
v -0.213511 -0.999551 0.185704
v -0.197000 -0.999146 0.164940
v -0.212645 -0.999676 0.145522
v -0.197336 -0.999806 0.128781
v -0.211289 -1.000026 0.113605
v -0.197350 -0.999141 0.100966
v -0.179753 -0.999459 0.267888
v -0.174727 -0.999569 0.228316
v -0.174462 -0.999121 0.189839
v -0.176487 -0.999205 0.148793
v -0.180458 -0.999772 0.117068
v -0.327918 -0.946305 0.213936
v -0.308409 -0.982732 0.171241
v -0.079660 -0.963004 0.187992
v -0.104924 -0.994313 0.245318
v -0.192502 -0.944746 0.415661
v -0.252604 -0.993040 0.364405
v -0.303453 -0.984894 0.124501
v -0.093423 -0.950060 0.307082
v -0.143827 -0.996654 0.352418
v -0.322730 -0.945490 0.267681
v -0.081923 -0.969329 0.126283
v -0.308464 -0.944887 0.325455
v -0.099161 -0.973578 0.069173
v -0.290907 -0.987791 0.083565
v -0.185729 -0.970510 0.006090
v -0.151894 -0.996960 0.057275
v -0.283649 -0.963942 0.026459
v -0.230179 -0.993989 0.037797
v -0.159842 -0.977869 0.393736
v -0.093535 -0.977693 0.275083
v -0.291567 -0.978572 0.054777
v -0.211795 -0.985829 0.018309
v -0.124205 -0.989961 0.058337
v -0.285729 -0.971428 0.355936
v -0.256080 -0.982910 0.026567
v -0.163942 -0.988062 0.028906
v -0.312825 -0.973512 0.096200
v -0.099838 -0.988829 0.103806
v -0.311485 -0.968446 0.295752
v -0.089317 -0.984818 0.161142
v -0.318393 -0.966778 0.242499
v -0.112381 -0.976234 0.339165
v -0.320863 -0.969015 0.142968
v -0.228775 -0.976122 0.401830
v -0.088509 -0.981187 0.218796
v -0.321414 -0.966662 0.191764
v -0.338072 -0.904679 0.158908
v -0.244368 -0.922426 -0.009053
v -0.326027 -0.913970 0.059605
v -0.073359 -0.927477 0.119671
v -0.330709 -0.902155 0.208677
v -0.133302 -0.875681 0.353023
v -0.321440 -0.898191 0.260015
v -0.339175 -0.908970 0.108590
v -0.184419 -0.925381 -0.010152
v -0.126906 -0.928072 0.011870
v -0.292979 -0.919147 0.013344
v -0.088832 -0.930036 0.056599
v -0.077218 -0.919728 0.182811
v -0.265436 -0.874311 0.369205
v -0.306400 -0.891480 0.311263
v -0.084955 -0.909538 0.238248
v -0.098851 -0.893296 0.294270
v -0.300912 -0.649855 0.013703
v -0.300207 -0.715299 0.013708
v -0.189954 -0.670075 -0.015597
v -0.188349 -0.729605 -0.014891
v -0.330607 -0.640678 0.059462
v -0.329535 -0.707686 0.059762
v -0.311182 -0.635186 0.190963
v -0.308641 -0.701782 0.191917
v -0.182130 -0.646124 0.244965
v -0.182051 -0.705571 0.242869
v -0.083482 -0.676873 0.170266
v -0.084033 -0.734167 0.170977
v -0.073931 -0.686032 0.118933
v -0.073948 -0.742921 0.119997
v -0.251668 -0.780409 -0.010706
v -0.253333 -0.723177 -0.010841
v -0.124497 -0.791759 0.009013
v -0.124964 -0.737405 0.008562
v -0.085511 -0.798466 0.058549
v -0.085578 -0.744077 0.057755
v -0.331617 -0.763277 0.154312
v -0.332838 -0.702244 0.152657
v -0.222506 -0.758414 0.244907
v -0.226160 -0.702049 0.243261
v -0.339478 -0.763825 0.106870
v -0.340653 -0.702893 0.105704
v -0.265049 -0.763111 0.233336
v -0.267430 -0.701420 0.228859
v -0.108279 -0.666616 0.209280
v -0.108966 -0.723530 0.208777
v -0.141803 -0.656127 0.234249
v -0.142472 -0.713307 0.232806
v -0.161141 -0.680565 0.240464
v -0.161343 -0.736190 0.238393
v -0.124327 -0.690342 0.223209
v -0.125528 -0.745208 0.222352
v -0.076702 -0.716365 0.088246
v -0.076618 -0.772730 0.089781
v -0.338100 -0.672014 0.082662
v -0.336878 -0.735801 0.083153
v -0.076445 -0.710574 0.146603
v -0.077171 -0.767666 0.148454
v -0.290703 -0.668635 0.211848
v -0.287572 -0.733536 0.212819
v -0.094580 -0.700548 0.191306
v -0.095812 -0.756734 0.191891
v -0.248475 -0.668722 0.239469
v -0.245029 -0.732824 0.239144
v -0.339455 -0.669084 0.129187
v -0.338280 -0.733723 0.130280
v -0.204778 -0.672654 0.245448
v -0.202882 -0.732343 0.243441
v -0.324043 -0.669179 0.172160
v -0.322211 -0.733603 0.173498
v -0.317564 -0.679233 0.035465
v -0.316356 -0.741841 0.035423
v -0.102077 -0.713203 0.029976
v -0.101471 -0.768939 0.030717
v -0.222813 -0.696324 -0.016041
v -0.221484 -0.755283 -0.015523
v -0.155551 -0.704645 -0.007113
v -0.154265 -0.761373 -0.006441
v -0.279570 -0.688013 -0.001498
v -0.278589 -0.749285 -0.001456
v 0.135473 1.264348 0.355967
v 0.136694 1.159215 0.368573
v 0.134776 1.049472 0.367532
v 0.130197 0.941844 0.354562
v 0.121910 0.845759 0.328923
v 0.103558 0.715407 0.195631
v 0.214132 1.261341 0.317666
v 0.218411 1.161169 0.328052
v 0.216104 1.055990 0.327818
v 0.208800 0.954574 0.317221
v 0.277994 1.265132 0.260382
v 0.286139 1.165910 0.268602
v 0.282103 1.065574 0.272082
v 0.272019 0.972132 0.266476
v 0.258134 0.889956 0.250125
v 0.210998 0.954231 -0.288653
v 0.046430 1.158503 0.389360
v 0.044001 0.934772 0.373642
v 0.046270 1.266566 0.376223
v 0.045587 1.046151 0.387889
v 0.301339 0.917824 0.204376
v 0.316791 0.988987 0.210245
v 0.329929 1.073539 0.206983
v 0.338212 1.169578 0.191598
v 0.327692 1.275586 0.180080
v 0.288715 1.370148 0.180670
v 0.131602 1.358354 0.324060
v 0.253454 1.348118 0.251596
v 0.040994 0.835513 0.345497
v 0.196779 0.863706 0.295108
v 0.374775 1.068234 0.088519
v 0.389656 1.115060 0.006508
v 0.387060 1.100518 -0.035724
v 0.380904 1.042108 0.014846
v 0.382608 1.057797 0.030025
v 0.387856 1.101867 0.024909
v 0.381386 1.052792 -0.030680
v 0.380313 1.039386 -0.010118
v 0.389361 1.115714 -0.018236
v 0.384248 1.077021 -0.039164
v 0.385382 1.081308 0.032466
v 0.362883 1.005028 0.096530
v 0.382686 1.120480 0.066394
v 0.370321 1.150285 0.116844
v 0.345222 0.997560 0.153679
v 0.359615 1.072174 0.142947
v 0.388001 1.156687 0.023994
v 0.386906 1.170569 -0.037217
v 0.373878 1.173131 -0.114131
v 0.346020 1.174445 -0.196755
v 0.300353 1.173595 -0.274287
v 0.204297 1.344639 0.295823
v 0.147948 1.176535 -0.388263
v 0.044817 1.366725 0.340774
v 0.356129 1.297721 0.082081
v 0.367143 1.247100 -0.113475
v 0.314747 1.404569 -0.009748
v 0.305625 1.401933 -0.105264
v 0.283659 1.389515 -0.191027
v 0.251829 1.375067 -0.258454
v 0.233700 1.173801 -0.340659
v 0.136136 1.385029 -0.332689
v 0.050562 1.180765 -0.412882
v 0.379402 1.211502 0.056114
v 0.380564 1.237987 -0.027485
v 0.360004 1.319602 -0.015858
v 0.347129 1.325484 -0.108967
v 0.319003 1.322478 -0.194649
v 0.276398 1.317216 -0.267854
v 0.206244 1.374157 -0.302411
v 0.140081 1.320503 -0.365378
v 0.047534 1.389521 -0.352263
v 0.310289 1.392260 0.088985
v 0.338200 1.248714 -0.197913
v 0.292364 1.247583 -0.274647
v 0.217532 1.316492 -0.325083
v 0.145034 1.250043 -0.383063
v 0.048381 1.322067 -0.387314
v 0.049743 1.252478 -0.406197
v 0.139945 1.476691 0.190014
v 0.046872 1.494516 0.194606
v 0.147911 1.504045 0.095610
v 0.049860 1.523061 0.096564
v 0.151218 1.514108 -0.006548
v 0.051220 1.533986 -0.007183
v 0.150320 1.506557 -0.108501
v 0.051266 1.527085 -0.111484
v 0.145454 1.481206 -0.202875
v 0.138467 1.439687 -0.279697
v 0.050220 1.499754 -0.210437
v 0.227849 1.247528 -0.338105
v 0.209216 1.414456 -0.262228
v 0.225900 1.443808 -0.193849
v 0.238262 1.464810 -0.105290
v 0.242277 1.472273 -0.007068
v 0.132019 1.429929 0.268237
v 0.048422 1.451581 -0.293840
v 0.238082 1.462533 0.092959
v 0.224472 1.436974 0.184167
v 0.372195 1.108043 -0.115923
v 0.345793 1.104468 -0.191736
v 0.301254 1.100945 -0.266696
v 0.206838 1.399753 0.254308
v 0.147671 1.101364 -0.382102
v 0.044344 1.444628 0.278777
v 0.365720 1.050051 -0.114350
v 0.339351 1.037924 -0.181893
v 0.294622 1.029976 -0.252328
v 0.234200 1.099455 -0.333378
v 0.142770 1.026666 -0.363914
v 0.050343 1.107026 -0.407922
v 0.324502 0.927391 0.161040
v 0.291852 0.869333 0.181448
v 0.242279 0.823987 0.220677
v 0.227507 1.025486 -0.316562
v 0.109534 0.775935 0.296091
v 0.048552 1.033989 -0.390336
v 0.336498 0.923420 0.108023
v 0.284472 0.836408 0.134675
v 0.216254 0.774286 0.178867
v 0.179814 0.792886 0.263578
v 0.090910 0.734577 0.261528
v 0.036531 0.768053 0.312033
v 0.354150 0.987508 -0.098947
v 0.324075 0.969038 -0.165076
v 0.277212 0.959046 -0.230495
v 0.151994 0.745505 0.227376
v 0.131360 0.956722 -0.332057
v 0.030419 0.732037 0.279139
v 0.044535 0.965897 -0.358836
v 0.063382 0.711271 0.230209
v 0.053406 0.706742 0.133441
v 0.024080 0.701754 0.213609
v 0.184428 0.892117 -0.249395
v 0.022895 0.710900 0.245716
v 0.151635 0.732030 0.145503
v 0.342088 0.918130 0.047527
v 0.339891 0.915164 -0.013347
v 0.324064 0.908426 -0.078356
v 0.291836 0.896956 -0.142192
v 0.245304 0.892233 -0.200032
v 0.152288 0.844203 -0.203063
v 0.114075 0.897513 -0.287679
v 0.093347 0.783852 -0.109910
v 0.281865 0.823230 0.070041
v 0.283260 0.828265 0.003359
v 0.270512 0.832177 -0.057259
v 0.243107 0.834617 -0.112716
v 0.203046 0.838536 -0.161661
v 0.120739 0.809555 -0.155359
v 0.094205 0.852049 -0.236525
v 0.038590 0.907903 -0.314348
v 0.191238 0.753763 0.082058
v 0.207168 0.769368 0.020769
v 0.205762 0.781964 -0.031918
v 0.189125 0.792146 -0.078745
v 0.159767 0.801084 -0.120041
v 0.036553 0.700703 0.176733
v 0.075104 0.818007 -0.184417
v 0.031879 0.862279 -0.262085
v 0.025483 0.826822 -0.207208
v 0.090865 0.720531 0.084276
v 0.129016 0.737583 0.036448
v 0.142770 0.752417 -0.005994
v 0.138853 0.764682 -0.044774
v 0.121125 0.774980 -0.079754
v 0.020063 0.797423 -0.150848
v 0.058821 0.791446 -0.134106
v 0.029230 0.710564 0.078972
v 0.071680 0.720910 0.051229
v 0.093101 0.732581 0.019617
v 0.099147 0.743796 -0.012999
v 0.091064 0.753636 -0.043517
v 0.072374 0.761769 -0.069477
v 0.046671 0.767705 -0.088519
v 0.016004 0.770612 -0.099589
v 0.381810 1.072493 0.053283
v 0.378413 1.063693 -0.068788
v 0.388477 1.132060 -0.032290
v 0.368958 0.990091 -0.017347
v 0.371990 1.017517 -0.054636
v 0.386504 1.106761 0.038994
v 0.375084 1.027602 0.053854
v 0.370305 0.994733 0.028654
v 0.383602 1.106219 -0.064326
v 0.389547 1.128626 0.010023
v 0.393273 1.084739 -0.021511
v 0.393073 1.085994 0.021615
v 0.395889 1.106317 -0.009865
v 0.394784 1.096938 -0.019216
v 0.391876 1.073641 0.017817
v 0.395864 1.107396 0.004985
v 0.391261 1.066353 0.007994
v 0.391232 1.065849 -0.005142
v 0.394623 1.099317 0.017628
v 0.391913 1.073183 -0.016452
v 0.408690 1.085105 -0.021044
v 0.408489 1.086242 0.021058
v 0.411325 1.106065 -0.009592
v 0.410205 1.096918 -0.018774
v 0.407318 1.074419 0.017176
v 0.411274 1.107193 0.004933
v 0.406721 1.067503 0.007651
v 0.406700 1.066988 -0.004966
v 0.410025 1.099275 0.017321
v 0.407368 1.073996 -0.015973
v 0.427705 1.086131 0.025676
v 0.429406 1.110556 -0.011723
v 0.428514 1.099223 -0.022937
v 0.427092 1.071704 0.020951
v 0.429379 1.111842 0.005956
v 0.426775 1.063123 0.009355
v 0.426605 1.062493 -0.005981
v 0.428583 1.101988 0.021050
v 0.426787 1.071092 -0.019402
v 0.427474 1.084671 -0.025650
v 0.445619 1.061397 0.034367
v 0.445519 1.127189 0.009871
v 0.446610 1.045365 0.015838
v 0.446476 1.043995 -0.008656
v 0.445523 1.110610 0.034999
v 0.445685 1.057981 -0.030885
v 0.445408 1.080847 -0.041453
v 0.445649 1.085388 0.042945
v 0.446016 1.125619 -0.018794
v 0.445579 1.106544 -0.037304
v 0.463585 1.045006 0.055526
v 0.460301 1.149410 0.016017
v 0.465603 1.019075 0.025151
v 0.465552 1.016796 -0.014274
v 0.460897 1.123883 0.054859
v 0.464177 1.038483 -0.049573
v 0.463430 1.075907 -0.066735
v 0.462426 1.084006 0.068475
v 0.462111 1.147201 -0.029521
v 0.463067 1.117819 -0.060216
v 0.485488 1.174190 0.022586
v 0.493284 0.995310 0.034242
v 0.493194 0.992160 -0.021513
v 0.486194 1.140574 0.074540
v 0.492400 1.021111 -0.070076
v 0.492216 1.073376 -0.093719
v 0.488993 1.084609 0.093905
v 0.488543 1.170221 -0.040228
v 0.491541 1.130790 -0.083926
v 0.491560 1.029679 0.077648
v 0.539252 0.978538 0.041796
v 0.539705 0.974233 -0.026022
v 0.533997 1.155912 0.089946
v 0.540589 1.008739 -0.084944
v 0.541293 1.072352 -0.113179
v 0.536345 1.087474 0.113576
v 0.535823 1.189898 -0.047505
v 0.539799 1.141999 -0.100215
v 0.538251 1.020150 0.094375
v 0.533085 1.195796 0.027402
v 0.599277 0.973271 -0.025447
v 0.596067 1.158906 0.090705
v 0.602215 1.008423 -0.084601
v 0.603124 1.072919 -0.112612
v 0.596503 1.088778 0.115411
v 0.597141 1.192665 -0.047035
v 0.600930 1.143726 -0.099337
v 0.596336 1.019831 0.096383
v 0.595242 1.199154 0.027408
v 0.597056 0.977511 0.043113
v 0.649939 1.146891 0.074806
v 0.654783 1.021635 -0.067425
v 0.655676 1.074662 -0.090399
v 0.649441 1.087740 0.095813
v 0.649885 1.175756 -0.038752
v 0.653451 1.133713 -0.080470
v 0.647416 1.029765 0.080853
v 0.648625 1.181442 0.022216
v 0.647828 0.994790 0.036886
v 0.651213 0.992246 -0.019488
v 0.683806 1.039008 -0.044502
v 0.684840 1.075964 -0.060707
v 0.681690 1.084497 0.065885
v 0.681300 1.147704 -0.026240
v 0.683688 1.117381 -0.054309
v 0.679380 1.043750 0.056030
v 0.680684 1.151785 0.015508
v 0.678923 1.019373 0.026474
v 0.681239 1.018214 -0.011736
v 0.682032 1.126412 0.051707
v 0.694229 1.079961 0.043538
v 0.695467 1.122502 -0.016244
v 0.695884 1.102949 -0.035288
v 0.692469 1.053090 0.036956
v 0.695141 1.124849 0.010681
v 0.691510 1.036481 0.018170
v 0.692324 1.034926 -0.006804
v 0.695087 1.107819 0.034358
v 0.693897 1.048648 -0.029207
v 0.695315 1.074552 -0.040371
v 0.700408 1.103775 -0.009867
v 0.700120 1.091923 -0.022162
v 0.697408 1.060133 0.024266
v 0.700289 1.105054 0.006993
v 0.696652 1.049109 0.012195
v 0.696927 1.047751 -0.004156
v 0.699738 1.094552 0.022050
v 0.697907 1.056684 -0.018746
v 0.699166 1.073749 -0.025751
v 0.698679 1.077192 0.028263
v 0.702086 1.083460 -0.010823
v 0.700528 1.067446 0.012904
v 0.702268 1.090112 0.003857
v 0.700202 1.061832 0.006441
v 0.700393 1.061559 -0.002071
v 0.701855 1.084992 0.011463
v 0.700943 1.066574 -0.009185
v 0.701576 1.074843 -0.012451
v 0.701194 1.076242 0.014809
v 0.702341 1.089381 -0.004746
v 0.701727 1.072067 0.005948
v 0.702534 1.081696 0.001937
v 0.701603 1.069723 0.003054
v 0.701678 1.069664 -0.000643
v 0.702321 1.079551 0.005253
v 0.701899 1.071813 -0.003665
v 0.702170 1.075305 -0.005037
v 0.702006 1.075831 0.006799
v 0.702560 1.081406 -0.001732
v 0.702413 1.078931 -0.004335
v 0.066153 0.692340 -0.052779
v 0.043445 0.695663 -0.069589
v 0.015186 0.696456 -0.079157
v 0.020535 0.674002 0.078825
v 0.056096 0.676313 0.062392
v 0.079264 0.680150 0.034098
v 0.088297 0.683891 0.001946
v 0.082487 0.688016 -0.028189
v 0.122109 0.588205 -0.047190
v 0.075836 0.583160 -0.080739
v 0.025296 0.576378 -0.098702
v 0.026787 0.595881 0.142750
v 0.076617 0.599764 0.121481
v 0.120916 0.601212 0.086105
v 0.148905 0.601864 0.043378
v 0.149337 0.596320 -0.002032
v 0.104557 0.619391 -0.020918
v 0.110435 0.622440 0.016517
v 0.095376 0.625175 0.052384
v 0.065042 0.625670 0.083766
v 0.023430 0.624710 0.103061
v 0.019010 0.616188 -0.084534
v 0.054076 0.618195 -0.073236
v 0.082953 0.618423 -0.052694
v 0.219153 0.473731 0.153325
v 0.038238 0.396305 0.298208
v 0.039907 0.336769 0.327548
v 0.041868 0.256760 0.363594
v 0.043288 0.168377 0.398378
v 0.129355 0.172073 0.377966
v 0.209837 0.172065 0.336982
v 0.263535 0.242479 0.240519
v 0.312941 0.155859 0.063181
v 0.356708 0.373662 0.023634
v 0.233257 0.155159 -0.061507
v 0.145102 0.151566 -0.114943
v 0.046501 0.155379 -0.139081
v 0.124259 0.257164 0.344963
v 0.118186 0.332806 0.311780
v 0.113069 0.393111 0.282776
v 0.035032 0.493170 0.241089
v 0.201115 0.252156 0.308014
v 0.190764 0.324979 0.279227
v 0.182397 0.385361 0.252076
v 0.102946 0.493936 0.224423
v 0.155426 0.533984 0.160667
v 0.097088 0.537254 0.192574
v 0.033336 0.534147 0.211040
v 0.030670 0.531167 -0.118202
v 0.094309 0.541729 -0.096759
v 0.154284 0.549610 -0.056149
v 0.034970 0.476830 -0.130756
v 0.104673 0.488688 -0.111859
v 0.166811 0.497350 -0.074333
v 0.038590 0.414328 -0.136068
v 0.114046 0.425311 -0.117989
v 0.181649 0.435845 -0.078627
v 0.041204 0.352851 -0.137963
v 0.198954 0.377088 -0.071412
v 0.123216 0.362693 -0.118164
v 0.248776 0.314128 0.222035
v 0.284788 0.393465 0.026101
v 0.224647 0.230446 -0.063522
v 0.139090 0.224138 -0.114320
v 0.044517 0.221869 -0.138876
v 0.144290 0.570343 0.124439
v 0.299323 0.234477 0.168943
v 0.287665 0.156115 0.005935
v 0.215004 0.308488 -0.064668
v 0.133280 0.297814 -0.115678
v 0.043479 0.290537 -0.138714
v 0.108131 0.443365 0.255924
v 0.036538 0.444142 0.271983
v 0.227921 0.422619 0.178584
v 0.283276 0.303969 0.160074
v 0.089112 0.570418 0.160101
v 0.030727 0.565991 0.180947
v 0.275259 0.166561 0.258634
v 0.209842 0.547223 -0.021690
v 0.264505 0.454918 0.116456
v 0.366507 0.482628 -0.018391
v 0.416763 0.455373 -0.024005
v 0.204033 0.558689 0.093564
v 0.268057 0.530640 -0.012137
v 0.367479 0.494842 0.076363
v 0.420634 0.470074 0.078226
v 0.205359 0.577618 0.011173
v 0.265759 0.537472 0.081329
v 0.320729 0.531241 0.011666
v 0.421248 0.480784 0.005493
v 0.202518 0.582449 0.052257
v 0.266064 0.555631 0.013138
v 0.320192 0.535847 0.045066
v 0.423025 0.487643 0.044112
v 0.409409 0.418823 -0.036245
v 0.363687 0.445088 -0.029932
v 0.401646 0.381578 -0.028342
v 0.359288 0.407240 -0.022662
v 0.413964 0.435108 0.097470
v 0.318397 0.476756 0.095867
v 0.405341 0.395720 0.092033
v 0.398562 0.367707 0.073562
v 0.218351 0.499267 -0.038388
v 0.265357 0.559356 0.047139
v 0.230664 0.445478 -0.038434
v 0.271402 0.488033 -0.023991
v 0.246105 0.398487 -0.022482
v 0.211013 0.520415 0.125892
v 0.274401 0.443141 -0.019616
v 0.361255 0.417392 0.088993
v 0.236269 0.373785 0.199736
v 0.175426 0.435365 0.225882
v 0.266285 0.498387 0.104474
v 0.277368 0.231484 0.003017
v 0.165986 0.487555 0.194016
v 0.266868 0.306386 0.002573
v 0.314248 0.407902 0.076918
v 0.437164 0.321879 0.021233
v 0.280878 0.351851 0.097552
v 0.295667 0.297799 0.107230
v 0.309676 0.230308 0.112167
v 0.267716 0.360798 0.143651
v 0.320093 0.393326 0.025816
v 0.279442 0.411176 -0.000666
v 0.311542 0.161462 0.177249
v 0.282803 0.393902 0.087740
v 0.356935 0.382830 -0.001511
v 0.396764 0.357611 -0.005429
v 0.287906 0.387583 0.055324
v 0.302459 0.228687 0.060260
v 0.290100 0.297189 0.057774
v 0.279092 0.352099 0.055974
v 0.319333 0.394523 0.051040
v 0.395402 0.353779 0.050758
v 0.320493 0.158435 0.117778
v 0.262454 0.408517 0.128043
v 0.357107 0.377021 0.049874
v 0.319147 0.403607 0.002573
v 0.394839 0.349382 0.022039
v 0.357484 0.390654 0.071408
v 0.313191 0.436395 0.094955
v 0.366052 0.457019 0.094342
v 0.319090 0.427851 -0.017646
v 0.320776 0.467460 -0.024601
v 0.368609 0.513574 0.044909
v 0.368184 0.507605 0.009452
v 0.319256 0.516231 0.076842
v 0.320590 0.507342 -0.013762
v 0.447092 0.353624 -0.033823
v 0.475271 0.444470 0.080630
v 0.457785 0.391235 -0.042290
v 0.451898 0.370949 0.098164
v 0.476253 0.453328 0.001977
v 0.442300 0.341322 0.078517
v 0.482444 0.292502 0.021156
v 0.469241 0.427894 -0.029102
v 0.464583 0.411162 0.102323
v 0.437547 0.326855 0.052837
v 0.440354 0.329770 -0.008838
v 0.478728 0.460726 0.043333
v 0.927348 0.035178 0.021702
v 0.499876 0.344582 0.103334
v 0.521525 0.400769 -0.032949
v 0.488194 0.313173 0.082299
v 0.528320 0.419450 0.082848
v 0.528897 0.262676 0.021302
v 0.530015 0.426233 -0.000101
v 0.486504 0.300816 -0.010859
v 0.532759 0.434223 0.043270
v 0.482565 0.297835 0.054874
v 0.507708 0.363859 -0.046942
v 0.494692 0.325541 -0.037694
v 0.515372 0.386566 0.107073
v 1.000086 0.120535 0.003831
v 0.586441 0.407849 0.043752
v 0.528924 0.268107 0.056836
v 0.557491 0.335893 -0.050447
v 0.542688 0.297056 -0.040220
v 0.564937 0.361831 0.110956
v 0.574369 0.233566 0.021680
v 0.547563 0.317776 0.107793
v 0.573537 0.373339 -0.036410
v 0.534815 0.284664 0.085786
v 0.580177 0.394708 0.084979
v 0.942525 0.054290 -0.020329
v 0.583780 0.399213 -0.001837
v 0.533378 0.271718 -0.012157
v 0.620167 0.204817 0.022982
v 0.595053 0.291208 0.111835
v 0.626915 0.345942 -0.039039
v 0.580195 0.256792 0.088868
v 0.634286 0.368529 0.086209
v 0.941507 0.047962 0.065546
v 0.640469 0.371296 -0.002967
v 0.578918 0.243328 -0.012804
v 0.643114 0.379842 0.044261
v 0.574444 0.238974 0.058655
v 0.607331 0.308234 -0.052995
v 0.589641 0.269103 -0.041824
v 0.616266 0.336324 0.113987
v 0.625240 0.214650 -0.011570
v 0.696893 0.352637 0.044187
v 0.620200 0.210017 0.060205
v 0.656073 0.279999 -0.053988
v 0.636772 0.240508 -0.041094
v 0.665812 0.308908 0.116689
v 0.658632 0.172769 0.023737
v 0.642272 0.263036 0.114863
v 0.678128 0.318319 -0.041251
v 0.626056 0.228051 0.090760
v 0.685798 0.341586 0.087181
v 1.000485 0.115997 0.062842
v 0.694245 0.343954 -0.004418
v 0.664842 0.181251 -0.014344
v 0.746374 0.341380 0.045506
v 0.659332 0.179079 0.064200
v 0.700135 0.254848 -0.062790
v 0.678562 0.209390 -0.047297
v 0.710934 0.287233 0.126383
v 0.685757 0.132582 0.022487
v 0.685353 0.235807 0.123521
v 0.724682 0.299328 -0.050768
v 0.667143 0.197716 0.097382
v 0.733420 0.326085 0.094761
v 0.931551 0.038247 0.045773
v 0.743244 0.330747 -0.010405
v 0.761625 0.270823 0.151531
v 0.722480 0.083993 0.020879
v 0.725240 0.206948 0.145925
v 0.775060 0.288019 -0.073009
v 0.699948 0.161732 0.113575
v 0.791813 0.321971 0.113214
v 0.964677 0.078212 -0.028197
v 0.800163 0.330000 -0.022564
v 0.693703 0.141389 -0.024423
v 0.806218 0.343692 0.049339
v 0.688051 0.140201 0.072624
v 0.742754 0.230946 -0.086235
v 0.713115 0.174607 -0.065382
v 0.731866 0.096328 -0.034237
v 0.878545 0.333580 0.053276
v 0.726505 0.090867 0.081037
v 0.795455 0.198181 -0.109302
v 0.756747 0.134499 -0.082615
v 0.823363 0.243889 0.177855
v 0.775067 0.043970 0.020678
v 0.775611 0.167792 0.169580
v 0.836905 0.265651 -0.094632
v 0.742505 0.115423 0.130123
v 0.862185 0.306953 0.131636
v 0.959756 0.066708 0.080022
v 0.868922 0.316914 -0.033827
v 0.810685 0.096484 -0.086249
v 0.887272 0.204478 0.182970
v 0.835748 0.024971 0.020919
v 0.835500 0.127099 0.174109
v 0.902429 0.225962 -0.099524
v 0.798808 0.074404 0.133187
v 0.929658 0.269256 0.134917
v 0.985535 0.101872 -0.019854
v 0.937009 0.279110 -0.036674
v 0.783848 0.057860 -0.035888
v 0.947721 0.296516 0.053497
v 0.780788 0.049900 0.082456
v 0.855180 0.158589 -0.114360
v 0.890678 0.024530 0.021423
v 0.985698 0.222487 -0.027913
v 0.842057 0.035923 -0.027964
v 0.994971 0.239112 0.049191
v 0.842671 0.030606 0.073616
v 0.909831 0.119831 -0.096105
v 0.866394 0.068081 -0.071991
v 0.942400 0.158746 0.160333
v 0.930104 0.039633 -0.000915
v 0.894181 0.094218 0.152829
v 0.954921 0.176161 -0.082545
v 0.859833 0.051221 0.117111
v 0.979828 0.215226 0.118555
v 0.913462 0.054379 -0.045973
v 0.975206 0.117804 0.119560
v 0.983461 0.092695 0.080705
v 0.938046 0.074076 0.115827
v 0.981485 0.131070 -0.049737
v 0.910874 0.044425 0.090926
v 1.002202 0.158238 0.090092
v 1.006283 0.127336 0.035586
v 1.004001 0.163672 -0.010605
v 0.894745 0.031515 -0.014379
v 1.011853 0.176477 0.042972
v 0.896803 0.029377 0.059586
v 0.947761 0.091807 -0.061349
v 0.264546 0.366061 0.013519
v 0.952244 0.051472 0.009890
v 0.968859 0.066003 0.052900
v 0.990160 0.094448 0.012732
v 0.970843 0.072586 -0.004154
v 0.950708 0.048903 0.021873
v 0.982017 0.085119 0.000439
v 0.981461 0.079870 0.052891
v 0.993726 0.097512 0.029182
v 0.958807 0.055755 0.045339
v 0.990509 0.091728 0.043361
v 0.953118 0.050450 0.034718
v 0.959013 0.059529 -0.000276
v 0.967991 0.063066 0.033033
v 0.981507 0.078401 0.032066
v 0.965488 0.060742 0.028458
v 0.973051 0.070438 0.011943
v 0.972340 0.067525 0.036206
v 0.977866 0.075806 0.013941
v 0.965072 0.061193 0.017814
v 0.982946 0.080797 0.026064
v 0.977665 0.073464 0.036122
v 0.964419 0.060068 0.022935
v 0.981417 0.079623 0.019135
v 0.967988 0.064721 0.013526
v 0.163706 0.075074 -0.123679
v 0.246652 0.078348 -0.064832
v 0.048981 0.075692 0.424392
v 0.223123 0.086882 0.356420
v 0.320944 0.086749 0.185022
v 0.141761 0.081039 0.401609
v 0.328897 0.084904 0.124782
v 0.321081 0.082322 0.068278
v 0.296240 0.079912 0.007854
v 0.286972 0.087911 0.271158
v 0.297773 0.007854 0.268411
v 0.333197 0.009634 0.123918
v 0.055694 -0.017584 0.434133
v 0.036965 0.102391 -0.142329
v 0.326026 0.008550 0.070573
v 0.155428 -0.009796 0.408700
v 0.304219 0.007167 0.007006
v 0.261690 0.004467 -0.074288
v 0.236811 0.001491 0.359117
v 0.327311 0.009865 0.180637
v 0.181948 -0.003404 -0.141823
v 0.117463 -0.232638 -0.128048
v 0.336816 -0.134149 0.086349
v 0.164702 -0.219551 0.297603
v 0.327446 -0.137580 0.032620
v 0.295496 -0.156213 -0.056587
v 0.227006 -0.183123 0.288668
v 0.335026 -0.134603 0.142559
v 0.223230 -0.194118 -0.125322
v 0.295300 -0.150529 0.218825
v 0.338105 -0.134747 0.111045
v 0.066930 -0.245685 0.302873
v 0.060567 -0.155986 0.391029
v 0.336719 -0.081043 0.110185
v 0.303779 -0.091161 0.238973
v 0.204439 -0.108365 -0.153471
v 0.335240 -0.081270 0.146655
v 0.237031 -0.112624 0.336077
v 0.284599 -0.089806 -0.072529
v 0.321796 -0.081911 0.023411
v 0.160393 -0.137129 0.374858
v 0.333739 -0.081109 0.081981
v 0.104427 -0.126625 -0.176506
v 0.046351 -0.309082 0.222174
v 0.035470 -0.328185 0.169348
v 0.031022 -0.329165 0.086108
v 0.063053 -0.202507 0.350808
v 0.337169 -0.104128 0.109143
v 0.300429 -0.117199 0.229341
v 0.214057 -0.150025 -0.144938
v 0.335438 -0.103790 0.142056
v 0.232533 -0.146196 0.316192
v 0.290831 -0.120628 -0.066021
v 0.325599 -0.106754 0.029642
v 0.161786 -0.178527 0.340763
v 0.335224 -0.104321 0.084925
v 0.112246 -0.178559 -0.162197
v 0.097662 -0.076717 -0.178639
v 0.330557 -0.049707 0.076322
v 0.159359 -0.083993 0.399222
v 0.314433 -0.049523 0.013757
v 0.275634 -0.052839 -0.076732
v 0.239690 -0.067952 0.350885
v 0.332137 -0.050264 0.163352
v 0.194039 -0.064368 -0.153361
v 0.303012 -0.055739 0.254138
v 0.335418 -0.049692 0.117039
v 0.058441 -0.096181 0.422399
v 0.028596 0.054059 -0.148828
v 0.027859 -0.083268 -0.161530
v 0.030286 -0.192447 -0.128700
v 0.028478 -0.136464 -0.153066
v 0.030017 -0.244215 -0.085191
v 0.084096 0.063041 -0.147508
v 0.029052 -0.016179 -0.158154
v 0.094084 -0.011746 -0.166200
v 0.028835 -0.294394 -0.010731
v 0.293758 -0.216442 -0.039403
v 0.080655 -0.319219 -0.016372
v 0.229048 -0.248339 -0.087343
v 0.078235 -0.349483 0.162331
v 0.326076 -0.199017 0.031717
v 0.175153 -0.286169 0.253364
v 0.335753 -0.192526 0.145667
v 0.222010 -0.251506 0.254854
v 0.072414 -0.349520 0.086354
v 0.135043 -0.281871 -0.088071
v 0.341204 -0.192578 0.113605
v 0.289158 -0.213787 0.207149
v 0.099901 -0.337398 0.206001
v 0.340207 -0.193018 0.086186
v 0.277698 -0.777676 -0.001484
v 0.153892 -0.788242 -0.006200
v 0.220603 -0.782761 -0.015366
v 0.101449 -0.795441 0.030854
v 0.315684 -0.771009 0.035563
v 0.321556 -0.763467 0.174719
v 0.200610 -0.758028 0.244780
v 0.337740 -0.763266 0.131085
v 0.243614 -0.760507 0.242289
v 0.096520 -0.783686 0.192635
v 0.287083 -0.763801 0.215491
v 0.077766 -0.795492 0.149521
v 0.336262 -0.765317 0.083680
v 0.076771 -0.799924 0.090510
v 0.338599 -0.164661 0.086668
v 0.095339 -0.316987 0.212960
v 0.290371 -0.182851 0.211053
v 0.339566 -0.165208 0.112676
v 0.124915 -0.268173 -0.097763
v 0.065602 -0.338543 0.084199
v 0.220733 -0.216535 0.267050
v 0.335149 -0.165140 0.143872
v 0.168113 -0.253128 0.265712
v 0.327477 -0.169520 0.032756
v 0.073699 -0.337624 0.165157
v 0.228214 -0.228620 -0.103720
v 0.066594 -0.307096 -0.019498
v 0.296305 -0.190086 -0.047175
v 0.078149 -0.396226 0.088214
v 0.080196 -0.471054 0.087045
v 0.079237 -0.544702 0.085526
v 0.077984 -0.621073 0.086780
v 0.341512 -0.266577 0.083114
v 0.341443 -0.373904 0.080116
v 0.340418 -0.468045 0.080150
v 0.339516 -0.557249 0.081182
v 0.080433 -0.396748 0.158721
v 0.079556 -0.471355 0.151640
v 0.077688 -0.543378 0.146336
v 0.076762 -0.616819 0.146043
v 0.291202 -0.285951 0.207355
v 0.292221 -0.386511 0.210809
v 0.293008 -0.475426 0.211381
v 0.293624 -0.560050 0.210991
v 0.100935 -0.389630 0.201127
v 0.097980 -0.463563 0.195578
v 0.095288 -0.534834 0.191609
v 0.094573 -0.606745 0.191160
v 0.232080 -0.320574 0.246463
v 0.240107 -0.408208 0.244187
v 0.245429 -0.488049 0.242667
v 0.249396 -0.565757 0.240771
v 0.343278 -0.264855 0.117834
v 0.343884 -0.371841 0.123404
v 0.342688 -0.466158 0.126105
v 0.341362 -0.554673 0.127560
v 0.187267 -0.349250 0.247697
v 0.195493 -0.426904 0.247616
v 0.201026 -0.500417 0.247517
v 0.204429 -0.574124 0.246937
v 0.334867 -0.265491 0.153922
v 0.332110 -0.372980 0.164053
v 0.329544 -0.467338 0.167995
v 0.327243 -0.556181 0.169887
v 0.321971 -0.273715 0.031265
v 0.318353 -0.381109 0.031213
v 0.317916 -0.475011 0.032085
v 0.318100 -0.565304 0.034018
v 0.097137 -0.376120 0.002496
v 0.106905 -0.462710 0.022222
v 0.106575 -0.539499 0.025752
v 0.104836 -0.617318 0.027894
v 0.226952 -0.316217 -0.053570
v 0.223697 -0.419087 -0.023665
v 0.222745 -0.506482 -0.018598
v 0.223248 -0.591568 -0.016967
v 0.149391 -0.345669 -0.051827
v 0.158971 -0.443782 -0.015414
v 0.158896 -0.525926 -0.010023
v 0.158210 -0.606657 -0.008411
v 0.285627 -0.290123 -0.023076
v 0.278476 -0.397178 -0.008619
v 0.278155 -0.488575 -0.005146
v 0.279023 -0.577201 -0.002735
v 0.233184 -0.869928 0.384619
v 0.339862 -0.906608 0.133690
v 0.215175 -0.923912 -0.012248
v 0.154126 -0.926741 -0.002075
v 0.311811 -0.916692 0.034751
v 0.105029 -0.929360 0.031430
v 0.334916 -0.911408 0.084163
v 0.073880 -0.924008 0.152110
v 0.334813 -0.903418 0.183669
v 0.270423 -0.920959 -0.000997
v 0.191824 -0.797933 0.275192
v 0.239765 -0.801742 0.276176
v 0.077355 -0.847540 0.089171
v 0.077659 -0.888355 0.086058
v 0.275092 -0.827522 -0.002393
v 0.272591 -0.873374 -0.003703
v 0.323062 -0.815450 0.177317
v 0.329289 -0.860085 0.180176
v 0.078203 -0.844774 0.150569
v 0.076530 -0.885694 0.150663
v 0.335594 -0.817743 0.083704
v 0.336068 -0.864858 0.082782
v 0.102314 -0.842363 0.029678
v 0.103321 -0.884886 0.028471
v 0.314298 -0.822346 0.034587
v 0.313570 -0.869020 0.032824
v 0.153656 -0.836209 -0.006012
v 0.153599 -0.880525 -0.005555
v 0.218492 -0.831618 -0.015404
v 0.216572 -0.876931 -0.015482
v 0.337562 -0.815572 0.131810
v 0.339231 -0.861884 0.131952
v 0.297289 -0.816502 0.219748
v 0.278937 -0.824042 0.265731
v 0.314574 -0.858663 0.225341
v 0.301790 -0.856891 0.268510
v 0.237013 -0.826249 0.330007
v 0.176821 -0.825209 0.325215
v 0.281930 -0.842564 0.305521
v 0.162585 -0.870976 0.374855
v 0.078226 -0.929490 0.086893
v 0.326206 -0.900262 0.234513
v 0.315848 -0.896050 0.284537
v 0.095534 -0.832389 0.196424
v 0.289959 -0.882899 0.341997
v 0.119664 -0.817517 0.232122
v 0.080884 -0.915139 0.211160
v 0.124005 -0.595866 0.223655
v 0.123600 -0.524202 0.223464
v 0.124379 -0.453672 0.224405
v 0.125234 -0.381292 0.225781
v 0.116893 -0.299478 0.237200
v 0.125557 -0.770968 0.223051
v 0.122426 -0.326212 0.228892
v 0.057088 -0.292123 0.249940
v 0.090357 -0.902170 0.265536
v 0.089310 -0.875113 0.203528
v 0.064608 -0.277636 0.266782
v 0.142872 -0.312523 0.241755
v 0.159934 -0.761782 0.239247
v 0.133789 -0.283579 0.250580
v 0.150911 -0.369859 0.239640
v 0.155207 -0.442519 0.240697
v 0.158280 -0.513102 0.241265
v 0.160422 -0.584858 0.241497
v 0.150083 -0.804291 0.258945
v 0.105565 -0.859189 0.249212
v 0.130550 -0.838424 0.292333
v 0.308573 -0.982503 0.194414
v 0.102903 -0.994783 0.219680
v 0.225110 -0.996482 0.377067
v 0.306709 -0.983619 0.147607
v 0.126606 -0.995060 0.327768
v 0.306425 -0.983359 0.242967
v 0.104015 -0.996025 0.164766
v 0.299505 -0.985700 0.292905
v 0.114881 -0.997816 0.111404
v 0.298528 -0.986269 0.103116
v 0.170557 -0.995948 0.046345
v 0.248533 -0.992857 0.042680
v 0.274788 -0.990001 0.343057
v 0.136614 -0.997912 0.071816
v 0.210879 -0.994618 0.036622
v 0.279676 -0.989532 0.066017
v 0.108597 -0.993973 0.272096
v 0.167492 -0.998380 0.370431
v 0.180783 -0.998039 0.077978
v 0.235165 -0.999440 0.073804
v 0.158039 -0.999711 0.096374
v 0.209307 -0.998689 0.071628
v 0.275878 -0.998749 0.237423
v 0.255924 -0.998740 0.089768
v 0.271527 -0.999665 0.275349
v 0.276296 -0.998049 0.197278
v 0.252483 -1.001326 0.308279
v 0.273280 -0.998020 0.157756
v 0.184000 -1.005249 0.322514
v 0.143518 -1.002639 0.258354
v 0.135668 -1.000922 0.172010
v 0.218596 -1.004457 0.325852
v 0.136308 -1.001685 0.217701
v 0.144277 -1.000915 0.127900
v 0.267209 -0.998354 0.120266
v 0.157988 -1.003456 0.299153
v 0.245029 -0.999741 0.275790
v 0.244219 -1.000016 0.240412
v 0.243333 -0.999869 0.202852
v 0.241186 -1.000102 0.165636
v 0.237903 -1.000388 0.130113
v 0.233265 -1.000225 0.100172
v 0.215032 -0.999641 0.288808
v 0.211328 -0.999972 0.247560
v 0.212241 -0.999619 0.205703
v 0.213426 -0.999540 0.165123
v 0.212042 -0.999975 0.128535
v 0.210047 -0.999518 0.099692
v 0.184316 -0.999205 0.287590
v 0.176451 -0.999665 0.247878
v 0.174201 -0.999348 0.209377
v 0.175192 -0.999012 0.168893
v 0.178407 -0.999711 0.131793
v 0.182071 -0.998846 0.103349
v 0.157114 -0.945156 0.402541
v 0.086263 -0.953530 0.274770
v 0.301385 -0.961299 0.045474
v 0.213044 -0.969053 0.003572
v 0.114536 -0.973578 0.046058
v 0.290800 -0.943625 0.360902
v 0.262821 -0.965892 0.013479
v 0.158869 -0.971677 0.014155
v 0.323909 -0.955447 0.090651
v 0.088326 -0.972018 0.096360
v 0.318071 -0.945383 0.294918
v 0.079548 -0.966168 0.157387
v 0.325634 -0.945816 0.240553
v 0.106646 -0.947302 0.342687
v 0.331096 -0.950039 0.138884
v 0.230025 -0.943579 0.412252
v 0.080775 -0.960094 0.216943
v 0.329976 -0.946873 0.188696
v 0.161021 -0.650994 0.241166
v 0.161462 -0.708975 0.239286
v 0.124185 -0.661385 0.223638
v 0.124901 -0.718255 0.222630
v 0.076947 -0.687869 0.087850
v 0.076594 -0.744648 0.088927
v 0.338604 -0.637098 0.082345
v 0.337513 -0.704757 0.082856
v 0.076377 -0.681999 0.146379
v 0.076710 -0.739138 0.147366
v 0.292067 -0.635225 0.211628
v 0.289047 -0.701540 0.211906
v 0.094430 -0.671729 0.191332
v 0.095079 -0.728878 0.191474
v 0.249536 -0.636265 0.239915
v 0.246804 -0.701509 0.238873
v 0.340056 -0.634022 0.128699
v 0.338864 -0.702280 0.129667
v 0.205087 -0.641727 0.246186
v 0.204144 -0.703316 0.244293
v 0.325042 -0.634789 0.171502
v 0.323088 -0.702073 0.172725
v 0.317967 -0.645068 0.035343
v 0.317003 -0.711297 0.035421
v 0.102733 -0.684522 0.029433
v 0.101673 -0.741337 0.030405
v 0.223170 -0.664828 -0.016386
v 0.222236 -0.726403 -0.015749
v 0.156495 -0.675306 -0.007529
v 0.154807 -0.733330 -0.006747
v 0.279569 -0.654724 -0.001661
v 0.279231 -0.719395 -0.001455
v 0.112444 -0.883752 0.324664
v -0.135473 1.264348 0.355967
v -0.136694 1.159215 0.368573
v -0.134776 1.049472 0.367532
v -0.130197 0.941844 0.354562
v -0.121910 0.845759 0.328923
v -0.103558 0.715407 0.195631
v -0.214132 1.261341 0.317666
v -0.218411 1.161169 0.328052
v -0.216104 1.055990 0.327818
v -0.208800 0.954574 0.317221
v -0.277994 1.265133 0.260382
v -0.286139 1.165910 0.268602
v -0.282103 1.065574 0.272082
v -0.272019 0.972132 0.266476
v -0.258134 0.889956 0.250125
v -0.210998 0.954231 -0.288653
v -0.046430 1.158503 0.389360
v -0.044001 0.934772 0.373642
v -0.046270 1.266566 0.376223
v -0.045587 1.046150 0.387889
v -0.301339 0.917824 0.204376
v -0.316791 0.988987 0.210245
v -0.329929 1.073539 0.206983
v -0.338212 1.169578 0.191598
v -0.327692 1.275586 0.180080
v -0.288715 1.370148 0.180670
v -0.131602 1.358354 0.324060
v -0.253454 1.348118 0.251596
v -0.040994 0.835513 0.345497
v -0.196779 0.863706 0.295108
v -0.374775 1.068234 0.088519
v -0.389656 1.115060 0.006508
v -0.387060 1.100518 -0.035724
v -0.380904 1.042107 0.014846
v -0.382608 1.057797 0.030025
v -0.387856 1.101867 0.024909
v -0.381385 1.052792 -0.030680
v -0.380313 1.039386 -0.010118
v -0.389361 1.115714 -0.018236
v -0.384248 1.077021 -0.039164
v -0.385382 1.081308 0.032466
v -0.362883 1.005029 0.096530
v -0.382686 1.120480 0.066394
v -0.370321 1.150285 0.116844
v -0.345222 0.997560 0.153679
v -0.359615 1.072174 0.142947
v -0.388001 1.156687 0.023994
v -0.386906 1.170569 -0.037217
v -0.373878 1.173131 -0.114131
v -0.346020 1.174445 -0.196755
v -0.300353 1.173595 -0.274287
v -0.204297 1.344639 0.295823
v -0.147948 1.176534 -0.388263
v -0.044817 1.366725 0.340774
v -0.356129 1.297721 0.082081
v -0.367143 1.247100 -0.113475
v -0.314747 1.404569 -0.009748
v -0.305625 1.401933 -0.105264
v -0.283659 1.389515 -0.191027
v -0.251829 1.375067 -0.258454
v -0.233700 1.173801 -0.340659
v -0.136136 1.385028 -0.332689
v -0.050562 1.180765 -0.412882
v -0.379402 1.211502 0.056114
v -0.380564 1.237987 -0.027485
v -0.360004 1.319602 -0.015858
v -0.347129 1.325484 -0.108967
v -0.319003 1.322478 -0.194649
v -0.276398 1.317217 -0.267854
v -0.206244 1.374157 -0.302411
v -0.140081 1.320503 -0.365378
v -0.047534 1.389521 -0.352263
v -0.310289 1.392260 0.088985
v -0.338200 1.248714 -0.197913
v -0.292364 1.247583 -0.274647
v -0.217532 1.316492 -0.325083
v -0.145034 1.250042 -0.383063
v -0.048381 1.322067 -0.387314
v -0.049743 1.252478 -0.406197
v -0.139945 1.476691 0.190014
v -0.046872 1.494516 0.194606
v -0.147911 1.504045 0.095610
v -0.049860 1.523062 0.096564
v -0.151218 1.514108 -0.006548
v -0.051220 1.533986 -0.007183
v -0.150320 1.506557 -0.108501
v -0.051266 1.527085 -0.111484
v -0.145454 1.481206 -0.202875
v -0.138467 1.439687 -0.279697
v -0.050220 1.499754 -0.210437
v -0.227849 1.247528 -0.338105
v -0.209216 1.414456 -0.262228
v -0.225900 1.443808 -0.193849
v -0.238262 1.464810 -0.105290
v -0.242277 1.472273 -0.007068
v -0.132019 1.429929 0.268237
v -0.048422 1.451581 -0.293840
v -0.238082 1.462532 0.092959
v -0.224472 1.436974 0.184167
v -0.372195 1.108043 -0.115923
v -0.345793 1.104468 -0.191736
v -0.301254 1.100945 -0.266696
v -0.206838 1.399753 0.254308
v -0.147671 1.101364 -0.382102
v -0.044344 1.444628 0.278777
v -0.365720 1.050051 -0.114350
v -0.339351 1.037924 -0.181893
v -0.294622 1.029976 -0.252328
v -0.234200 1.099455 -0.333378
v -0.142770 1.026665 -0.363914
v -0.050343 1.107026 -0.407922
v -0.324502 0.927391 0.161040
v -0.291852 0.869333 0.181448
v -0.242279 0.823987 0.220677
v -0.227507 1.025486 -0.316562
v -0.109534 0.775936 0.296091
v -0.048552 1.033989 -0.390336
v -0.336498 0.923420 0.108023
v -0.284472 0.836408 0.134675
v -0.216254 0.774286 0.178867
v -0.179814 0.792886 0.263578
v -0.090910 0.734577 0.261528
v -0.036531 0.768053 0.312033
v -0.354150 0.987508 -0.098947
v -0.324075 0.969038 -0.165076
v -0.277212 0.959046 -0.230495
v -0.151994 0.745505 0.227376
v -0.131360 0.956721 -0.332057
v -0.030419 0.732037 0.279139
v -0.044535 0.965897 -0.358836
v -0.063382 0.711271 0.230209
v -0.053406 0.706742 0.133441
v -0.024080 0.701754 0.213609
v -0.184428 0.892117 -0.249395
v -0.022895 0.710901 0.245716
v -0.151635 0.732030 0.145503
v -0.342088 0.918130 0.047527
v -0.339891 0.915164 -0.013347
v -0.324064 0.908426 -0.078356
v -0.291836 0.896956 -0.142192
v -0.245304 0.892233 -0.200032
v -0.152288 0.844203 -0.203063
v -0.114075 0.897513 -0.287679
v -0.093347 0.783852 -0.109910
v -0.281865 0.823230 0.070041
v -0.283260 0.828265 0.003359
v -0.270512 0.832177 -0.057259
v -0.243107 0.834617 -0.112716
v -0.203046 0.838536 -0.161661
v -0.120739 0.809554 -0.155359
v -0.094205 0.852049 -0.236525
v -0.038590 0.907903 -0.314348
v -0.191238 0.753763 0.082058
v -0.207168 0.769368 0.020769
v -0.205762 0.781964 -0.031918
v -0.189125 0.792146 -0.078745
v -0.159767 0.801084 -0.120041
v -0.036553 0.700703 0.176733
v -0.075104 0.818007 -0.184417
v -0.031879 0.862279 -0.262085
v -0.025483 0.826821 -0.207208
v -0.090865 0.720531 0.084276
v -0.129016 0.737583 0.036448
v -0.142770 0.752417 -0.005994
v -0.138853 0.764682 -0.044774
v -0.121125 0.774980 -0.079754
v -0.020063 0.797423 -0.150848
v -0.058821 0.791446 -0.134106
v -0.029230 0.710564 0.078972
v -0.071680 0.720910 0.051229
v -0.093101 0.732581 0.019617
v -0.099147 0.743797 -0.012999
v -0.091064 0.753636 -0.043517
v -0.072374 0.761769 -0.069477
v -0.046671 0.767705 -0.088519
v -0.016004 0.770612 -0.099589
v -0.381810 1.072493 0.053283
v -0.378413 1.063693 -0.068788
v -0.388477 1.132060 -0.032290
v -0.368958 0.990091 -0.017347
v -0.371990 1.017517 -0.054636
v -0.386504 1.106761 0.038994
v -0.375084 1.027602 0.053854
v -0.370305 0.994733 0.028654
v -0.383602 1.106219 -0.064326
v -0.389547 1.128626 0.010023
v -0.393273 1.084739 -0.021511
v -0.393073 1.085994 0.021615
v -0.395889 1.106317 -0.009865
v -0.394784 1.096938 -0.019216
v -0.391876 1.073641 0.017817
v -0.395864 1.107396 0.004985
v -0.391261 1.066352 0.007994
v -0.391232 1.065850 -0.005142
v -0.394623 1.099317 0.017628
v -0.391913 1.073183 -0.016452
v -0.408690 1.085105 -0.021044
v -0.408489 1.086242 0.021058
v -0.411325 1.106065 -0.009592
v -0.410205 1.096918 -0.018774
v -0.407318 1.074418 0.017176
v -0.411274 1.107193 0.004933
v -0.406721 1.067503 0.007651
v -0.406700 1.066988 -0.004966
v -0.410025 1.099275 0.017321
v -0.407368 1.073996 -0.015973
v -0.427706 1.086131 0.025676
v -0.429406 1.110556 -0.011723
v -0.428514 1.099223 -0.022937
v -0.427092 1.071704 0.020951
v -0.429379 1.111842 0.005956
v -0.426775 1.063123 0.009355
v -0.426605 1.062493 -0.005981
v -0.428583 1.101988 0.021050
v -0.426787 1.071092 -0.019402
v -0.427474 1.084671 -0.025650
v -0.445619 1.061396 0.034367
v -0.445519 1.127189 0.009871
v -0.446610 1.045365 0.015838
v -0.446476 1.043995 -0.008656
v -0.445523 1.110610 0.034999
v -0.445685 1.057981 -0.030885
v -0.445408 1.080847 -0.041453
v -0.445649 1.085387 0.042945
v -0.446016 1.125618 -0.018794
v -0.445579 1.106544 -0.037304
v -0.463585 1.045006 0.055526
v -0.460301 1.149410 0.016017
v -0.465603 1.019075 0.025151
v -0.465552 1.016795 -0.014274
v -0.460897 1.123883 0.054859
v -0.464177 1.038483 -0.049573
v -0.463430 1.075907 -0.066735
v -0.462426 1.084006 0.068475
v -0.462111 1.147201 -0.029521
v -0.463067 1.117819 -0.060216
v -0.485488 1.174190 0.022586
v -0.493284 0.995310 0.034242
v -0.493194 0.992160 -0.021513
v -0.486194 1.140575 0.074540
v -0.492400 1.021111 -0.070076
v -0.492216 1.073376 -0.093719
v -0.488994 1.084609 0.093905
v -0.488543 1.170222 -0.040228
v -0.491541 1.130790 -0.083926
v -0.491560 1.029679 0.077648
v -0.539252 0.978538 0.041796
v -0.539705 0.974233 -0.026022
v -0.533997 1.155912 0.089946
v -0.540589 1.008739 -0.084944
v -0.541293 1.072352 -0.113179
v -0.536345 1.087474 0.113576
v -0.535823 1.189898 -0.047505
v -0.539799 1.141999 -0.100215
v -0.538251 1.020150 0.094375
v -0.533085 1.195796 0.027402
v -0.599277 0.973271 -0.025447
v -0.596067 1.158906 0.090705
v -0.602215 1.008423 -0.084601
v -0.603124 1.072919 -0.112612
v -0.596503 1.088778 0.115411
v -0.597141 1.192665 -0.047035
v -0.600930 1.143726 -0.099337
v -0.596336 1.019831 0.096383
v -0.595242 1.199155 0.027408
v -0.597056 0.977511 0.043113
v -0.649939 1.146891 0.074806
v -0.654783 1.021635 -0.067425
v -0.655676 1.074662 -0.090399
v -0.649441 1.087740 0.095813
v -0.649884 1.175756 -0.038752
v -0.653451 1.133713 -0.080470
v -0.647416 1.029765 0.080853
v -0.648625 1.181442 0.022216
v -0.647828 0.994790 0.036886
v -0.651213 0.992246 -0.019488
v -0.683806 1.039008 -0.044502
v -0.684840 1.075964 -0.060707
v -0.681690 1.084496 0.065885
v -0.681300 1.147704 -0.026240
v -0.683688 1.117381 -0.054309
v -0.679380 1.043750 0.056030
v -0.680684 1.151785 0.015508
v -0.678923 1.019372 0.026474
v -0.681239 1.018214 -0.011736
v -0.682032 1.126412 0.051707
v -0.694229 1.079961 0.043538
v -0.695467 1.122502 -0.016244
v -0.695884 1.102949 -0.035288
v -0.692469 1.053090 0.036956
v -0.695141 1.124850 0.010681
v -0.691510 1.036481 0.018170
v -0.692324 1.034926 -0.006804
v -0.695087 1.107819 0.034358
v -0.693897 1.048649 -0.029207
v -0.695315 1.074552 -0.040371
v -0.700408 1.103775 -0.009867
v -0.700120 1.091923 -0.022162
v -0.697408 1.060133 0.024266
v -0.700289 1.105054 0.006993
v -0.696652 1.049108 0.012195
v -0.696927 1.047751 -0.004156
v -0.699738 1.094552 0.022050
v -0.697907 1.056684 -0.018746
v -0.699166 1.073749 -0.025751
v -0.698679 1.077192 0.028263
v -0.702086 1.083460 -0.010823
v -0.700528 1.067446 0.012904
v -0.702268 1.090112 0.003857
v -0.700202 1.061832 0.006441
v -0.700393 1.061559 -0.002071
v -0.701855 1.084992 0.011463
v -0.700943 1.066574 -0.009185
v -0.701576 1.074843 -0.012451
v -0.701194 1.076242 0.014809
v -0.702341 1.089381 -0.004746
v -0.701727 1.072067 0.005948
v -0.702534 1.081696 0.001937
v -0.701603 1.069723 0.003054
v -0.701678 1.069663 -0.000643
v -0.702321 1.079551 0.005253
v -0.701899 1.071812 -0.003665
v -0.702170 1.075305 -0.005037
v -0.702006 1.075831 0.006799
v -0.702560 1.081406 -0.001732
v -0.702413 1.078931 -0.004335
v -0.066153 0.692340 -0.052779
v -0.043445 0.695663 -0.069589
v -0.015186 0.696456 -0.079157
v -0.020535 0.674002 0.078825
v -0.056096 0.676313 0.062392
v -0.079264 0.680150 0.034098
v -0.088297 0.683890 0.001946
v -0.082487 0.688016 -0.028189
v -0.122109 0.588205 -0.047190
v -0.075836 0.583160 -0.080739
v -0.025296 0.576377 -0.098702
v -0.026787 0.595881 0.142750
v -0.076617 0.599764 0.121481
v -0.120916 0.601212 0.086105
v -0.148905 0.601864 0.043378
v -0.149337 0.596320 -0.002032
v -0.104557 0.619391 -0.020918
v -0.110435 0.622440 0.016517
v -0.095376 0.625175 0.052384
v -0.065042 0.625670 0.083766
v -0.023430 0.624710 0.103061
v -0.019010 0.616188 -0.084534
v -0.054076 0.618195 -0.073236
v -0.082953 0.618423 -0.052694
v -0.219153 0.473731 0.153325
v -0.038238 0.396305 0.298208
v -0.039907 0.336769 0.327548
v -0.041868 0.256760 0.363594
v -0.043288 0.168377 0.398378
v -0.129355 0.172073 0.377966
v -0.209837 0.172064 0.336982
v -0.263535 0.242479 0.240519
v -0.312941 0.155859 0.063181
v -0.356708 0.373662 0.023634
v -0.233257 0.155159 -0.061507
v -0.145102 0.151566 -0.114943
v -0.046501 0.155379 -0.139081
v -0.124259 0.257164 0.344963
v -0.118186 0.332806 0.311780
v -0.113069 0.393111 0.282776
v -0.035032 0.493170 0.241089
v -0.201115 0.252155 0.308014
v -0.190764 0.324979 0.279227
v -0.182397 0.385361 0.252076
v -0.102946 0.493936 0.224423
v -0.155426 0.533984 0.160667
v -0.097088 0.537254 0.192574
v -0.033336 0.534147 0.211040
v -0.030670 0.531167 -0.118202
v -0.094309 0.541729 -0.096759
v -0.154284 0.549610 -0.056149
v -0.034970 0.476830 -0.130756
v -0.104673 0.488687 -0.111859
v -0.166811 0.497350 -0.074333
v -0.038590 0.414328 -0.136068
v -0.114046 0.425311 -0.117989
v -0.181649 0.435845 -0.078627
v -0.041204 0.352851 -0.137963
v -0.198954 0.377088 -0.071412
v -0.123216 0.362693 -0.118164
v -0.248776 0.314128 0.222035
v -0.284788 0.393465 0.026101
v -0.224647 0.230446 -0.063522
v -0.139090 0.224139 -0.114320
v -0.044517 0.221869 -0.138876
v -0.144290 0.570343 0.124439
v -0.299323 0.234477 0.168943
v -0.287665 0.156115 0.005935
v -0.215004 0.308488 -0.064668
v -0.133280 0.297814 -0.115678
v -0.043479 0.290537 -0.138714
v -0.108131 0.443365 0.255924
v -0.036538 0.444142 0.271983
v -0.227921 0.422618 0.178584
v -0.283276 0.303969 0.160074
v -0.089112 0.570418 0.160101
v -0.030727 0.565991 0.180947
v -0.275259 0.166561 0.258634
v -0.209842 0.547223 -0.021690
v -0.264505 0.454918 0.116456
v -0.366507 0.482628 -0.018391
v -0.416763 0.455372 -0.024005
v -0.204033 0.558689 0.093564
v -0.268057 0.530640 -0.012137
v -0.367479 0.494842 0.076363
v -0.420634 0.470074 0.078226
v -0.205359 0.577618 0.011173
v -0.265759 0.537472 0.081329
v -0.320729 0.531241 0.011666
v -0.421248 0.480784 0.005493
v -0.202518 0.582449 0.052257
v -0.266064 0.555631 0.013138
v -0.320192 0.535847 0.045066
v -0.423025 0.487643 0.044112
v -0.409409 0.418823 -0.036245
v -0.363687 0.445088 -0.029932
v -0.401646 0.381577 -0.028342
v -0.359288 0.407240 -0.022662
v -0.413964 0.435108 0.097470
v -0.318397 0.476756 0.095867
v -0.405341 0.395720 0.092033
v -0.398562 0.367707 0.073562
v -0.218351 0.499267 -0.038388
v -0.265357 0.559356 0.047139
v -0.230664 0.445478 -0.038434
v -0.271402 0.488033 -0.023991
v -0.246105 0.398487 -0.022482
v -0.211013 0.520415 0.125892
v -0.274401 0.443141 -0.019616
v -0.361255 0.417392 0.088993
v -0.236269 0.373785 0.199736
v -0.175426 0.435365 0.225882
v -0.266285 0.498387 0.104474
v -0.277368 0.231484 0.003017
v -0.165986 0.487555 0.194016
v -0.266868 0.306386 0.002573
v -0.314248 0.407902 0.076918
v -0.437164 0.321879 0.021233
v -0.280878 0.351851 0.097552
v -0.295667 0.297799 0.107230
v -0.309676 0.230308 0.112167
v -0.267716 0.360798 0.143651
v -0.320093 0.393326 0.025816
v -0.279442 0.411176 -0.000666
v -0.311542 0.161462 0.177249
v -0.282803 0.393902 0.087740
v -0.356935 0.382830 -0.001511
v -0.396764 0.357611 -0.005429
v -0.287906 0.387583 0.055324
v -0.302459 0.228687 0.060260
v -0.290100 0.297189 0.057774
v -0.279092 0.352099 0.055974
v -0.319333 0.394523 0.051040
v -0.395402 0.353779 0.050758
v -0.320493 0.158435 0.117778
v -0.262454 0.408517 0.128043
v -0.357107 0.377020 0.049874
v -0.319147 0.403607 0.002573
v -0.394839 0.349382 0.022039
v -0.357484 0.390654 0.071408
v -0.313191 0.436395 0.094955
v -0.366052 0.457019 0.094342
v -0.319090 0.427851 -0.017646
v -0.320776 0.467460 -0.024601
v -0.368609 0.513574 0.044909
v -0.368184 0.507605 0.009452
v -0.319256 0.516231 0.076842
v -0.320590 0.507342 -0.013762
v -0.447092 0.353624 -0.033823
v -0.475271 0.444470 0.080630
v -0.457785 0.391235 -0.042290
v -0.451898 0.370949 0.098164
v -0.476253 0.453328 0.001977
v -0.442300 0.341322 0.078517
v -0.482444 0.292502 0.021156
v -0.469241 0.427894 -0.029102
v -0.464583 0.411162 0.102323
v -0.437547 0.326855 0.052837
v -0.440354 0.329771 -0.008838
v -0.478728 0.460726 0.043333
v -0.927348 0.035178 0.021702
v -0.499876 0.344582 0.103334
v -0.521525 0.400769 -0.032949
v -0.488194 0.313173 0.082299
v -0.528320 0.419450 0.082848
v -0.528897 0.262676 0.021302
v -0.530015 0.426233 -0.000101
v -0.486504 0.300816 -0.010859
v -0.532759 0.434223 0.043270
v -0.482565 0.297835 0.054874
v -0.507708 0.363859 -0.046942
v -0.494692 0.325541 -0.037694
v -0.515372 0.386566 0.107073
v -1.000086 0.120535 0.003831
v -0.586441 0.407849 0.043752
v -0.528924 0.268107 0.056836
v -0.557492 0.335893 -0.050447
v -0.542688 0.297056 -0.040220
v -0.564937 0.361831 0.110956
v -0.574369 0.233566 0.021680
v -0.547563 0.317776 0.107793
v -0.573537 0.373339 -0.036410
v -0.534815 0.284664 0.085786
v -0.580177 0.394708 0.084979
v -0.942525 0.054290 -0.020329
v -0.583780 0.399213 -0.001837
v -0.533378 0.271717 -0.012157
v -0.620167 0.204817 0.022982
v -0.595053 0.291207 0.111835
v -0.626915 0.345942 -0.039039
v -0.580195 0.256791 0.088868
v -0.634286 0.368529 0.086209
v -0.941507 0.047962 0.065546
v -0.640469 0.371296 -0.002967
v -0.578918 0.243328 -0.012804
v -0.643114 0.379842 0.044261
v -0.574444 0.238974 0.058655
v -0.607331 0.308234 -0.052995
v -0.589641 0.269103 -0.041824
v -0.616266 0.336324 0.113987
v -0.625240 0.214650 -0.011570
v -0.696893 0.352637 0.044187
v -0.620200 0.210017 0.060205
v -0.656073 0.279999 -0.053988
v -0.636772 0.240508 -0.041094
v -0.665812 0.308908 0.116689
v -0.658632 0.172769 0.023737
v -0.642272 0.263036 0.114863
v -0.678128 0.318319 -0.041251
v -0.626056 0.228051 0.090760
v -0.685798 0.341586 0.087181
v -1.000485 0.115997 0.062842
v -0.694245 0.343954 -0.004418
v -0.664842 0.181251 -0.014344
v -0.746374 0.341380 0.045506
v -0.659332 0.179079 0.064200
v -0.700135 0.254847 -0.062790
v -0.678562 0.209390 -0.047297
v -0.710934 0.287233 0.126383
v -0.685757 0.132582 0.022487
v -0.685353 0.235807 0.123521
v -0.724682 0.299328 -0.050768
v -0.667143 0.197716 0.097382
v -0.733420 0.326085 0.094761
v -0.931551 0.038247 0.045773
v -0.743244 0.330747 -0.010405
v -0.761625 0.270823 0.151531
v -0.722480 0.083993 0.020879
v -0.725240 0.206948 0.145925
v -0.775060 0.288019 -0.073009
v -0.699948 0.161732 0.113575
v -0.791813 0.321972 0.113214
v -0.964676 0.078212 -0.028197
v -0.800163 0.330000 -0.022564
v -0.693703 0.141389 -0.024423
v -0.806218 0.343692 0.049339
v -0.688051 0.140201 0.072624
v -0.742754 0.230946 -0.086235
v -0.713115 0.174607 -0.065382
v -0.731866 0.096328 -0.034237
v -0.878545 0.333579 0.053276
v -0.726505 0.090866 0.081037
v -0.795455 0.198181 -0.109302
v -0.756747 0.134499 -0.082615
v -0.823363 0.243889 0.177855
v -0.775067 0.043970 0.020678
v -0.775611 0.167792 0.169580
v -0.836905 0.265651 -0.094632
v -0.742505 0.115423 0.130123
v -0.862185 0.306953 0.131636
v -0.959756 0.066708 0.080022
v -0.868922 0.316914 -0.033827
v -0.810685 0.096484 -0.086249
v -0.887272 0.204478 0.182970
v -0.835748 0.024971 0.020919
v -0.835500 0.127099 0.174109
v -0.902429 0.225962 -0.099524
v -0.798808 0.074404 0.133187
v -0.929658 0.269256 0.134917
v -0.985535 0.101872 -0.019854
v -0.937009 0.279110 -0.036674
v -0.783848 0.057860 -0.035888
v -0.947721 0.296516 0.053497
v -0.780788 0.049900 0.082456
v -0.855180 0.158589 -0.114360
v -0.890678 0.024530 0.021423
v -0.985698 0.222487 -0.027913
v -0.842057 0.035923 -0.027964
v -0.994972 0.239112 0.049191
v -0.842671 0.030606 0.073616
v -0.909831 0.119831 -0.096105
v -0.866394 0.068081 -0.071991
v -0.942400 0.158746 0.160333
v -0.930104 0.039633 -0.000915
v -0.894181 0.094218 0.152829
v -0.954921 0.176161 -0.082545
v -0.859833 0.051221 0.117111
v -0.979828 0.215226 0.118555
v -0.913462 0.054379 -0.045973
v -0.975206 0.117804 0.119560
v -0.983461 0.092695 0.080705
v -0.938046 0.074076 0.115827
v -0.981485 0.131070 -0.049737
v -0.910874 0.044425 0.090926
v -1.002202 0.158238 0.090092
v -1.006283 0.127336 0.035586
v -1.004001 0.163672 -0.010605
v -0.894745 0.031515 -0.014379
v -1.011853 0.176477 0.042972
v -0.896803 0.029377 0.059586
v -0.947761 0.091807 -0.061349
v -0.264546 0.366061 0.013519
v -0.952244 0.051472 0.009890
v -0.968859 0.066003 0.052900
v -0.990160 0.094448 0.012732
v -0.970843 0.072586 -0.004154
v -0.950708 0.048903 0.021873
v -0.982017 0.085119 0.000439
v -0.981461 0.079870 0.052891
v -0.993726 0.097512 0.029182
v -0.958807 0.055755 0.045339
v -0.990509 0.091728 0.043361
v -0.953118 0.050450 0.034718
v -0.959013 0.059529 -0.000276
v -0.967991 0.063066 0.033033
v -0.981507 0.078401 0.032066
v -0.965488 0.060742 0.028458
v -0.973051 0.070438 0.011943
v -0.972340 0.067525 0.036206
v -0.977866 0.075806 0.013941
v -0.965072 0.061193 0.017814
v -0.982946 0.080797 0.026064
v -0.977665 0.073464 0.036122
v -0.964419 0.060068 0.022935
v -0.981417 0.079623 0.019135
v -0.967988 0.064721 0.013526
v -0.163706 0.075074 -0.123679
v -0.246652 0.078348 -0.064832
v -0.048981 0.075692 0.424392
v -0.223123 0.086882 0.356420
v -0.320944 0.086749 0.185022
v -0.141761 0.081039 0.401609
v -0.328897 0.084904 0.124782
v -0.321081 0.082322 0.068278
v -0.296240 0.079912 0.007854
v -0.286972 0.087911 0.271158
v -0.297773 0.007854 0.268411
v -0.333197 0.009634 0.123918
v -0.055694 -0.017584 0.434133
v -0.036965 0.102391 -0.142329
v -0.326026 0.008550 0.070573
v -0.155428 -0.009796 0.408699
v -0.304219 0.007167 0.007006
v -0.261690 0.004467 -0.074288
v -0.236811 0.001491 0.359117
v -0.327311 0.009865 0.180637
v -0.181948 -0.003404 -0.141823
v -0.117463 -0.232638 -0.128048
v -0.336816 -0.134149 0.086349
v -0.164702 -0.219551 0.297603
v -0.327446 -0.137580 0.032620
v -0.295496 -0.156213 -0.056587
v -0.227006 -0.183123 0.288668
v -0.335026 -0.134603 0.142559
v -0.223230 -0.194118 -0.125322
v -0.295300 -0.150529 0.218825
v -0.338105 -0.134747 0.111045
v -0.066930 -0.245685 0.302873
v -0.060567 -0.155985 0.391029
v -0.336719 -0.081043 0.110185
v -0.303779 -0.091161 0.238973
v -0.204439 -0.108365 -0.153471
v -0.335240 -0.081270 0.146655
v -0.237031 -0.112624 0.336077
v -0.284599 -0.089806 -0.072529
v -0.321796 -0.081911 0.023411
v -0.160393 -0.137129 0.374858
v -0.333739 -0.081109 0.081981
v -0.104427 -0.126625 -0.176506
v -0.046351 -0.309082 0.222174
v -0.035470 -0.328185 0.169348
v -0.031022 -0.329165 0.086108
v -0.063053 -0.202507 0.350808
v -0.337169 -0.104127 0.109143
v -0.300429 -0.117199 0.229341
v -0.214057 -0.150025 -0.144938
v -0.335438 -0.103790 0.142056
v -0.232533 -0.146196 0.316192
v -0.290831 -0.120628 -0.066021
v -0.325599 -0.106754 0.029642
v -0.161786 -0.178527 0.340763
v -0.335224 -0.104321 0.084925
v -0.112246 -0.178559 -0.162197
v -0.097662 -0.076717 -0.178639
v -0.330557 -0.049708 0.076322
v -0.159359 -0.083993 0.399222
v -0.314433 -0.049523 0.013757
v -0.275634 -0.052839 -0.076732
v -0.239690 -0.067952 0.350885
v -0.332137 -0.050264 0.163352
v -0.194039 -0.064368 -0.153361
v -0.303012 -0.055739 0.254138
v -0.335418 -0.049692 0.117039
v -0.058441 -0.096181 0.422399
v -0.028596 0.054059 -0.148828
v -0.027859 -0.083268 -0.161530
v -0.030286 -0.192447 -0.128700
v -0.028478 -0.136464 -0.153066
v -0.030017 -0.244215 -0.085191
v -0.084096 0.063041 -0.147508
v -0.029052 -0.016179 -0.158154
v -0.094084 -0.011746 -0.166200
v -0.028835 -0.294394 -0.010731
v -0.293758 -0.216442 -0.039403
v -0.080655 -0.319219 -0.016372
v -0.229048 -0.248339 -0.087343
v -0.078235 -0.349483 0.162331
v -0.326076 -0.199017 0.031717
v -0.175153 -0.286169 0.253364
v -0.335753 -0.192526 0.145667
v -0.222010 -0.251506 0.254854
v -0.072414 -0.349520 0.086354
v -0.135043 -0.281871 -0.088071
v -0.341204 -0.192578 0.113605
v -0.289158 -0.213787 0.207149
v -0.099901 -0.337398 0.206001
v -0.340207 -0.193018 0.086186
v -0.277698 -0.777676 -0.001484
v -0.153892 -0.788242 -0.006200
v -0.220603 -0.782761 -0.015366
v -0.101449 -0.795441 0.030854
v -0.315684 -0.771009 0.035563
v -0.321556 -0.763467 0.174719
v -0.200610 -0.758028 0.244780
v -0.337740 -0.763266 0.131085
v -0.243614 -0.760507 0.242289
v -0.096520 -0.783686 0.192635
v -0.287083 -0.763801 0.215491
v -0.077766 -0.795492 0.149521
v -0.336262 -0.765317 0.083680
v -0.076771 -0.799924 0.090510
v -0.338599 -0.164661 0.086668
v -0.095339 -0.316987 0.212960
v -0.290371 -0.182851 0.211053
v -0.339566 -0.165208 0.112676
v -0.124915 -0.268173 -0.097763
v -0.065602 -0.338543 0.084199
v -0.220733 -0.216535 0.267050
v -0.335149 -0.165140 0.143872
v -0.168113 -0.253128 0.265712
v -0.327477 -0.169520 0.032756
v -0.073699 -0.337624 0.165157
v -0.228214 -0.228620 -0.103720
v -0.066594 -0.307096 -0.019498
v -0.296305 -0.190086 -0.047175
v -0.078149 -0.396226 0.088214
v -0.080196 -0.471054 0.087045
v -0.079237 -0.544702 0.085526
v -0.077984 -0.621073 0.086780
v -0.341512 -0.266577 0.083114
v -0.341443 -0.373904 0.080116
v -0.340418 -0.468045 0.080151
v -0.339516 -0.557249 0.081182
v -0.080433 -0.396748 0.158721
v -0.079556 -0.471355 0.151640
v -0.077688 -0.543378 0.146336
v -0.076762 -0.616819 0.146043
v -0.291202 -0.285951 0.207355
v -0.292221 -0.386511 0.210809
v -0.293008 -0.475426 0.211381
v -0.293624 -0.560050 0.210991
v -0.100935 -0.389630 0.201127
v -0.097980 -0.463563 0.195578
v -0.095288 -0.534834 0.191609
v -0.094573 -0.606745 0.191160
v -0.232080 -0.320574 0.246463
v -0.240107 -0.408209 0.244187
v -0.245429 -0.488049 0.242667
v -0.249396 -0.565757 0.240771
v -0.343278 -0.264855 0.117834
v -0.343884 -0.371841 0.123404
v -0.342688 -0.466158 0.126105
v -0.341362 -0.554673 0.127560
v -0.187267 -0.349251 0.247697
v -0.195493 -0.426904 0.247616
v -0.201026 -0.500417 0.247517
v -0.204429 -0.574124 0.246937
v -0.334867 -0.265491 0.153922
v -0.332110 -0.372980 0.164053
v -0.329544 -0.467338 0.167995
v -0.327243 -0.556181 0.169887
v -0.321971 -0.273715 0.031265
v -0.318353 -0.381109 0.031213
v -0.317916 -0.475011 0.032085
v -0.318100 -0.565304 0.034018
v -0.097137 -0.376120 0.002496
v -0.106905 -0.462710 0.022222
v -0.106575 -0.539499 0.025752
v -0.104836 -0.617318 0.027894
v -0.226952 -0.316217 -0.053570
v -0.223697 -0.419087 -0.023665
v -0.222745 -0.506482 -0.018598
v -0.223248 -0.591568 -0.016967
v -0.149391 -0.345669 -0.051827
v -0.158971 -0.443782 -0.015414
v -0.158896 -0.525926 -0.010023
v -0.158210 -0.606657 -0.008411
v -0.285627 -0.290123 -0.023076
v -0.278476 -0.397178 -0.008619
v -0.278155 -0.488575 -0.005146
v -0.279023 -0.577201 -0.002735
v -0.233184 -0.869928 0.384619
v -0.339862 -0.906608 0.133690
v -0.215175 -0.923912 -0.012248
v -0.154126 -0.926741 -0.002075
v -0.311811 -0.916692 0.034751
v -0.105029 -0.929360 0.031430
v -0.334916 -0.911408 0.084163
v -0.073880 -0.924008 0.152110
v -0.334813 -0.903418 0.183669
v -0.270423 -0.920959 -0.000997
v -0.191824 -0.797933 0.275192
v -0.239765 -0.801742 0.276176
v -0.077355 -0.847540 0.089171
v -0.077659 -0.888355 0.086058
v -0.275092 -0.827522 -0.002393
v -0.272591 -0.873374 -0.003703
v -0.323062 -0.815450 0.177317
v -0.329289 -0.860085 0.180176
v -0.078203 -0.844774 0.150569
v -0.076530 -0.885694 0.150663
v -0.335594 -0.817743 0.083704
v -0.336068 -0.864858 0.082782
v -0.102314 -0.842363 0.029678
v -0.103321 -0.884886 0.028471
v -0.314298 -0.822346 0.034587
v -0.313570 -0.869020 0.032824
v -0.153656 -0.836209 -0.006012
v -0.153599 -0.880525 -0.005555
v -0.218492 -0.831618 -0.015404
v -0.216572 -0.876931 -0.015482
v -0.337562 -0.815572 0.131810
v -0.339231 -0.861884 0.131952
v -0.297289 -0.816502 0.219748
v -0.278937 -0.824042 0.265731
v -0.314574 -0.858663 0.225341
v -0.301790 -0.856891 0.268510
v -0.237013 -0.826249 0.330007
v -0.176821 -0.825209 0.325215
v -0.281930 -0.842564 0.305521
v -0.162585 -0.870976 0.374855
v -0.078226 -0.929489 0.086893
v -0.326206 -0.900262 0.234513
v -0.315848 -0.896050 0.284537
v -0.095534 -0.832389 0.196424
v -0.289959 -0.882899 0.341997
v -0.119664 -0.817517 0.232122
v -0.080884 -0.915139 0.211160
v -0.124005 -0.595866 0.223655
v -0.123600 -0.524202 0.223464
v -0.124379 -0.453672 0.224405
v -0.125234 -0.381292 0.225781
v -0.116893 -0.299478 0.237200
v -0.125557 -0.770968 0.223051
v -0.122426 -0.326212 0.228892
v -0.057088 -0.292123 0.249940
v -0.090357 -0.902170 0.265536
v -0.089310 -0.875113 0.203528
v -0.064608 -0.277637 0.266782
v -0.142872 -0.312523 0.241755
v -0.159934 -0.761782 0.239247
v -0.133789 -0.283579 0.250580
v -0.150911 -0.369859 0.239640
v -0.155207 -0.442519 0.240697
v -0.158280 -0.513102 0.241265
v -0.160422 -0.584858 0.241497
v -0.150083 -0.804291 0.258945
v -0.105565 -0.859189 0.249212
v -0.130550 -0.838424 0.292333
v -0.308573 -0.982503 0.194414
v -0.102903 -0.994783 0.219680
v -0.225110 -0.996482 0.377067
v -0.306709 -0.983619 0.147607
v -0.126606 -0.995060 0.327768
v -0.306425 -0.983359 0.242967
v -0.104015 -0.996025 0.164766
v -0.299505 -0.985700 0.292905
v -0.114881 -0.997816 0.111404
v -0.298528 -0.986269 0.103116
v -0.170557 -0.995948 0.046345
v -0.248533 -0.992857 0.042680
v -0.274788 -0.990001 0.343057
v -0.136614 -0.997912 0.071816
v -0.210879 -0.994618 0.036622
v -0.279676 -0.989532 0.066017
v -0.108597 -0.993973 0.272096
v -0.167492 -0.998380 0.370432
v -0.180783 -0.998039 0.077978
v -0.235165 -0.999440 0.073804
v -0.158039 -0.999711 0.096374
v -0.209307 -0.998689 0.071628
v -0.275878 -0.998749 0.237423
v -0.255924 -0.998740 0.089768
v -0.271527 -0.999665 0.275349
v -0.276296 -0.998049 0.197278
v -0.252483 -1.001326 0.308279
v -0.273280 -0.998020 0.157756
v -0.184000 -1.005249 0.322514
v -0.143518 -1.002639 0.258354
v -0.135668 -1.000922 0.172010
v -0.218596 -1.004457 0.325852
v -0.136308 -1.001685 0.217701
v -0.144277 -1.000915 0.127900
v -0.267209 -0.998354 0.120266
v -0.157988 -1.003456 0.299153
v -0.245029 -0.999741 0.275790
v -0.244219 -1.000016 0.240412
v -0.243333 -0.999869 0.202852
v -0.241186 -1.000102 0.165636
v -0.237903 -1.000388 0.130113
v -0.233265 -1.000225 0.100172
v -0.215032 -0.999641 0.288808
v -0.211328 -0.999972 0.247560
v -0.212241 -0.999619 0.205703
v -0.213426 -0.999540 0.165123
v -0.212042 -0.999975 0.128535
v -0.210047 -0.999518 0.099692
v -0.184316 -0.999205 0.287590
v -0.176451 -0.999665 0.247878
v -0.174201 -0.999348 0.209377
v -0.175192 -0.999012 0.168893
v -0.178407 -0.999711 0.131793
v -0.182071 -0.998846 0.103349
v -0.157114 -0.945156 0.402541
v -0.086263 -0.953530 0.274770
v -0.301385 -0.961299 0.045474
v -0.213044 -0.969053 0.003572
v -0.114536 -0.973578 0.046058
v -0.290800 -0.943625 0.360902
v -0.262821 -0.965892 0.013479
v -0.158869 -0.971677 0.014155
v -0.323909 -0.955447 0.090651
v -0.088326 -0.972018 0.096360
v -0.318071 -0.945383 0.294918
v -0.079548 -0.966168 0.157387
v -0.325634 -0.945816 0.240553
v -0.106646 -0.947302 0.342687
v -0.331096 -0.950039 0.138884
v -0.230025 -0.943579 0.412252
v -0.080775 -0.960094 0.216943
v -0.329976 -0.946873 0.188696
v -0.161021 -0.650994 0.241166
v -0.161462 -0.708975 0.239286
v -0.124185 -0.661385 0.223638
v -0.124901 -0.718255 0.222630
v -0.076947 -0.687869 0.087850
v -0.076594 -0.744648 0.088927
v -0.338604 -0.637098 0.082345
v -0.337513 -0.704757 0.082856
v -0.076377 -0.681999 0.146379
v -0.076710 -0.739138 0.147366
v -0.292067 -0.635225 0.211628
v -0.289047 -0.701540 0.211906
v -0.094430 -0.671729 0.191332
v -0.095079 -0.728878 0.191474
v -0.249536 -0.636265 0.239915
v -0.246804 -0.701509 0.238873
v -0.340056 -0.634022 0.128699
v -0.338864 -0.702280 0.129667
v -0.205087 -0.641727 0.246186
v -0.204144 -0.703316 0.244293
v -0.325043 -0.634789 0.171502
v -0.323088 -0.702073 0.172725
v -0.317967 -0.645068 0.035343
v -0.317003 -0.711297 0.035421
v -0.102733 -0.684522 0.029433
v -0.101673 -0.741337 0.030405
v -0.223170 -0.664828 -0.016386
v -0.222236 -0.726403 -0.015749
v -0.156495 -0.675306 -0.007529
v -0.154807 -0.733330 -0.006747
v -0.279569 -0.654724 -0.001661
v -0.279231 -0.719395 -0.001455
v -0.112444 -0.883752 0.324664
vn 0.2163 0.3280 0.9196
vn 0.2231 0.1187 0.9675
vn 0.2241 -0.0140 0.9745
vn 0.2252 -0.1274 0.9659
vn 0.2288 -0.2733 0.9343
vn 0.2336 -0.4543 0.8597
vn 0.4580 -0.4532 0.7647
vn 0.6478 -0.4383 0.6231
vn 0.8562 -0.3396 0.3893
vn 0.8828 -0.2232 0.4134
vn 0.8982 -0.1195 0.4230
vn 0.9147 -0.0046 0.4040
vn 0.9357 0.1480 0.3201
vn 0.8694 0.3772 0.3192
vn 0.6340 0.2690 0.7250
vn 0.4186 0.2973 0.8582
vn 0.4411 0.1128 0.8904
vn 0.6564 0.1111 0.7462
vn 0.4427 -0.0145 0.8966
vn 0.6538 -0.0103 0.7566
vn 0.4440 -0.1271 0.8870
vn 0.6480 -0.1233 0.7516
vn 0.4505 -0.2692 0.8512
vn 0.6466 -0.2597 0.7173
vn -0.0000 0.3341 0.9425
vn -0.0000 0.1206 0.9927
vn -0.0000 -0.0135 0.9999
vn -0.0000 -0.1286 0.9917
vn -0.0000 -0.2770 0.9609
vn -0.0000 -0.4550 0.8905
vn 0.7741 -0.3980 0.4923
vn 0.7926 0.3141 0.5227
vn 0.8282 0.1265 0.5460
vn 0.8174 -0.0008 0.5761
vn 0.8021 -0.1155 0.5859
vn 0.7876 -0.2366 0.5690
vn 0.2043 0.6093 0.7662
vn 0.6821 0.6634 0.3075
vn 0.5705 0.4717 0.6723
vn 0.3855 0.5569 0.7357
vn -0.0000 0.6241 0.7814
vn 0.6460 0.5796 0.4967
vn 0.9719 -0.1525 0.1794
vn 0.9496 -0.2838 0.1331
vn 0.9379 -0.3469 -0.0054
vn 0.9210 -0.3553 -0.1595
vn 0.9544 -0.2124 -0.2100
vn 0.9696 -0.1051 -0.2209
vn 0.9840 -0.0014 -0.1781
vn 0.9992 0.0343 -0.0181
vn 0.9934 -0.0008 0.1147
vn 0.9826 -0.0699 0.1722
vn 0.8504 -0.2049 0.4846
vn 0.9035 -0.3611 0.2308
vn 0.9069 -0.4210 0.0164
vn 0.9101 -0.3693 -0.1881
vn 0.8912 -0.2558 -0.3747
vn 0.8824 -0.0315 -0.4694
vn 0.8890 0.2671 -0.3720
vn 0.8265 0.5623 -0.0256
vn 0.7625 0.4973 0.4138
vn 0.7834 0.1063 0.6124
vn 0.9513 -0.1438 0.2726
vn 0.9648 -0.0427 0.2593
vn 0.9334 -0.2596 0.2477
vn 0.9813 0.0504 0.1855
vn 0.9945 0.1009 0.0288
vn 0.9838 0.0963 -0.1510
vn 0.9469 -0.0247 -0.3204
vn 0.9434 0.0898 -0.3193
vn 0.8616 -0.0423 -0.5058
vn 0.8565 0.0861 -0.5089
vn 0.7054 -0.0648 -0.7058
vn 0.7017 0.0778 -0.7082
vn 0.4857 -0.0775 -0.8707
vn 0.4821 0.0761 -0.8728
vn 0.2467 -0.0727 -0.9664
vn 0.2420 0.0866 -0.9664
vn -0.0000 -0.0645 -0.9979
vn -0.0000 0.0956 -0.9954
vn 0.8883 0.4457 0.1108
vn 0.6869 0.7188 0.1073
vn 0.8741 0.4758 -0.0978
vn 0.6786 0.7292 -0.0884
vn 0.8370 0.4630 -0.2916
vn 0.6632 0.6978 -0.2706
vn 0.7715 0.4236 -0.4748
vn 0.6308 0.6392 -0.4399
vn 0.6377 0.3891 -0.6648
vn 0.5684 0.5602 -0.6026
vn 0.4294 0.4218 -0.7986
vn 0.3942 0.6311 -0.6680
vn 0.2154 0.4537 -0.8647
vn 0.1996 0.6723 -0.7128
vn -0.0000 0.4582 -0.8889
vn -0.0000 0.6805 -0.7327
vn 0.9695 0.2277 0.0909
vn 0.9604 0.2520 -0.1192
vn 0.9166 0.2511 -0.3110
vn 0.8305 0.2405 -0.5024
vn 0.6794 0.2319 -0.6962
vn 0.4644 0.2417 -0.8520
vn 0.2312 0.2574 -0.9382
vn -0.0000 0.2622 -0.9650
vn 0.1895 0.9398 0.2845
vn 0.4151 0.8603 0.2957
vn -0.0000 0.9597 0.2809
vn 0.1913 0.9760 0.1045
vn 0.4161 0.9034 0.1034
vn -0.0000 0.9944 0.1056
vn 0.2004 0.9773 -0.0689
vn 0.4233 0.9025 -0.0793
vn -0.0000 0.9978 -0.0656
vn 0.2065 0.9422 -0.2640
vn 0.4295 0.8641 -0.2624
vn -0.0000 0.9636 -0.2674
vn -0.0000 0.8634 -0.5044
vn 0.2016 0.8484 -0.4895
vn 0.4146 0.7860 -0.4586
vn 0.1950 0.8372 0.5109
vn -0.0000 0.8593 0.5115
vn 0.4027 0.7614 0.5080
vn 0.9357 -0.1295 -0.3281
vn 0.8475 -0.1700 -0.5029
vn 0.6895 -0.2131 -0.6922
vn 0.4733 -0.2382 -0.8481
vn 0.2398 -0.2401 -0.9407
vn -0.0000 -0.2320 -0.9727
vn 0.9104 -0.2618 -0.3203
vn 0.8065 -0.3238 -0.4947
vn 0.6407 -0.3870 -0.6631
vn 0.4308 -0.4264 -0.7953
vn 0.2174 -0.4307 -0.8759
vn -0.0000 -0.4168 -0.9090
vn 0.8733 -0.4325 0.2242
vn 0.7536 -0.5942 0.2812
vn 0.6131 -0.6740 0.4120
vn 0.4332 -0.6947 0.5742
vn 0.2228 -0.6863 0.6924
vn -0.0000 -0.6815 0.7318
vn 0.8576 -0.5035 0.1049
vn 0.6147 -0.7870 0.0525
vn 0.4664 -0.8731 0.1419
vn 0.3380 -0.8846 0.3212
vn 0.1793 -0.8588 0.4799
vn -0.0000 -0.8503 0.5263
vn 0.8486 -0.4342 -0.3022
vn 0.7142 -0.5129 -0.4763
vn 0.5391 -0.5806 -0.6102
vn 0.3497 -0.6190 -0.7033
vn 0.1757 -0.6210 -0.7639
vn -0.0000 -0.6054 -0.7959
vn -0.0000 -0.9959 -0.0910
vn -0.0000 -0.9936 -0.1133
vn 0.1808 -0.9774 0.1096
vn 0.1145 -0.9541 0.2768
vn -0.0000 -0.9990 0.0441
vn -0.0000 -0.9619 0.2734
vn 0.7539 -0.2867 -0.5911
vn 0.9212 -0.2798 -0.2703
vn 0.2353 -0.9709 -0.0448
vn 0.2848 -0.9526 -0.1065
vn 0.8397 -0.5428 -0.0196
vn 0.7997 -0.5746 -0.1743
vn 0.7020 -0.6394 -0.3138
vn 0.5522 -0.7023 -0.4494
vn 0.3941 -0.7458 -0.5370
vn 0.9538 -0.2460 0.1723
vn 0.2493 -0.7664 -0.5920
vn 0.1253 -0.7635 -0.6335
vn -0.0000 -0.7507 -0.6607
vn 0.6027 -0.7954 -0.0640
vn 0.5620 -0.8024 -0.2008
vn 0.4766 -0.8195 -0.3183
vn 0.3647 -0.8370 -0.4080
vn 0.2570 -0.8483 -0.4630
vn 0.8036 -0.1788 0.5677
vn 0.1643 -0.8517 -0.4976
vn 0.0837 -0.8464 -0.5259
vn -0.0000 -0.8381 -0.5455
vn 0.3301 -0.9339 -0.1374
vn 0.3298 -0.9150 -0.2323
vn 0.2883 -0.9047 -0.3136
vn 0.2282 -0.8996 -0.3724
vn 0.1665 -0.8966 -0.4104
vn 0.4808 -0.1346 0.8664
vn 0.1095 -0.8937 -0.4351
vn 0.0549 -0.8895 -0.4536
vn -0.0000 -0.8858 -0.4641
vn 0.2118 -0.9698 -0.1209
vn 0.2403 -0.9438 -0.2269
vn 0.2314 -0.9251 -0.3010
vn 0.2003 -0.9107 -0.3613
vn 0.1579 -0.9007 -0.4048
vn -0.0000 -0.1998 0.9798
vn 0.1091 -0.8946 -0.4333
vn 0.0644 -0.8900 -0.4513
vn -0.0000 -0.8863 -0.4632
vn 0.5287 -0.2976 -0.7950
vn 0.2935 -0.3095 -0.9045
vn -0.0000 -0.3165 -0.9486
vn 0.9998 0.0056 -0.0185
vn 0.9961 -0.0213 0.0859
vn 0.9850 -0.1015 -0.1398
vn 0.9931 -0.0359 -0.1117
vn 0.9788 -0.1891 0.0783
vn 0.9762 -0.2169 -0.0028
vn 0.9838 -0.1354 0.1175
vn 0.9892 -0.0782 0.1238
vn 0.9742 -0.2101 -0.0830
vn 0.9789 -0.1635 -0.1226
vn 0.0564 -0.3152 0.9473
vn 0.0829 -0.8050 0.5874
vn 0.0866 -0.9954 0.0405
vn 0.0777 -0.8403 -0.5366
vn 0.0538 -0.4070 -0.9118
vn 0.0341 0.1816 -0.9828
vn 0.0326 0.7047 -0.7087
vn 0.0221 0.9962 -0.0842
vn 0.0188 0.8390 0.5438
vn 0.0322 0.2773 0.9602
vn -0.2285 -0.2956 0.9276
vn -0.2250 -0.7805 0.5833
vn -0.2239 -0.9736 0.0434
vn -0.2212 -0.8186 -0.5300
vn -0.2296 -0.3860 -0.8935
vn -0.2448 0.1986 -0.9490
vn -0.2601 0.6928 -0.6725
vn -0.2645 0.9610 -0.0802
vn -0.2477 0.8183 0.5187
vn -0.2370 0.2861 0.9284
vn -0.6792 -0.2318 0.6964
vn -0.6790 -0.5789 0.4515
vn -0.6890 -0.7235 0.0422
vn -0.6737 -0.6282 -0.3892
vn -0.6702 -0.3012 -0.6783
vn -0.6709 0.1449 -0.7272
vn -0.6973 0.5153 -0.4982
vn -0.7066 0.7054 -0.0565
vn -0.6918 0.6077 0.3901
vn -0.6978 0.2170 0.6827
vn -0.8325 -0.1932 0.5192
vn -0.8284 -0.4481 0.3361
vn -0.8242 -0.5652 0.0371
vn -0.8249 -0.4948 -0.2734
vn -0.8221 -0.2521 -0.5104
vn -0.8206 0.0838 -0.5654
vn -0.8286 0.3935 -0.3982
vn -0.8360 0.5460 -0.0545
vn -0.8420 0.4456 0.3042
vn -0.8383 0.1499 0.5242
vn -0.6926 -0.2400 0.6802
vn -0.6858 -0.5823 0.4366
vn -0.6732 -0.7382 0.0432
vn -0.6871 -0.6303 -0.3614
vn -0.6878 -0.3084 -0.6572
vn -0.6868 0.1098 -0.7185
vn -0.6919 0.5109 -0.5102
vn -0.7038 0.7067 -0.0727
vn -0.7217 0.5736 0.3874
vn -0.7008 0.2003 0.6847
vn -0.3832 -0.2727 0.8825
vn -0.3788 -0.7321 0.5661
vn -0.3703 -0.9273 0.0552
vn -0.3753 -0.7989 -0.4701
vn -0.3729 -0.3787 -0.8470
vn -0.3721 0.1579 -0.9147
vn -0.3930 0.6658 -0.6343
vn -0.4188 0.9041 -0.0846
vn -0.4248 0.7581 0.4948
vn -0.3995 0.2822 0.8722
vn -0.0316 -0.2724 0.9617
vn -0.0288 -0.7829 0.6215
vn -0.0207 -0.9977 0.0643
vn -0.0076 -0.8620 -0.5068
vn 0.0056 -0.4022 -0.9155
vn 0.0066 0.1858 -0.9826
vn -0.0208 0.7343 -0.6785
vn -0.0512 0.9950 -0.0862
vn -0.0483 0.8420 0.5373
vn -0.0339 0.3281 0.9440
vn 0.3428 -0.2526 0.9048
vn 0.3393 -0.7351 0.5870
vn 0.3469 -0.9354 0.0678
vn 0.3710 -0.8055 -0.4621
vn 0.3902 -0.3719 -0.8423
vn 0.3877 0.1757 -0.9049
vn 0.3607 0.6850 -0.6330
vn 0.3277 0.9415 -0.0791
vn 0.3396 0.7935 0.5051
vn 0.3509 0.3114 0.8831
vn 0.6739 -0.2090 0.7086
vn 0.6575 -0.5873 0.4720
vn 0.6585 -0.7494 0.0692
vn 0.6895 -0.6373 -0.3442
vn 0.7133 -0.2933 -0.6366
vn 0.7161 0.1347 -0.6849
vn 0.7089 0.5185 -0.4782
vn 0.6892 0.7221 -0.0602
vn 0.6917 0.6094 0.3876
vn 0.6910 0.2345 0.6838
vn 0.8619 -0.1697 0.4778
vn 0.8415 -0.4259 0.3323
vn 0.8379 -0.5423 0.0623
vn 0.8570 -0.4627 -0.2268
vn 0.8807 -0.2181 -0.4206
vn 0.8901 0.0799 -0.4486
vn 0.8908 0.3359 -0.3061
vn 0.8856 0.4634 -0.0330
vn 0.8880 0.3830 0.2547
vn 0.8824 0.1339 0.4511
vn 0.9491 -0.1375 0.2834
vn 0.9384 -0.2826 0.1987
vn 0.9370 -0.3458 0.0491
vn 0.9452 -0.3047 -0.1170
vn 0.9569 -0.1670 -0.2375
vn 0.9651 0.0130 -0.2614
vn 0.9693 0.1734 -0.1741
vn 0.9690 0.2466 -0.0118
vn 0.9674 0.1973 0.1590
vn 0.9611 0.0464 0.2723
vn 0.9766 -0.1149 0.1818
vn 0.9703 -0.2049 0.1282
vn 0.9691 -0.2443 0.0337
vn 0.9728 -0.2196 -0.0737
vn 0.9788 -0.1354 -0.1537
vn 0.9856 -0.0221 -0.1678
vn 0.9909 0.0792 -0.1086
vn 0.9922 0.1249 -0.0028
vn 0.9897 0.0931 0.1084
vn 0.9841 -0.0018 0.1776
vn 0.9906 -0.0957 0.0978
vn 0.9879 -0.1384 0.0705
vn 0.9875 -0.1556 0.0246
vn 0.9894 -0.1425 -0.0272
vn 0.9928 -0.1014 -0.0640
vn 0.9962 -0.0495 -0.0712
vn 0.9989 -0.0028 -0.0472
vn 0.9997 0.0217 0.0057
vn 0.9980 0.0053 0.0629
vn 0.9945 -0.0413 0.0965
vn 0.9971 -0.0747 0.0164
vn 0.8047 0.2221 -0.5505
vn 0.9246 0.3304 -0.1898
vn 0.8727 0.4111 0.2635
vn 0.6829 0.4239 0.5949
vn 0.3721 0.4478 0.8130
vn -0.0000 0.4655 0.8850
vn 0.5821 0.1412 -0.8008
vn 0.3086 0.0955 -0.9464
vn -0.0000 0.0769 -0.9970
vn 0.4471 0.7041 -0.5516
vn 0.3379 0.9373 -0.0852
vn 0.3586 0.8520 0.3814
vn 0.3261 0.8142 0.4804
vn 0.1637 0.7978 0.5803
vn -0.0000 0.7852 0.6192
vn 0.4506 0.5265 -0.7209
vn 0.2395 0.4329 -0.8691
vn -0.0000 0.3970 -0.9178
vn 0.5587 0.7013 -0.4427
vn 0.4821 0.4941 -0.7235
vn 0.2613 0.3724 -0.8905
vn -0.0000 0.3455 -0.9384
vn -0.0000 0.8090 0.5878
vn 0.1949 0.8192 0.5394
vn 0.3514 0.8440 0.4051
vn 0.4204 0.8854 0.1985
vn 0.4947 0.8590 -0.1319
vn 0.1930 0.5310 0.8251
vn -0.0000 0.5331 0.8461
vn 0.1990 0.4398 0.8758
vn -0.0000 0.4438 0.8961
vn 0.2000 0.4083 0.8907
vn -0.0000 0.4120 0.9112
vn 0.2023 0.3640 0.9092
vn -0.0000 0.3662 0.9305
vn 0.2099 0.2763 0.9379
vn -0.0000 0.2734 0.9619
vn 0.4260 0.3516 0.8336
vn 0.4393 0.2758 0.8550
vn 0.7340 0.2896 0.6144
vn 0.7568 0.2390 0.6083
vn 0.8946 0.2142 0.3921
vn 0.9115 0.1736 0.3728
vn 0.9106 0.1139 -0.3973
vn 0.9178 0.0832 -0.3881
vn 0.7779 0.0760 -0.6238
vn 0.7983 0.1133 -0.5915
vn 0.5098 0.0458 -0.8591
vn 0.5334 0.1805 -0.8264
vn 0.2428 0.0231 -0.9698
vn 0.2010 0.1584 -0.9667
vn -0.0000 0.0019 -1.0000
vn -0.0000 0.0413 -0.9991
vn 0.4146 0.3926 0.8210
vn 0.4070 0.4247 0.8087
vn 0.4050 0.5216 0.7509
vn 0.7000 0.3361 0.6301
vn 0.6836 0.3795 0.6235
vn 0.6349 0.4660 0.6162
vn -0.0000 0.5916 0.8063
vn 0.1903 0.5943 0.7814
vn 0.4048 0.5879 0.7004
vn 0.5681 0.5394 0.6215
vn -0.0000 0.2229 -0.9748
vn -0.0000 0.0848 -0.9964
vn -0.0000 0.0332 -0.9994
vn 0.4714 0.6655 0.5787
vn 0.2331 0.2734 -0.9332
vn 0.4669 0.3616 -0.8070
vn 0.5047 0.3904 -0.7700
vn 0.2260 0.1131 -0.9675
vn 0.4805 0.1708 -0.8602
vn 0.5801 0.1774 -0.7950
vn 0.2265 0.0407 -0.9732
vn 0.5015 0.0698 -0.8623
vn 0.6683 0.0527 -0.7420
vn -0.0000 0.0160 -0.9999
vn -0.0000 0.0041 -1.0000
vn 0.2393 0.0142 -0.9708
vn 0.5243 0.0498 -0.8501
vn 0.7970 0.0612 -0.6008
vn 0.8662 0.2728 0.4186
vn 0.9165 0.1407 -0.3744
vn 0.7908 0.0975 -0.6043
vn 0.5196 0.0392 -0.8535
vn 0.2494 0.0051 -0.9684
vn 0.3770 0.7028 0.6033
vn 0.8488 0.3421 0.4031
vn 0.9325 0.1400 -0.3328
vn -0.0000 0.6840 0.7295
vn -0.0000 0.4816 0.8764
vn 0.1966 0.4779 0.8561
vn 0.4027 0.4658 0.7880
vn 0.6743 0.4076 0.6158
vn 0.1787 0.6975 0.6940
vn 0.3042 0.7084 -0.6369
vn 0.2767 0.3277 -0.9033
vn 0.2914 0.6943 -0.6581
vn 0.0969 0.2736 -0.9569
vn 0.3022 0.6966 -0.6507
vn 0.0493 0.3044 -0.9513
vn 0.3017 0.6959 -0.6517
vn 0.0634 0.3142 -0.9472
vn 0.3537 0.8059 0.4748
vn 0.4054 0.5546 0.7267
vn 0.3597 0.7935 0.4910
vn 0.2818 0.4481 0.8484
vn 0.3712 0.8051 0.4627
vn 0.1573 0.4347 0.8867
vn 0.3830 0.8228 0.4199
vn 0.1619 0.4760 0.8644
vn 0.3456 0.9341 -0.0894
vn 0.3971 0.9117 -0.1055
vn 0.4263 0.8900 -0.1618
vn 0.4261 0.8868 -0.1792
vn -0.0430 -0.1433 -0.9888
vn -0.2270 -0.1581 -0.9610
vn -0.2183 -0.1607 -0.9626
vn -0.1032 -0.5899 -0.8008
vn -0.4379 -0.5718 -0.6937
vn -0.4382 -0.5865 -0.6812
vn 0.3032 0.0791 0.9496
vn -0.1253 -0.1181 0.9851
vn -0.1526 -0.0721 0.9857
vn -0.3078 -0.4898 0.8157
vn -0.3600 -0.4481 0.8183
vn 0.3302 0.0195 -0.9437
vn 0.4823 -0.2464 -0.8406
vn 0.7083 -0.3993 -0.5821
vn 0.5641 0.3677 0.7393
vn 0.8507 0.2917 0.4372
vn 0.7617 0.2807 0.5839
vn 0.8869 -0.3438 -0.3086
vn 0.5872 -0.2407 0.7728
vn -0.5399 -0.8304 0.1377
vn -0.5255 -0.8407 0.1306
vn 0.0998 -0.9919 -0.0785
vn 0.9822 0.1307 0.1349
vn 0.9748 0.1683 0.1465
vn 0.9568 0.2298 0.1781
vn 0.9317 0.3077 0.1930
vn 0.9403 0.1247 0.3166
vn -0.5325 -0.8018 -0.2710
vn -0.5304 -0.7981 -0.2860
vn -0.0611 -0.8787 -0.4735
vn 0.9850 0.0995 -0.1412
vn 0.9743 0.1834 -0.1304
vn 0.9700 0.2273 -0.0867
vn -0.4882 -0.7141 0.5016
vn -0.4518 -0.7356 0.5047
vn 0.9915 -0.1199 0.0512
vn 0.3809 -0.8366 0.3937
vn 0.9797 0.1361 -0.1475
vn 0.3075 0.6933 -0.6518
vn 0.0435 0.2815 -0.9586
vn 0.2001 0.4179 0.8862
vn 0.3617 0.7947 0.4875
vn 0.4234 0.8962 -0.1322
vn -0.2057 -0.1642 -0.9647
vn -0.3957 -0.5880 -0.7054
vn 0.0333 -0.0931 0.9951
vn -0.0948 -0.5474 0.8315
vn -0.4471 -0.8907 0.0821
vn -0.4773 -0.8188 -0.3190
vn -0.3188 -0.8291 0.4593
vn 0.5428 -0.8299 0.1287
vn 0.3196 0.6992 -0.6395
vn 0.0910 0.3224 -0.9422
vn 0.3946 0.8376 0.3778
vn 0.1861 0.5156 0.8364
vn 0.4338 0.8819 -0.1844
vn -0.1855 -0.1701 -0.9678
vn -0.4133 -0.6062 -0.6795
vn -0.1296 -0.0457 0.9905
vn -0.3404 -0.4455 0.8280
vn -0.5419 -0.8295 0.1348
vn 0.5141 -0.8505 -0.1107
vn -0.5239 -0.8075 -0.2712
vn -0.4858 -0.7166 0.5004
vn 0.3271 0.7021 -0.6324
vn 0.1056 0.3175 -0.9423
vn 0.4018 0.8481 0.3453
vn 0.2095 0.5373 0.8169
vn 0.4337 0.8809 -0.1896
vn -0.1696 -0.1862 -0.9678
vn -0.4008 -0.6137 -0.6802
vn -0.1089 -0.0340 0.9935
vn -0.3317 -0.4422 0.8333
vn -0.5393 -0.8320 0.1302
vn 0.5072 -0.8617 0.0146
vn -0.5160 -0.8088 -0.2821
vn -0.4807 -0.7153 0.5073
vn 0.3286 0.7041 -0.6295
vn 0.1115 0.3029 -0.9465
vn 0.4120 0.8510 0.3256
vn 0.2337 0.5475 0.8035
vn 0.4330 0.8821 -0.1854
vn -0.1600 -0.2023 -0.9662
vn -0.3929 -0.6161 -0.6827
vn -0.0885 -0.0196 0.9959
vn -0.3239 -0.4384 0.8384
vn -0.5385 -0.8334 0.1244
vn 0.6077 -0.7638 0.2173
vn -0.5124 -0.8075 -0.2921
vn -0.4778 -0.7137 0.5122
vn 0.3402 0.6975 -0.6307
vn 0.1208 0.2768 -0.9533
vn 0.4302 0.8436 0.3214
vn 0.2685 0.5536 0.7883
vn 0.4416 0.8795 -0.1774
vn -0.1388 -0.2289 -0.9635
vn -0.3694 -0.6260 -0.6868
vn -0.0668 -0.0020 0.9978
vn -0.3138 -0.4392 0.8418
vn -0.5326 -0.8378 0.1200
vn 0.7153 -0.6575 0.2366
vn -0.4984 -0.8129 -0.3012
vn -0.4706 -0.7153 0.5167
vn 0.1284 0.7661 -0.6298
vn -0.0606 0.3134 -0.9477
vn 0.2073 0.9267 0.3136
vn 0.0921 0.6218 0.7778
vn 0.2017 0.9614 -0.1874
vn -0.3085 -0.1820 -0.9336
vn -0.5313 -0.5289 -0.6618
vn -0.2020 0.0454 0.9783
vn -0.4345 -0.3825 0.8154
vn -0.6506 -0.7516 0.1088
vn 0.5562 -0.7939 -0.2456
vn -0.6387 -0.7119 -0.2921
vn -0.5847 -0.6432 0.4944
vn -0.1225 0.7945 -0.5949
vn -0.2987 0.3870 -0.8724
vn -0.0605 0.9516 0.3013
vn -0.1823 0.6677 0.7217
vn -0.0450 0.9824 -0.1815
vn -0.5151 -0.0441 -0.8560
vn -0.7109 -0.3579 -0.6054
vn -0.4129 0.1599 0.8966
vn -0.6132 -0.2213 0.7583
vn -0.8211 -0.5590 0.1152
vn 0.6446 -0.6935 -0.3219
vn -0.8164 -0.5254 -0.2396
vn -0.7588 -0.4633 0.4578
vn 0.0229 0.7561 -0.6541
vn -0.2154 0.3329 -0.9180
vn 0.0968 0.9361 0.3382
vn -0.0815 0.6278 0.7741
vn 0.1341 0.9716 -0.1950
vn -0.4582 -0.0938 -0.8839
vn -0.6506 -0.4112 -0.6385
vn -0.3605 0.1248 0.9244
vn -0.5757 -0.2454 0.7800
vn -0.7974 -0.5907 0.1231
vn 0.9178 -0.3810 -0.1117
vn -0.7771 -0.5762 -0.2531
vn -0.7341 -0.4827 0.4776
vn 0.3191 0.6273 -0.7104
vn 0.0397 0.1892 -0.9811
vn 0.4359 0.8195 0.3720
vn 0.2261 0.4833 0.8458
vn 0.4618 0.8607 -0.2145
vn -0.2445 -0.2498 -0.9369
vn -0.4517 -0.5799 -0.6779
vn -0.1071 -0.0424 0.9933
vn -0.3506 -0.4216 0.8363
vn -0.5995 -0.7902 0.1276
vn 0.8475 -0.5058 0.1607
vn -0.5800 -0.7652 -0.2795
vn -0.5240 -0.6785 0.5148
vn 0.6104 0.3975 -0.6852
vn 0.3112 -0.0162 -0.9502
vn 0.7419 0.5684 0.3555
vn 0.5421 0.2447 0.8039
vn 0.7594 0.6160 -0.2093
vn 0.0137 -0.4307 -0.9024
vn -0.1943 -0.7379 -0.6463
vn 0.2026 -0.2533 0.9459
vn -0.0367 -0.6172 0.7859
vn -0.2828 -0.9510 0.1250
vn 0.9142 -0.4040 0.0315
vn -0.2927 -0.9198 -0.2613
vn -0.1902 -0.8551 0.4823
vn 0.8377 0.0684 -0.5418
vn 0.5666 -0.2626 -0.7810
vn 0.9386 0.2126 0.2717
vn 0.7732 -0.0421 0.6328
vn 0.9545 0.2418 -0.1747
vn 0.2795 -0.5883 -0.7588
vn 0.0801 -0.8332 -0.5471
vn 0.4624 -0.4502 0.7639
vn 0.2280 -0.7402 0.6325
vn 0.0119 -0.9934 0.1137
vn 0.7646 -0.5646 -0.3107
vn -0.0025 -0.9784 -0.2067
vn 0.0983 -0.9132 0.3955
vn 0.9068 -0.2413 -0.3457
vn 0.7234 -0.4589 -0.5158
vn 0.9788 -0.1462 0.1433
vn 0.8682 -0.3226 0.3772
vn 0.9828 -0.1273 -0.1335
vn 0.5139 -0.6740 -0.5307
vn 0.3606 -0.8458 -0.3932
vn 0.6419 -0.5960 0.4824
vn 0.4558 -0.7824 0.4245
vn 0.2880 -0.9547 0.0745
vn 0.8713 -0.4399 -0.2177
vn 0.2910 -0.9450 -0.1495
vn 0.3498 -0.8968 0.2709
vn 0.6560 -0.7544 0.0250
vn 0.6417 -0.7624 -0.0834
vn 0.6388 -0.7689 -0.0284
vn 0.6873 -0.7231 0.0685
vn 0.7399 -0.6685 0.0747
vn 0.6627 -0.7345 -0.1462
vn 0.7065 -0.6844 -0.1805
vn 0.8382 -0.5381 -0.0886
vn 0.8040 -0.5937 0.0326
vn 0.8353 -0.5491 -0.0269
vn 0.7654 -0.6195 -0.1741
vn 0.8168 -0.5616 -0.1319
vn 0.7452 -0.6641 -0.0596
vn 0.2373 0.1151 0.9646
vn -0.0000 0.1077 0.9942
vn 0.4923 0.1260 0.8613
vn 0.8048 0.1214 0.5810
vn 0.9386 0.0852 0.3343
vn 0.9319 0.0753 -0.3547
vn 0.8455 0.1657 -0.5076
vn 0.5828 0.2746 -0.7648
vn 0.2300 0.2762 -0.9332
vn -0.0000 0.0831 -0.9965
vn 0.9913 0.0623 0.1158
vn 0.9886 0.0566 -0.1394
vn 0.2509 -0.1287 0.9594
vn -0.0000 -0.1521 0.9884
vn 0.5277 -0.0818 0.8455
vn 0.8308 -0.0416 0.5550
vn 0.9524 0.0002 0.3048
vn 0.9550 0.0881 -0.2831
vn 0.8887 0.1783 -0.4224
vn 0.6327 0.2364 -0.7375
vn 0.2184 0.2194 -0.9509
vn -0.0000 -0.0007 -1.0000
vn 0.9955 0.0349 0.0877
vn 0.9909 0.0489 -0.1256
vn 0.1855 -0.6710 0.7179
vn -0.0000 -0.7567 0.6537
vn 0.4117 -0.5877 0.6965
vn 0.7095 -0.3973 0.5821
vn 0.8769 -0.0953 0.4711
vn 0.9830 0.0342 -0.1804
vn 0.9416 -0.0436 -0.3339
vn 0.7218 -0.2527 -0.6443
vn 0.1927 -0.5641 -0.8029
vn -0.0000 -0.8126 -0.5829
vn 0.9931 0.0354 0.1116
vn 0.9977 0.0542 -0.0411
vn 0.2288 -0.1788 -0.9569
vn -0.0000 -0.4643 -0.8857
vn 0.9951 0.0336 -0.0926
vn 0.9811 0.0680 -0.1809
vn 0.2382 -0.6254 0.7430
vn 0.4989 -0.5233 0.6909
vn 0.9316 0.0873 -0.3529
vn 0.7106 0.0132 -0.7034
vn 0.7945 -0.3575 0.4909
vn 0.9418 -0.1353 0.3078
vn 0.9994 0.0096 0.0319
vn -0.0000 -0.6515 0.7586
vn -0.1308 -0.8950 0.4264
vn -0.0000 -0.9430 0.3328
vn -0.2819 -0.9582 0.0483
vn -0.0000 -0.9997 0.0228
vn -0.3187 -0.9019 -0.2915
vn -0.0000 -0.9302 -0.3670
vn 0.2321 -0.4214 -0.8767
vn 0.9972 0.0387 -0.0642
vn 0.2400 -0.7059 0.6664
vn 0.9190 -0.1235 0.3743
vn -0.0000 -0.7388 0.6739
vn -0.0000 -0.6783 -0.7348
vn 0.9851 0.0455 -0.1657
vn 0.4745 -0.6055 0.6389
vn 0.9419 0.0238 -0.3349
vn 0.7289 -0.1189 -0.6742
vn 0.7597 -0.4083 0.5061
vn 0.9978 0.0137 0.0643
vn -0.0000 -0.1980 -0.9802
vn 0.9704 0.1010 -0.2193
vn 0.5236 -0.3276 0.7865
vn 0.9151 0.1454 -0.3761
vn 0.6814 0.1309 -0.7201
vn 0.8254 -0.2146 0.5222
vn 0.9979 0.0419 0.0485
vn 0.2248 0.0331 -0.9738
vn 0.9921 0.0587 -0.1108
vn 0.2436 -0.4288 0.8700
vn 0.9529 -0.0798 0.2928
vn -0.0000 -0.4658 0.8849
vn -0.0672 0.1962 -0.9783
vn -0.0000 0.1141 -0.9935
vn 0.0125 0.1624 -0.9866
vn -0.2007 0.1189 -0.9724
vn -0.3196 -0.7367 -0.5959
vn -0.2777 -0.3281 -0.9029
vn -0.2691 -0.5714 -0.7753
vn -0.2623 -0.1068 -0.9590
vn -0.2087 -0.0992 0.9729
vn 0.0694 -0.1083 0.9917
vn 0.5583 -0.0209 0.8294
vn 0.7922 0.0363 0.6092
vn 0.9579 -0.0035 -0.2871
vn 0.8869 -0.1264 -0.4443
vn 0.6249 -0.3228 -0.7109
vn 0.1789 -0.4818 -0.8578
vn 0.9817 0.0296 0.1883
vn 0.9986 0.0309 -0.0428
vn -0.8822 -0.0787 0.4642
vn -0.9934 -0.0937 0.0655
vn -0.9458 -0.2507 -0.2063
vn -0.5169 -0.5030 -0.6926
vn -0.2536 0.5438 0.8000
vn 0.0663 0.6066 0.7922
vn 0.6184 0.4586 0.6381
vn 0.7990 0.1218 0.5888
vn 0.9211 -0.0121 -0.3892
vn 0.6919 -0.0123 -0.7219
vn 0.2373 -0.0023 -0.9714
vn -0.1388 -0.0013 -0.9903
vn 0.9427 0.0204 0.3329
vn 0.9993 -0.0087 -0.0357
vn -0.9257 0.0221 0.3775
vn -0.9996 -0.0073 0.0261
vn -0.9233 -0.0037 -0.3841
vn -0.5780 0.0013 -0.8161
vn 0.9271 -0.1138 -0.3572
vn 0.6976 -0.3846 -0.6045
vn -0.3504 -0.7047 -0.6169
vn -0.7028 -0.6716 -0.2348
vn 0.2011 -0.6029 -0.7721
vn -0.8769 -0.4718 0.0918
vn -0.7456 -0.4129 0.5231
vn 0.9757 0.0200 -0.2184
vn -0.0808 -0.3585 0.9300
vn 0.2008 -0.3407 0.9185
vn 0.8299 -0.0215 0.5576
vn 0.9880 0.0515 0.1456
vn 0.6394 -0.2138 0.7385
vn 0.9975 0.0614 -0.0346
vn 0.7774 -0.0827 -0.6236
vn 0.6921 -0.0197 -0.7216
vn 0.6826 -0.0141 -0.7307
vn 0.6888 -0.0093 -0.7249
vn 0.2581 -0.0089 -0.9661
vn 0.2510 -0.0205 -0.9678
vn 0.2663 -0.0493 -0.9626
vn 0.4301 -0.2093 -0.8782
vn 0.0483 -0.3204 -0.9460
vn -0.1102 -0.0626 -0.9919
vn -0.1250 -0.0179 -0.9920
vn -0.1276 -0.0070 -0.9918
vn -0.5668 0.0025 -0.8239
vn -0.5624 -0.0095 -0.8268
vn -0.5634 -0.0465 -0.8249
vn -0.5362 -0.3083 -0.7858
vn -0.9122 0.0125 -0.4096
vn -0.9081 0.0077 -0.4186
vn -0.9140 0.0007 -0.4057
vn -0.9404 -0.0951 -0.3266
vn 0.9212 -0.0071 -0.3890
vn 0.9075 -0.0097 -0.4199
vn 0.9103 -0.0113 -0.4137
vn 0.9158 -0.0129 -0.4014
vn 0.7702 0.0312 0.6370
vn 0.7678 0.0049 0.6407
vn 0.7753 -0.0049 0.6316
vn 0.7781 -0.0109 0.6281
vn 0.9451 -0.0146 0.3264
vn 0.9504 -0.0132 0.3108
vn 0.9565 -0.0080 0.2916
vn 0.9667 0.0116 0.2557
vn -0.1899 -0.0064 0.9818
vn -0.1585 -0.0050 0.9874
vn -0.1334 -0.0069 0.9910
vn -0.1171 -0.0091 0.9931
vn 0.1427 -0.0116 0.9897
vn 0.1283 -0.0097 0.9917
vn 0.0941 -0.0041 0.9956
vn 0.0608 -0.0096 0.9981
vn 0.9992 -0.0145 -0.0363
vn 0.9989 -0.0126 -0.0456
vn 0.9985 -0.0103 -0.0532
vn 0.9985 0.0072 -0.0548
vn 0.5497 -0.0082 0.8353
vn 0.5456 0.0015 0.8380
vn 0.5276 0.0112 0.8494
vn 0.5215 0.0224 0.8530
vn -0.9079 -0.0111 0.4190
vn -0.9276 0.0060 0.3734
vn -0.9311 0.0086 0.3646
vn -0.9283 0.0051 0.3717
vn -0.9997 -0.0112 0.0199
vn -0.9998 0.0173 -0.0134
vn -0.9997 0.0134 -0.0186
vn -0.9999 0.0094 -0.0095
vn -0.7324 0.2702 0.6250
vn -0.1360 0.3482 0.9275
vn 0.6158 0.2512 0.7468
vn 0.9913 -0.0468 0.1226
vn 0.8772 -0.2881 -0.3840
vn 0.6284 -0.3318 -0.7035
vn 0.2088 -0.3336 -0.9193
vn -0.1483 -0.3376 -0.9295
vn 0.9868 -0.1457 0.0705
vn 0.9673 -0.2352 -0.0948
vn -0.9961 -0.0474 0.0744
vn -0.9757 -0.2033 -0.0814
vn -0.8478 -0.3170 -0.4251
vn -0.5253 -0.3553 -0.7732
vn 0.0214 0.9007 0.4338
vn 0.4929 0.7958 0.3518
vn -0.4048 0.8208 0.4031
vn 0.9855 0.0506 0.1622
vn 0.9211 0.1296 0.3672
vn -0.8683 0.4506 0.2074
vn -0.9915 0.0642 0.1127
vn 0.9637 0.0852 0.2532
vn 0.9867 0.0727 0.1455
vn 0.9966 -0.0120 -0.0811
vn 0.9983 0.0212 -0.0538
vn 0.2184 0.0035 -0.9758
vn 0.2080 -0.0695 -0.9756
vn -0.1557 -0.0710 -0.9853
vn -0.1483 -0.0047 -0.9889
vn -0.5586 -0.0750 -0.8261
vn -0.5669 -0.0035 -0.8238
vn 0.9157 0.0125 -0.4016
vn 0.9110 -0.0416 -0.4102
vn 0.6566 -0.0649 -0.7514
vn 0.6710 0.0021 -0.7414
vn -0.9030 -0.0481 -0.4270
vn -0.9155 0.0025 -0.4023
vn -0.9998 0.0192 0.0024
vn -0.9988 0.0226 -0.0429
vn -0.9779 0.1501 0.1453
vn -0.9566 0.1087 0.2704
vn 0.8764 0.2672 0.4007
vn 0.9507 0.2233 0.2153
vn 0.8158 0.4862 0.3132
vn 0.7845 0.5820 0.2140
vn 0.9090 0.3650 0.2011
vn 0.8587 0.4329 0.2743
vn 0.5515 0.6488 0.5243
vn -0.0723 0.7764 0.6261
vn -0.5982 0.6546 0.4623
vn -0.9400 0.3085 0.1455
vn -0.9483 0.1540 0.2776
vn -0.0000 -0.8636 0.5042
vn -0.0133 -0.8101 0.5861
vn -0.6853 -0.0813 0.7237
vn -0.7908 0.1352 0.5969
vn -0.5357 -0.3737 0.7572
vn -0.7199 -0.0101 0.6940
vn -0.7417 -0.0021 0.6707
vn -0.7434 0.0016 0.6689
vn -0.7362 0.0007 0.6768
vn -0.8945 0.3019 0.3297
vn 0.0703 -0.7170 0.6935
vn -0.4581 -0.0847 0.8849
vn -0.5783 0.3415 0.7409
vn -0.3190 -0.3608 0.8764
vn -0.4670 -0.0083 0.8842
vn -0.4606 -0.0062 0.8876
vn -0.4468 -0.0039 0.8946
vn -0.4323 -0.0049 0.9017
vn -0.7607 0.5595 0.3291
vn -0.0000 -0.7829 0.6221
vn -0.1683 -0.9827 0.0775
vn 0.0170 -0.9926 0.1205
vn 0.2104 -0.9683 0.1346
vn 0.4385 -0.8987 -0.0041
vn 0.2966 -0.9507 -0.0909
vn 0.1858 -0.9710 -0.1503
vn 0.0320 -0.9888 -0.1458
vn -0.0128 -0.9962 -0.0861
vn 0.4108 -0.9116 -0.0160
vn 0.3611 -0.9317 -0.0376
vn -0.1746 -0.9846 -0.0029
vn -0.1231 -0.9923 -0.0130
vn -0.0481 -0.9977 -0.0471
vn 0.0118 -0.9975 -0.0695
vn 0.4334 -0.9009 0.0247
vn 0.3447 -0.9322 0.1099
vn -0.2118 -0.9771 0.0174
vn -0.2144 -0.9757 0.0453
vn 0.0991 -0.9828 -0.1561
vn 0.0137 -0.9873 -0.1584
vn -0.0042 -0.9961 -0.0878
vn 0.0465 -0.9989 -0.0094
vn 0.0623 -0.9979 -0.0159
vn 0.0452 -0.9984 -0.0352
vn -0.0372 -0.9990 -0.0251
vn -0.0355 -0.9988 -0.0331
vn 0.0604 -0.9982 -0.0007
vn 0.0647 -0.9979 0.0002
vn 0.0549 -0.9984 -0.0136
vn 0.0456 -0.9988 0.0169
vn 0.0391 -0.9991 -0.0185
vn 0.0515 -0.9983 -0.0282
vn 0.0280 -0.9996 -0.0039
vn -0.0027 -0.9994 -0.0334
vn 0.0696 -0.9973 -0.0249
vn 0.1036 -0.9941 -0.0312
vn 0.0019 -1.0000 0.0086
vn -0.0128 -0.9999 0.0115
vn -0.0060 -1.0000 -0.0062
vn -0.0073 -0.9999 -0.0090
vn -0.0125 -0.9999 0.0022
vn -0.0124 -0.9999 -0.0057
vn -0.0221 -0.9997 0.0096
vn -0.0112 -0.9998 0.0182
vn -0.0175 -0.9998 -0.0079
vn -0.0155 -0.9996 -0.0256
vn 0.8742 -0.4826 0.0536
vn 0.8355 -0.5492 0.0187
vn -0.8077 -0.5888 0.0307
vn -0.8482 -0.5184 0.1087
vn -0.0880 -0.5494 0.8309
vn 0.5614 -0.5014 0.6584
vn 0.7725 -0.6307 -0.0736
vn -0.8418 -0.4723 0.2615
vn -0.6634 -0.4872 0.5680
vn 0.8930 -0.4370 0.1079
vn -0.7075 -0.7025 -0.0766
vn 0.8364 -0.4302 0.3397
vn -0.5479 -0.7902 -0.2747
vn 0.6724 -0.6927 -0.2606
vn -0.0905 -0.8058 -0.5852
vn -0.3186 -0.8159 -0.4824
vn 0.4624 -0.7491 -0.4744
vn 0.1602 -0.7796 -0.6055
vn 0.6953 -0.0083 -0.7187
vn 0.6970 -0.0165 -0.7168
vn -0.1294 -0.0082 -0.9916
vn -0.1328 -0.0062 -0.9911
vn 0.9193 -0.0161 -0.3932
vn 0.9209 -0.0227 -0.3891
vn 0.7677 -0.0208 0.6405
vn 0.7581 0.0070 0.6521
vn -0.1105 -0.0331 0.9933
vn -0.1244 0.0089 0.9922
vn -0.9249 -0.0045 0.3801
vn -0.9175 -0.0103 0.3977
vn -1.0000 -0.0001 0.0012
vn -0.9998 -0.0097 0.0168
vn 0.2469 -0.0097 -0.9690
vn 0.2553 -0.0087 -0.9668
vn -0.5780 -0.0020 -0.8160
vn -0.5732 0.0011 -0.8194
vn -0.9210 -0.0052 -0.3895
vn -0.9165 0.0041 -0.3999
vn 0.9368 -0.0096 0.3498
vn 0.9402 -0.0151 0.3403
vn 0.1004 0.0283 0.9945
vn 0.1387 -0.0274 0.9900
vn 0.9993 -0.0197 -0.0312
vn 0.9994 -0.0166 -0.0307
vn 0.5214 0.0371 0.8525
vn 0.5389 -0.0305 0.8418
vn -0.7262 -0.0149 0.6873
vn -0.7174 -0.0043 0.6966
vn -0.4171 -0.0279 0.9084
vn -0.4142 0.0057 0.9101
vn -0.2163 0.3280 0.9196
vn -0.2231 0.1187 0.9675
vn -0.2241 -0.0140 0.9745
vn -0.2252 -0.1274 0.9659
vn -0.2288 -0.2733 0.9343
vn -0.2336 -0.4543 0.8597
vn -0.4580 -0.4532 0.7647
vn -0.6478 -0.4383 0.6231
vn -0.8562 -0.3396 0.3893
vn -0.8828 -0.2232 0.4134
vn -0.8982 -0.1195 0.4230
vn -0.9147 -0.0046 0.4040
vn -0.9357 0.1480 0.3201
vn -0.8694 0.3772 0.3192
vn -0.6340 0.2690 0.7250
vn -0.4186 0.2973 0.8582
vn -0.4411 0.1128 0.8904
vn -0.6564 0.1111 0.7462
vn -0.4427 -0.0145 0.8966
vn -0.6538 -0.0103 0.7566
vn -0.4440 -0.1271 0.8870
vn -0.6480 -0.1233 0.7516
vn -0.4505 -0.2692 0.8512
vn -0.6466 -0.2597 0.7173
vn -0.7741 -0.3980 0.4923
vn -0.7926 0.3141 0.5227
vn -0.8282 0.1265 0.5460
vn -0.8174 -0.0008 0.5761
vn -0.8021 -0.1155 0.5859
vn -0.7876 -0.2366 0.5690
vn -0.2043 0.6093 0.7662
vn -0.6821 0.6634 0.3075
vn -0.5705 0.4717 0.6723
vn -0.3855 0.5569 0.7357
vn -0.6460 0.5796 0.4967
vn -0.9719 -0.1525 0.1794
vn -0.9496 -0.2838 0.1331
vn -0.9379 -0.3469 -0.0054
vn -0.9211 -0.3553 -0.1595
vn -0.9544 -0.2124 -0.2100
vn -0.9696 -0.1051 -0.2209
vn -0.9840 -0.0014 -0.1781
vn -0.9992 0.0343 -0.0181
vn -0.9934 -0.0008 0.1147
vn -0.9826 -0.0699 0.1722
vn -0.8504 -0.2049 0.4846
vn -0.9035 -0.3611 0.2308
vn -0.9069 -0.4210 0.0164
vn -0.9101 -0.3693 -0.1881
vn -0.8912 -0.2558 -0.3747
vn -0.8824 -0.0315 -0.4694
vn -0.8890 0.2671 -0.3720
vn -0.8265 0.5623 -0.0256
vn -0.7625 0.4973 0.4138
vn -0.7834 0.1063 0.6124
vn -0.9513 -0.1438 0.2726
vn -0.9648 -0.0427 0.2593
vn -0.9334 -0.2596 0.2477
vn -0.9813 0.0504 0.1855
vn -0.9945 0.1009 0.0288
vn -0.9838 0.0963 -0.1510
vn -0.9469 -0.0247 -0.3204
vn -0.9434 0.0898 -0.3193
vn -0.8616 -0.0423 -0.5058
vn -0.8565 0.0861 -0.5089
vn -0.7054 -0.0648 -0.7058
vn -0.7017 0.0778 -0.7082
vn -0.4857 -0.0775 -0.8707
vn -0.4821 0.0761 -0.8728
vn -0.2467 -0.0727 -0.9664
vn -0.2420 0.0866 -0.9664
vn -0.8883 0.4457 0.1108
vn -0.6869 0.7188 0.1073
vn -0.8741 0.4757 -0.0978
vn -0.6786 0.7292 -0.0884
vn -0.8370 0.4630 -0.2916
vn -0.6632 0.6978 -0.2706
vn -0.7715 0.4236 -0.4748
vn -0.6308 0.6392 -0.4399
vn -0.6377 0.3891 -0.6648
vn -0.5684 0.5602 -0.6026
vn -0.4294 0.4218 -0.7986
vn -0.3942 0.6311 -0.6680
vn -0.2154 0.4537 -0.8647
vn -0.1996 0.6723 -0.7128
vn -0.9695 0.2277 0.0909
vn -0.9604 0.2520 -0.1192
vn -0.9166 0.2511 -0.3110
vn -0.8305 0.2405 -0.5024
vn -0.6794 0.2319 -0.6962
vn -0.4644 0.2417 -0.8520
vn -0.2312 0.2574 -0.9382
vn -0.1895 0.9398 0.2845
vn -0.4151 0.8603 0.2957
vn -0.1913 0.9760 0.1045
vn -0.4161 0.9034 0.1034
vn -0.2004 0.9773 -0.0689
vn -0.4233 0.9025 -0.0793
vn -0.2065 0.9422 -0.2640
vn -0.4295 0.8641 -0.2624
vn -0.2016 0.8484 -0.4895
vn -0.4146 0.7860 -0.4586
vn -0.1950 0.8372 0.5110
vn -0.4027 0.7614 0.5080
vn -0.9357 -0.1295 -0.3281
vn -0.8475 -0.1700 -0.5029
vn -0.6895 -0.2131 -0.6922
vn -0.4733 -0.2382 -0.8481
vn -0.2398 -0.2401 -0.9407
vn -0.9104 -0.2618 -0.3203
vn -0.8065 -0.3238 -0.4947
vn -0.6407 -0.3870 -0.6631
vn -0.4308 -0.4264 -0.7953
vn -0.2174 -0.4307 -0.8759
vn -0.8733 -0.4325 0.2242
vn -0.7536 -0.5942 0.2812
vn -0.6131 -0.6740 0.4120
vn -0.4332 -0.6947 0.5742
vn -0.2228 -0.6863 0.6924
vn -0.8576 -0.5035 0.1049
vn -0.6147 -0.7870 0.0525
vn -0.4664 -0.8731 0.1419
vn -0.3380 -0.8846 0.3212
vn -0.1793 -0.8588 0.4799
vn -0.8486 -0.4342 -0.3022
vn -0.7142 -0.5129 -0.4763
vn -0.5391 -0.5806 -0.6102
vn -0.3497 -0.6190 -0.7033
vn -0.1757 -0.6210 -0.7639
vn -0.1808 -0.9774 0.1096
vn -0.1145 -0.9541 0.2768
vn -0.7539 -0.2867 -0.5911
vn -0.9212 -0.2798 -0.2703
vn -0.2353 -0.9709 -0.0448
vn -0.2848 -0.9526 -0.1065
vn -0.8397 -0.5428 -0.0196
vn -0.7997 -0.5746 -0.1743
vn -0.7020 -0.6394 -0.3138
vn -0.5522 -0.7023 -0.4494
vn -0.3941 -0.7458 -0.5370
vn -0.9538 -0.2460 0.1723
vn -0.2493 -0.7664 -0.5920
vn -0.1253 -0.7635 -0.6335
vn -0.6027 -0.7954 -0.0640
vn -0.5620 -0.8024 -0.2008
vn -0.4766 -0.8195 -0.3183
vn -0.3647 -0.8370 -0.4080
vn -0.2570 -0.8483 -0.4630
vn -0.8036 -0.1788 0.5677
vn -0.1643 -0.8517 -0.4976
vn -0.0837 -0.8464 -0.5259
vn -0.3301 -0.9339 -0.1374
vn -0.3298 -0.9150 -0.2323
vn -0.2883 -0.9047 -0.3136
vn -0.2282 -0.8996 -0.3724
vn -0.1665 -0.8966 -0.4104
vn -0.4808 -0.1346 0.8664
vn -0.1095 -0.8937 -0.4351
vn -0.0549 -0.8895 -0.4536
vn -0.2118 -0.9698 -0.1209
vn -0.2403 -0.9438 -0.2269
vn -0.2314 -0.9251 -0.3010
vn -0.2003 -0.9107 -0.3613
vn -0.1579 -0.9007 -0.4048
vn -0.1091 -0.8946 -0.4333
vn -0.0644 -0.8900 -0.4513
vn -0.5287 -0.2976 -0.7950
vn -0.2935 -0.3095 -0.9045
vn -0.9998 0.0056 -0.0185
vn -0.9961 -0.0213 0.0859
vn -0.9850 -0.1015 -0.1398
vn -0.9931 -0.0359 -0.1117
vn -0.9788 -0.1891 0.0783
vn -0.9762 -0.2169 -0.0028
vn -0.9838 -0.1354 0.1175
vn -0.9892 -0.0782 0.1238
vn -0.9742 -0.2101 -0.0830
vn -0.9789 -0.1635 -0.1226
vn -0.0564 -0.3152 0.9473
vn -0.0829 -0.8050 0.5874
vn -0.0866 -0.9954 0.0404
vn -0.0777 -0.8403 -0.5365
vn -0.0538 -0.4070 -0.9118
vn -0.0341 0.1816 -0.9828
vn -0.0326 0.7047 -0.7087
vn -0.0221 0.9962 -0.0842
vn -0.0188 0.8390 0.5438
vn -0.0322 0.2773 0.9602
vn 0.2285 -0.2956 0.9276
vn 0.2250 -0.7805 0.5832
vn 0.2239 -0.9736 0.0434
vn 0.2212 -0.8186 -0.5300
vn 0.2296 -0.3860 -0.8935
vn 0.2448 0.1986 -0.9490
vn 0.2601 0.6928 -0.6726
vn 0.2645 0.9610 -0.0802
vn 0.2476 0.8183 0.5187
vn 0.2370 0.2861 0.9284
vn 0.6792 -0.2318 0.6964
vn 0.6790 -0.5789 0.4515
vn 0.6890 -0.7235 0.0422
vn 0.6737 -0.6282 -0.3892
vn 0.6702 -0.3012 -0.6783
vn 0.6709 0.1449 -0.7273
vn 0.6973 0.5153 -0.4982
vn 0.7066 0.7054 -0.0565
vn 0.6918 0.6077 0.3901
vn 0.6978 0.2170 0.6827
vn 0.8325 -0.1932 0.5192
vn 0.8284 -0.4481 0.3361
vn 0.8242 -0.5651 0.0371
vn 0.8249 -0.4948 -0.2734
vn 0.8221 -0.2521 -0.5104
vn 0.8206 0.0838 -0.5654
vn 0.8286 0.3935 -0.3982
vn 0.8360 0.5460 -0.0545
vn 0.8420 0.4456 0.3042
vn 0.8383 0.1499 0.5242
vn 0.6926 -0.2400 0.6802
vn 0.6858 -0.5823 0.4366
vn 0.6732 -0.7382 0.0432
vn 0.6871 -0.6303 -0.3614
vn 0.6878 -0.3084 -0.6572
vn 0.6868 0.1098 -0.7185
vn 0.6919 0.5109 -0.5102
vn 0.7038 0.7067 -0.0727
vn 0.7217 0.5736 0.3874
vn 0.7008 0.2003 0.6847
vn 0.3832 -0.2727 0.8825
vn 0.3788 -0.7321 0.5661
vn 0.3703 -0.9273 0.0552
vn 0.3753 -0.7989 -0.4701
vn 0.3729 -0.3787 -0.8470
vn 0.3721 0.1579 -0.9147
vn 0.3930 0.6658 -0.6343
vn 0.4188 0.9041 -0.0846
vn 0.4248 0.7581 0.4948
vn 0.3995 0.2822 0.8722
vn 0.0316 -0.2724 0.9617
vn 0.0288 -0.7829 0.6215
vn 0.0207 -0.9977 0.0644
vn 0.0076 -0.8620 -0.5068
vn -0.0056 -0.4022 -0.9155
vn -0.0066 0.1858 -0.9826
vn 0.0208 0.7343 -0.6785
vn 0.0512 0.9950 -0.0862
vn 0.0483 0.8420 0.5373
vn 0.0339 0.3281 0.9440
vn -0.3428 -0.2526 0.9048
vn -0.3393 -0.7351 0.5870
vn -0.3469 -0.9354 0.0677
vn -0.3710 -0.8055 -0.4621
vn -0.3902 -0.3719 -0.8423
vn -0.3877 0.1757 -0.9049
vn -0.3607 0.6850 -0.6330
vn -0.3277 0.9415 -0.0791
vn -0.3396 0.7935 0.5051
vn -0.3509 0.3114 0.8831
vn -0.6739 -0.2090 0.7086
vn -0.6575 -0.5873 0.4720
vn -0.6585 -0.7494 0.0692
vn -0.6895 -0.6373 -0.3442
vn -0.7133 -0.2933 -0.6366
vn -0.7161 0.1347 -0.6849
vn -0.7089 0.5185 -0.4782
vn -0.6892 0.7221 -0.0602
vn -0.6917 0.6094 0.3876
vn -0.6910 0.2345 0.6838
vn -0.8619 -0.1697 0.4778
vn -0.8415 -0.4259 0.3323
vn -0.8379 -0.5423 0.0623
vn -0.8570 -0.4627 -0.2268
vn -0.8807 -0.2181 -0.4206
vn -0.8901 0.0799 -0.4486
vn -0.8908 0.3359 -0.3061
vn -0.8856 0.4634 -0.0330
vn -0.8880 0.3830 0.2547
vn -0.8824 0.1339 0.4511
vn -0.9491 -0.1375 0.2834
vn -0.9384 -0.2826 0.1988
vn -0.9370 -0.3458 0.0491
vn -0.9452 -0.3047 -0.1170
vn -0.9569 -0.1670 -0.2375
vn -0.9651 0.0130 -0.2614
vn -0.9693 0.1734 -0.1741
vn -0.9690 0.2466 -0.0118
vn -0.9674 0.1973 0.1590
vn -0.9611 0.0464 0.2723
vn -0.9766 -0.1149 0.1818
vn -0.9703 -0.2049 0.1282
vn -0.9691 -0.2443 0.0337
vn -0.9728 -0.2196 -0.0737
vn -0.9788 -0.1354 -0.1537
vn -0.9856 -0.0221 -0.1678
vn -0.9909 0.0792 -0.1086
vn -0.9922 0.1249 -0.0028
vn -0.9897 0.0931 0.1084
vn -0.9841 -0.0018 0.1776
vn -0.9906 -0.0957 0.0978
vn -0.9879 -0.1384 0.0705
vn -0.9875 -0.1556 0.0246
vn -0.9894 -0.1425 -0.0272
vn -0.9928 -0.1014 -0.0640
vn -0.9962 -0.0495 -0.0713
vn -0.9989 -0.0028 -0.0472
vn -0.9997 0.0217 0.0057
vn -0.9980 0.0053 0.0629
vn -0.9945 -0.0413 0.0965
vn -0.9971 -0.0747 0.0164
vn -0.8047 0.2221 -0.5505
vn -0.9246 0.3304 -0.1898
vn -0.8727 0.4111 0.2635
vn -0.6829 0.4239 0.5949
vn -0.3721 0.4478 0.8130
vn -0.5821 0.1412 -0.8008
vn -0.3086 0.0955 -0.9464
vn -0.4471 0.7041 -0.5516
vn -0.3379 0.9373 -0.0852
vn -0.3586 0.8520 0.3814
vn -0.3261 0.8142 0.4804
vn -0.1637 0.7978 0.5803
vn -0.4506 0.5265 -0.7209
vn -0.2395 0.4329 -0.8691
vn -0.5587 0.7013 -0.4427
vn -0.4821 0.4941 -0.7235
vn -0.2613 0.3724 -0.8905
vn -0.1949 0.8192 0.5394
vn -0.3514 0.8440 0.4051
vn -0.4204 0.8854 0.1985
vn -0.4947 0.8590 -0.1319
vn -0.1930 0.5310 0.8251
vn -0.1990 0.4398 0.8758
vn -0.2000 0.4083 0.8907
vn -0.2023 0.3640 0.9092
vn -0.2099 0.2763 0.9379
vn -0.4260 0.3516 0.8336
vn -0.4393 0.2758 0.8550
vn -0.7340 0.2896 0.6144
vn -0.7568 0.2390 0.6083
vn -0.8946 0.2142 0.3921
vn -0.9115 0.1736 0.3728
vn -0.9106 0.1139 -0.3973
vn -0.9178 0.0832 -0.3881
vn -0.7779 0.0760 -0.6238
vn -0.7983 0.1133 -0.5915
vn -0.5098 0.0458 -0.8591
vn -0.5334 0.1805 -0.8264
vn -0.2428 0.0231 -0.9698
vn -0.2010 0.1584 -0.9667
vn -0.4146 0.3926 0.8210
vn -0.4070 0.4247 0.8087
vn -0.4050 0.5216 0.7509
vn -0.7000 0.3361 0.6301
vn -0.6836 0.3795 0.6235
vn -0.6349 0.4660 0.6162
vn -0.1903 0.5943 0.7814
vn -0.4048 0.5879 0.7004
vn -0.5681 0.5394 0.6215
vn -0.4714 0.6655 0.5787
vn -0.2331 0.2734 -0.9332
vn -0.4669 0.3616 -0.8070
vn -0.5047 0.3904 -0.7700
vn -0.2260 0.1131 -0.9675
vn -0.4805 0.1708 -0.8602
vn -0.5801 0.1774 -0.7950
vn -0.2265 0.0407 -0.9732
vn -0.5015 0.0698 -0.8623
vn -0.6683 0.0527 -0.7420
vn -0.2393 0.0142 -0.9708
vn -0.5243 0.0498 -0.8501
vn -0.7970 0.0612 -0.6008
vn -0.8662 0.2728 0.4186
vn -0.9165 0.1407 -0.3744
vn -0.7908 0.0975 -0.6043
vn -0.5196 0.0392 -0.8535
vn -0.2494 0.0051 -0.9684
vn -0.3770 0.7028 0.6033
vn -0.8488 0.3421 0.4031
vn -0.9325 0.1400 -0.3328
vn -0.1966 0.4779 0.8561
vn -0.4027 0.4658 0.7880
vn -0.6743 0.4076 0.6158
vn -0.1787 0.6975 0.6940
vn -0.3042 0.7084 -0.6369
vn -0.2767 0.3277 -0.9033
vn -0.2914 0.6943 -0.6581
vn -0.0969 0.2736 -0.9569
vn -0.3022 0.6966 -0.6507
vn -0.0493 0.3044 -0.9513
vn -0.3017 0.6959 -0.6517
vn -0.0634 0.3142 -0.9472
vn -0.3537 0.8059 0.4748
vn -0.4054 0.5546 0.7267
vn -0.3597 0.7935 0.4910
vn -0.2818 0.4481 0.8484
vn -0.3712 0.8051 0.4627
vn -0.1573 0.4347 0.8867
vn -0.3830 0.8228 0.4199
vn -0.1619 0.4760 0.8644
vn -0.3456 0.9341 -0.0894
vn -0.3971 0.9117 -0.1055
vn -0.4263 0.8900 -0.1618
vn -0.4261 0.8868 -0.1792
vn 0.0430 -0.1433 -0.9888
vn 0.2270 -0.1581 -0.9610
vn 0.2183 -0.1607 -0.9626
vn 0.1032 -0.5899 -0.8008
vn 0.4379 -0.5718 -0.6937
vn 0.4382 -0.5865 -0.6812
vn -0.3032 0.0791 0.9496
vn 0.1253 -0.1181 0.9851
vn 0.1526 -0.0721 0.9857
vn 0.3078 -0.4898 0.8157
vn 0.3600 -0.4481 0.8183
vn -0.3302 0.0195 -0.9437
vn -0.4823 -0.2464 -0.8406
vn -0.7083 -0.3993 -0.5821
vn -0.5641 0.3677 0.7393
vn -0.8507 0.2917 0.4372
vn -0.7617 0.2807 0.5839
vn -0.8869 -0.3438 -0.3086
vn -0.5872 -0.2407 0.7728
vn 0.5399 -0.8304 0.1377
vn 0.5255 -0.8407 0.1306
vn -0.0998 -0.9919 -0.0785
vn -0.9822 0.1307 0.1349
vn -0.9748 0.1683 0.1465
vn -0.9568 0.2298 0.1781
vn -0.9317 0.3077 0.1930
vn -0.9403 0.1247 0.3166
vn 0.5325 -0.8018 -0.2710
vn 0.5303 -0.7981 -0.2860
vn 0.0611 -0.8787 -0.4735
vn -0.9850 0.0995 -0.1412
vn -0.9743 0.1834 -0.1304
vn -0.9700 0.2273 -0.0867
vn 0.4882 -0.7141 0.5017
vn 0.4518 -0.7356 0.5047
vn -0.9915 -0.1198 0.0512
vn -0.3809 -0.8366 0.3937
vn -0.9797 0.1361 -0.1475
vn -0.3075 0.6933 -0.6518
vn -0.0435 0.2816 -0.9586
vn -0.2001 0.4179 0.8862
vn -0.3617 0.7947 0.4875
vn -0.4234 0.8962 -0.1322
vn 0.2057 -0.1642 -0.9647
vn 0.3957 -0.5880 -0.7054
vn -0.0333 -0.0931 0.9951
vn 0.0948 -0.5474 0.8315
vn 0.4471 -0.8907 0.0821
vn 0.4773 -0.8188 -0.3190
vn 0.3188 -0.8291 0.4593
vn -0.5428 -0.8299 0.1287
vn -0.3196 0.6992 -0.6395
vn -0.0910 0.3224 -0.9422
vn -0.3946 0.8376 0.3778
vn -0.1861 0.5156 0.8364
vn -0.4338 0.8819 -0.1844
vn 0.1855 -0.1701 -0.9678
vn 0.4133 -0.6062 -0.6795
vn 0.1296 -0.0457 0.9905
vn 0.3404 -0.4455 0.8280
vn 0.5419 -0.8295 0.1348
vn -0.5141 -0.8505 -0.1107
vn 0.5239 -0.8075 -0.2712
vn 0.4858 -0.7166 0.5004
vn -0.3271 0.7021 -0.6324
vn -0.1056 0.3175 -0.9423
vn -0.4018 0.8481 0.3453
vn -0.2095 0.5373 0.8169
vn -0.4337 0.8809 -0.1896
vn 0.1696 -0.1862 -0.9678
vn 0.4008 -0.6137 -0.6802
vn 0.1089 -0.0340 0.9935
vn 0.3317 -0.4422 0.8333
vn 0.5393 -0.8320 0.1302
vn -0.5072 -0.8617 0.0146
vn 0.5160 -0.8088 -0.2821
vn 0.4807 -0.7153 0.5073
vn -0.3286 0.7041 -0.6295
vn -0.1115 0.3029 -0.9465
vn -0.4120 0.8510 0.3256
vn -0.2337 0.5475 0.8035
vn -0.4330 0.8821 -0.1854
vn 0.1600 -0.2023 -0.9662
vn 0.3929 -0.6161 -0.6827
vn 0.0885 -0.0196 0.9959
vn 0.3239 -0.4384 0.8384
vn 0.5385 -0.8334 0.1244
vn -0.6077 -0.7638 0.2173
vn 0.5124 -0.8076 -0.2921
vn 0.4778 -0.7137 0.5122
vn -0.3402 0.6975 -0.6307
vn -0.1208 0.2768 -0.9533
vn -0.4302 0.8436 0.3214
vn -0.2685 0.5536 0.7883
vn -0.4416 0.8795 -0.1774
vn 0.1388 -0.2289 -0.9635
vn 0.3694 -0.6260 -0.6868
vn 0.0668 -0.0020 0.9978
vn 0.3138 -0.4392 0.8418
vn 0.5326 -0.8378 0.1200
vn -0.7153 -0.6575 0.2366
vn 0.4984 -0.8129 -0.3012
vn 0.4706 -0.7153 0.5167
vn -0.1284 0.7661 -0.6298
vn 0.0606 0.3134 -0.9477
vn -0.2073 0.9267 0.3136
vn -0.0921 0.6218 0.7778
vn -0.2017 0.9614 -0.1874
vn 0.3085 -0.1820 -0.9336
vn 0.5313 -0.5289 -0.6618
vn 0.2020 0.0454 0.9783
vn 0.4345 -0.3825 0.8154
vn 0.6506 -0.7516 0.1088
vn -0.5562 -0.7939 -0.2456
vn 0.6387 -0.7119 -0.2921
vn 0.5847 -0.6432 0.4944
vn 0.1225 0.7944 -0.5949
vn 0.2987 0.3870 -0.8724
vn 0.0605 0.9516 0.3013
vn 0.1823 0.6677 0.7217
vn 0.0450 0.9824 -0.1815
vn 0.5151 -0.0441 -0.8560
vn 0.7109 -0.3579 -0.6054
vn 0.4129 0.1599 0.8966
vn 0.6132 -0.2213 0.7583
vn 0.8211 -0.5590 0.1152
vn -0.6446 -0.6935 -0.3219
vn 0.8164 -0.5254 -0.2396
vn 0.7588 -0.4633 0.4578
vn -0.0229 0.7561 -0.6541
vn 0.2154 0.3329 -0.9180
vn -0.0968 0.9361 0.3382
vn 0.0815 0.6278 0.7741
vn -0.1341 0.9716 -0.1950
vn 0.4582 -0.0938 -0.8839
vn 0.6506 -0.4112 -0.6385
vn 0.3605 0.1248 0.9244
vn 0.5757 -0.2454 0.7800
vn 0.7974 -0.5907 0.1231
vn -0.9178 -0.3810 -0.1117
vn 0.7771 -0.5762 -0.2531
vn 0.7341 -0.4827 0.4776
vn -0.3191 0.6273 -0.7104
vn -0.0397 0.1892 -0.9811
vn -0.4359 0.8195 0.3720
vn -0.2261 0.4833 0.8458
vn -0.4618 0.8606 -0.2145
vn 0.2445 -0.2498 -0.9369
vn 0.4517 -0.5799 -0.6779
vn 0.1071 -0.0424 0.9933
vn 0.3506 -0.4216 0.8363
vn 0.5995 -0.7902 0.1276
vn -0.8475 -0.5058 0.1607
vn 0.5800 -0.7652 -0.2795
vn 0.5240 -0.6785 0.5148
vn -0.6104 0.3975 -0.6852
vn -0.3112 -0.0162 -0.9502
vn -0.7419 0.5684 0.3555
vn -0.5421 0.2447 0.8039
vn -0.7594 0.6160 -0.2093
vn -0.0137 -0.4307 -0.9024
vn 0.1943 -0.7379 -0.6463
vn -0.2026 -0.2533 0.9459
vn 0.0367 -0.6172 0.7859
vn 0.2828 -0.9510 0.1250
vn -0.9142 -0.4040 0.0315
vn 0.2927 -0.9198 -0.2613
vn 0.1901 -0.8551 0.4823
vn -0.8377 0.0684 -0.5418
vn -0.5666 -0.2626 -0.7810
vn -0.9386 0.2126 0.2717
vn -0.7732 -0.0421 0.6328
vn -0.9545 0.2418 -0.1747
vn -0.2795 -0.5883 -0.7588
vn -0.0801 -0.8332 -0.5471
vn -0.4624 -0.4502 0.7639
vn -0.2280 -0.7402 0.6325
vn -0.0119 -0.9934 0.1137
vn -0.7646 -0.5646 -0.3107
vn 0.0025 -0.9784 -0.2067
vn -0.0983 -0.9132 0.3955
vn -0.9068 -0.2413 -0.3457
vn -0.7234 -0.4589 -0.5158
vn -0.9788 -0.1462 0.1433
vn -0.8682 -0.3226 0.3772
vn -0.9828 -0.1273 -0.1335
vn -0.5139 -0.6740 -0.5307
vn -0.3606 -0.8458 -0.3932
vn -0.6419 -0.5960 0.4824
vn -0.4558 -0.7824 0.4245
vn -0.2880 -0.9547 0.0745
vn -0.8713 -0.4399 -0.2177
vn -0.2910 -0.9450 -0.1495
vn -0.3498 -0.8968 0.2709
vn -0.6560 -0.7544 0.0250
vn -0.6417 -0.7624 -0.0834
vn -0.6388 -0.7688 -0.0284
vn -0.6873 -0.7232 0.0685
vn -0.7399 -0.6685 0.0747
vn -0.6627 -0.7345 -0.1462
vn -0.7065 -0.6844 -0.1805
vn -0.8382 -0.5381 -0.0886
vn -0.8040 -0.5937 0.0325
vn -0.8353 -0.5491 -0.0269
vn -0.7654 -0.6195 -0.1741
vn -0.8168 -0.5616 -0.1319
vn -0.7452 -0.6641 -0.0596
vn -0.2373 0.1151 0.9646
vn -0.4923 0.1260 0.8613
vn -0.8048 0.1214 0.5810
vn -0.9386 0.0852 0.3343
vn -0.9319 0.0753 -0.3547
vn -0.8455 0.1657 -0.5076
vn -0.5828 0.2746 -0.7648
vn -0.2300 0.2762 -0.9332
vn -0.9913 0.0623 0.1158
vn -0.9886 0.0566 -0.1394
vn -0.2509 -0.1287 0.9594
vn -0.5277 -0.0818 0.8455
vn -0.8308 -0.0416 0.5550
vn -0.9524 0.0002 0.3048
vn -0.9550 0.0881 -0.2831
vn -0.8887 0.1783 -0.4224
vn -0.6327 0.2364 -0.7375
vn -0.2184 0.2194 -0.9509
vn -0.9955 0.0349 0.0877
vn -0.9909 0.0489 -0.1256
vn -0.1855 -0.6710 0.7179
vn -0.4117 -0.5877 0.6965
vn -0.7095 -0.3973 0.5821
vn -0.8769 -0.0953 0.4711
vn -0.9830 0.0342 -0.1804
vn -0.9416 -0.0436 -0.3339
vn -0.7218 -0.2527 -0.6443
vn -0.1927 -0.5641 -0.8029
vn -0.9931 0.0354 0.1116
vn -0.9977 0.0542 -0.0411
vn -0.2288 -0.1788 -0.9569
vn -0.9951 0.0336 -0.0926
vn -0.9811 0.0680 -0.1809
vn -0.2382 -0.6254 0.7430
vn -0.4989 -0.5233 0.6909
vn -0.9316 0.0873 -0.3529
vn -0.7106 0.0132 -0.7034
vn -0.7945 -0.3575 0.4909
vn -0.9418 -0.1353 0.3078
vn -0.9994 0.0096 0.0319
vn 0.1308 -0.8950 0.4264
vn 0.2819 -0.9582 0.0483
vn 0.3187 -0.9019 -0.2915
vn -0.2321 -0.4214 -0.8767
vn -0.9972 0.0387 -0.0642
vn -0.2400 -0.7059 0.6664
vn -0.9190 -0.1235 0.3743
vn -0.9851 0.0455 -0.1657
vn -0.4745 -0.6055 0.6389
vn -0.9419 0.0238 -0.3349
vn -0.7289 -0.1189 -0.6742
vn -0.7597 -0.4083 0.5061
vn -0.9978 0.0137 0.0643
vn -0.9704 0.1010 -0.2193
vn -0.5236 -0.3276 0.7865
vn -0.9151 0.1454 -0.3761
vn -0.6814 0.1309 -0.7201
vn -0.8254 -0.2146 0.5222
vn -0.9979 0.0419 0.0485
vn -0.2248 0.0331 -0.9738
vn -0.9921 0.0587 -0.1108
vn -0.2436 -0.4288 0.8700
vn -0.9529 -0.0798 0.2928
vn 0.0672 0.1962 -0.9783
vn -0.0125 0.1624 -0.9866
vn 0.2007 0.1189 -0.9724
vn 0.3196 -0.7367 -0.5959
vn 0.2777 -0.3281 -0.9029
vn 0.2691 -0.5714 -0.7753
vn 0.2623 -0.1068 -0.9590
vn 0.2087 -0.0992 0.9729
vn -0.0694 -0.1083 0.9917
vn -0.5583 -0.0209 0.8294
vn -0.7922 0.0363 0.6092
vn -0.9579 -0.0035 -0.2871
vn -0.8869 -0.1264 -0.4443
vn -0.6249 -0.3228 -0.7109
vn -0.1789 -0.4817 -0.8578
vn -0.9817 0.0296 0.1883
vn -0.9986 0.0309 -0.0428
vn 0.8822 -0.0787 0.4642
vn 0.9934 -0.0937 0.0655
vn 0.9458 -0.2507 -0.2063
vn 0.5169 -0.5030 -0.6926
vn 0.2536 0.5438 0.8000
vn -0.0663 0.6066 0.7922
vn -0.6184 0.4586 0.6381
vn -0.7990 0.1218 0.5888
vn -0.9211 -0.0121 -0.3892
vn -0.6919 -0.0123 -0.7219
vn -0.2373 -0.0023 -0.9714
vn 0.1388 -0.0013 -0.9903
vn -0.9427 0.0204 0.3329
vn -0.9993 -0.0087 -0.0357
vn 0.9257 0.0221 0.3775
vn 0.9996 -0.0073 0.0261
vn 0.9233 -0.0036 -0.3841
vn 0.5780 0.0013 -0.8161
vn -0.9271 -0.1138 -0.3572
vn -0.6976 -0.3846 -0.6045
vn 0.3504 -0.7047 -0.6169
vn 0.7028 -0.6716 -0.2348
vn -0.2011 -0.6029 -0.7721
vn 0.8769 -0.4718 0.0918
vn 0.7456 -0.4129 0.5231
vn -0.9757 0.0200 -0.2184
vn 0.0808 -0.3585 0.9300
vn -0.2008 -0.3407 0.9185
vn -0.8299 -0.0215 0.5576
vn -0.9880 0.0515 0.1456
vn -0.6394 -0.2138 0.7385
vn -0.9975 0.0614 -0.0346
vn -0.7774 -0.0827 -0.6236
vn -0.6921 -0.0197 -0.7216
vn -0.6826 -0.0141 -0.7307
vn -0.6888 -0.0093 -0.7249
vn -0.2581 -0.0089 -0.9661
vn -0.2510 -0.0205 -0.9678
vn -0.2663 -0.0493 -0.9626
vn -0.4301 -0.2093 -0.8782
vn -0.0483 -0.3204 -0.9460
vn 0.1102 -0.0626 -0.9919
vn 0.1250 -0.0179 -0.9920
vn 0.1276 -0.0070 -0.9918
vn 0.5668 0.0025 -0.8239
vn 0.5624 -0.0095 -0.8268
vn 0.5634 -0.0465 -0.8249
vn 0.5362 -0.3083 -0.7858
vn 0.9122 0.0125 -0.4096
vn 0.9081 0.0077 -0.4186
vn 0.9140 0.0007 -0.4057
vn 0.9404 -0.0951 -0.3266
vn -0.9212 -0.0071 -0.3890
vn -0.9075 -0.0097 -0.4199
vn -0.9103 -0.0113 -0.4137
vn -0.9158 -0.0129 -0.4014
vn -0.7702 0.0312 0.6370
vn -0.7678 0.0049 0.6407
vn -0.7753 -0.0049 0.6316
vn -0.7781 -0.0109 0.6281
vn -0.9451 -0.0146 0.3264
vn -0.9504 -0.0132 0.3108
vn -0.9565 -0.0080 0.2916
vn -0.9667 0.0116 0.2557
vn 0.1899 -0.0064 0.9818
vn 0.1585 -0.0050 0.9874
vn 0.1334 -0.0069 0.9910
vn 0.1171 -0.0091 0.9931
vn -0.1427 -0.0116 0.9897
vn -0.1283 -0.0097 0.9917
vn -0.0941 -0.0041 0.9956
vn -0.0608 -0.0096 0.9981
vn -0.9992 -0.0145 -0.0363
vn -0.9989 -0.0126 -0.0456
vn -0.9985 -0.0103 -0.0532
vn -0.9985 0.0072 -0.0548
vn -0.5497 -0.0082 0.8353
vn -0.5456 0.0015 0.8380
vn -0.5276 0.0112 0.8494
vn -0.5215 0.0224 0.8530
vn 0.9079 -0.0111 0.4190
vn 0.9276 0.0060 0.3734
vn 0.9311 0.0086 0.3646
vn 0.9283 0.0051 0.3717
vn 0.9997 -0.0112 0.0199
vn 0.9998 0.0173 -0.0134
vn 0.9997 0.0134 -0.0186
vn 0.9999 0.0094 -0.0095
vn 0.7324 0.2702 0.6250
vn 0.1360 0.3482 0.9275
vn -0.6158 0.2512 0.7468
vn -0.9913 -0.0468 0.1226
vn -0.8772 -0.2881 -0.3840
vn -0.6284 -0.3318 -0.7035
vn -0.2088 -0.3336 -0.9193
vn 0.1483 -0.3376 -0.9295
vn -0.9868 -0.1457 0.0705
vn -0.9673 -0.2352 -0.0948
vn 0.9961 -0.0474 0.0744
vn 0.9757 -0.2033 -0.0814
vn 0.8478 -0.3170 -0.4251
vn 0.5253 -0.3553 -0.7732
vn -0.0214 0.9007 0.4338
vn -0.4929 0.7958 0.3518
vn 0.4048 0.8208 0.4031
vn -0.9855 0.0506 0.1622
vn -0.9211 0.1296 0.3672
vn 0.8683 0.4506 0.2074
vn 0.9915 0.0642 0.1127
vn -0.9637 0.0852 0.2532
vn -0.9867 0.0727 0.1455
vn -0.9966 -0.0120 -0.0811
vn -0.9983 0.0212 -0.0538
vn -0.2184 0.0035 -0.9758
vn -0.2080 -0.0695 -0.9756
vn 0.1557 -0.0710 -0.9853
vn 0.1483 -0.0047 -0.9889
vn 0.5586 -0.0750 -0.8261
vn 0.5669 -0.0035 -0.8238
vn -0.9157 0.0125 -0.4016
vn -0.9110 -0.0416 -0.4102
vn -0.6566 -0.0649 -0.7514
vn -0.6710 0.0021 -0.7414
vn 0.9030 -0.0481 -0.4270
vn 0.9155 0.0025 -0.4023
vn 0.9998 0.0192 0.0024
vn 0.9988 0.0226 -0.0429
vn 0.9779 0.1501 0.1453
vn 0.9566 0.1087 0.2704
vn -0.8764 0.2672 0.4007
vn -0.9507 0.2233 0.2153
vn -0.8158 0.4862 0.3132
vn -0.7845 0.5820 0.2140
vn -0.9090 0.3650 0.2011
vn -0.8587 0.4329 0.2743
vn -0.5515 0.6488 0.5243
vn 0.0723 0.7764 0.6261
vn 0.5982 0.6546 0.4623
vn 0.9400 0.3085 0.1455
vn 0.9483 0.1540 0.2776
vn 0.0133 -0.8101 0.5861
vn 0.6853 -0.0813 0.7237
vn 0.7908 0.1352 0.5969
vn 0.5357 -0.3737 0.7572
vn 0.7199 -0.0101 0.6940
vn 0.7417 -0.0021 0.6707
vn 0.7434 0.0016 0.6689
vn 0.7362 0.0007 0.6768
vn 0.8945 0.3019 0.3297
vn -0.0703 -0.7170 0.6935
vn 0.4581 -0.0847 0.8849
vn 0.5783 0.3415 0.7409
vn 0.3190 -0.3608 0.8764
vn 0.4670 -0.0083 0.8842
vn 0.4606 -0.0062 0.8876
vn 0.4468 -0.0039 0.8946
vn 0.4323 -0.0049 0.9017
vn 0.7607 0.5595 0.3291
vn 0.1683 -0.9827 0.0775
vn -0.0170 -0.9926 0.1205
vn -0.2104 -0.9683 0.1346
vn -0.4385 -0.8987 -0.0041
vn -0.2966 -0.9507 -0.0909
vn -0.1858 -0.9710 -0.1503
vn -0.0320 -0.9888 -0.1458
vn 0.0128 -0.9962 -0.0861
vn -0.4108 -0.9116 -0.0160
vn -0.3611 -0.9317 -0.0376
vn 0.1746 -0.9846 -0.0029
vn 0.1231 -0.9923 -0.0130
vn 0.0481 -0.9977 -0.0471
vn -0.0118 -0.9975 -0.0695
vn -0.4334 -0.9009 0.0247
vn -0.3447 -0.9322 0.1099
vn 0.2118 -0.9771 0.0174
vn 0.2144 -0.9757 0.0453
vn -0.0991 -0.9828 -0.1561
vn -0.0137 -0.9873 -0.1584
vn 0.0042 -0.9961 -0.0878
vn -0.0465 -0.9989 -0.0094
vn -0.0623 -0.9979 -0.0159
vn -0.0452 -0.9984 -0.0352
vn 0.0372 -0.9990 -0.0251
vn 0.0355 -0.9988 -0.0331
vn -0.0604 -0.9982 -0.0007
vn -0.0647 -0.9979 0.0002
vn -0.0549 -0.9984 -0.0136
vn -0.0456 -0.9988 0.0169
vn -0.0391 -0.9991 -0.0185
vn -0.0515 -0.9983 -0.0282
vn -0.0280 -0.9996 -0.0039
vn 0.0027 -0.9994 -0.0334
vn -0.0696 -0.9973 -0.0249
vn -0.1036 -0.9941 -0.0312
vn -0.0019 -1.0000 0.0086
vn 0.0128 -0.9999 0.0115
vn 0.0060 -1.0000 -0.0062
vn 0.0073 -0.9999 -0.0090
vn 0.0125 -0.9999 0.0022
vn 0.0124 -0.9999 -0.0057
vn 0.0221 -0.9997 0.0096
vn 0.0112 -0.9998 0.0182
vn 0.0175 -0.9998 -0.0079
vn 0.0155 -0.9996 -0.0256
vn -0.8742 -0.4826 0.0536
vn -0.8355 -0.5492 0.0187
vn 0.8077 -0.5888 0.0307
vn 0.8482 -0.5184 0.1087
vn 0.0880 -0.5494 0.8309
vn -0.5614 -0.5014 0.6584
vn -0.7725 -0.6307 -0.0736
vn 0.8418 -0.4723 0.2615
vn 0.6634 -0.4872 0.5680
vn -0.8930 -0.4370 0.1079
vn 0.7075 -0.7025 -0.0766
vn -0.8364 -0.4302 0.3397
vn 0.5479 -0.7902 -0.2747
vn -0.6724 -0.6927 -0.2606
vn 0.0905 -0.8058 -0.5852
vn 0.3186 -0.8159 -0.4824
vn -0.4624 -0.7491 -0.4744
vn -0.1602 -0.7796 -0.6055
vn -0.6953 -0.0083 -0.7187
vn -0.6970 -0.0165 -0.7168
vn 0.1294 -0.0082 -0.9916
vn 0.1328 -0.0062 -0.9911
vn -0.9193 -0.0161 -0.3932
vn -0.9209 -0.0227 -0.3891
vn -0.7677 -0.0208 0.6405
vn -0.7581 0.0070 0.6521
vn 0.1105 -0.0331 0.9933
vn 0.1244 0.0089 0.9922
vn 0.9249 -0.0045 0.3801
vn 0.9175 -0.0103 0.3977
vn 1.0000 -0.0001 0.0012
vn 0.9998 -0.0097 0.0168
vn -0.2469 -0.0097 -0.9690
vn -0.2553 -0.0087 -0.9668
vn 0.5780 -0.0020 -0.8160
vn 0.5732 0.0011 -0.8194
vn 0.9210 -0.0052 -0.3895
vn 0.9165 0.0041 -0.3999
vn -0.9368 -0.0096 0.3498
vn -0.9402 -0.0151 0.3403
vn -0.1004 0.0283 0.9945
vn -0.1387 -0.0274 0.9900
vn -0.9993 -0.0197 -0.0312
vn -0.9994 -0.0166 -0.0307
vn -0.5214 0.0371 0.8525
vn -0.5389 -0.0305 0.8418
vn 0.7262 -0.0149 0.6873
vn 0.7174 -0.0043 0.6966
vn 0.4171 -0.0279 0.9084
vn 0.4142 0.0057 0.9101
vn 0.2209 0.2104 0.9523
vn 0.2244 -0.0694 0.9720
vn 0.2269 -0.1944 0.9543
vn 0.3477 -0.4543 0.8202
vn 0.8195 -0.3706 0.4372
vn 0.8720 -0.2801 0.4016
vn 0.8909 -0.1715 0.4205
vn 0.9059 -0.0640 0.4186
vn 0.9251 0.0634 0.3744
vn 0.9133 0.2496 0.3217
vn 0.7260 0.2847 0.6260
vn 0.3172 0.3162 0.8941
vn 0.3415 -0.2712 0.8999
vn 0.3327 -0.0145 0.9429
vn 0.4340 0.1948 0.8796
vn 0.4429 0.0446 0.8955
vn 0.4427 -0.0696 0.8940
vn 0.4467 -0.1928 0.8737
vn 0.4548 -0.3544 0.8171
vn 0.6497 0.1832 0.7378
vn 0.6568 0.0474 0.7526
vn 0.6503 -0.0657 0.7568
vn 0.6468 -0.1873 0.7393
vn 0.6473 -0.3417 0.6813
vn 0.7508 0.1169 0.6501
vn 0.7442 -0.0058 0.6679
vn 0.7338 -0.1193 0.6688
vn 0.7256 -0.2497 0.6412
vn 0.2309 -0.3586 0.9045
vn 0.2238 0.0466 0.9735
vn 0.3350 -0.1273 0.9336
vn 0.3314 0.1162 0.9363
vn -0.0000 0.2136 0.9769
vn -0.0000 -0.0699 0.9976
vn -0.0000 -0.1966 0.9805
vn -0.0000 -0.3619 0.9322
vn -0.0000 0.0480 0.9988
vn 0.7194 -0.4208 0.5526
vn 0.8387 0.3448 0.4215
vn 0.8877 0.1385 0.4391
vn 0.8728 0.0016 0.4880
vn 0.8558 -0.1145 0.5045
vn 0.8390 -0.2246 0.4956
vn 0.7792 -0.3095 0.5450
vn 0.7954 -0.1739 0.5806
vn 0.8091 -0.0583 0.5848
vn 0.8255 0.0595 0.5612
vn 0.8191 0.2080 0.5346
vn 0.6124 0.5276 0.5887
vn 0.2963 0.5876 0.7529
vn 0.6683 0.6242 0.4045
vn 0.7930 0.5222 0.3137
vn 0.7387 0.4440 0.5071
vn 0.3978 0.4214 0.8150
vn 0.2099 0.4647 0.8602
vn 0.6069 0.3703 0.7033
vn -0.0000 0.4744 0.8803
vn 0.9641 -0.1523 0.2176
vn 0.9433 -0.3250 0.0679
vn 0.9407 -0.2793 -0.1925
vn 0.9947 0.0287 -0.0988
vn 0.9981 0.0237 0.0572
vn 0.9879 -0.0335 0.1516
vn 0.9453 -0.0219 0.3255
vn 0.9775 -0.1093 0.1803
vn 0.9637 -0.2075 0.1679
vn 0.9290 -0.3603 -0.0846
vn 0.9631 -0.1567 -0.2189
vn 0.9758 -0.0541 -0.2119
vn 0.9069 -0.4042 0.1191
vn 0.9014 -0.3217 -0.2899
vn 0.8669 0.4403 -0.2336
vn 0.7854 0.5843 0.2043
vn 0.7623 0.3183 0.5636
vn 0.8146 -0.0731 0.5754
vn 0.8843 -0.2980 0.3596
vn 0.9097 -0.4066 -0.0851
vn 0.8847 -0.1581 -0.4385
vn 0.8874 0.1080 -0.4481
vn 0.9924 0.1221 -0.0130
vn 0.9955 -0.0177 0.0932
vn 0.9789 -0.0917 -0.1828
vn 0.9898 -0.0165 -0.1416
vn 0.9759 -0.1983 0.0913
vn 0.9616 -0.2746 -0.0025
vn 0.9739 -0.1396 0.1789
vn 0.9871 -0.0769 0.1405
vn 0.9737 -0.2113 -0.0854
vn 0.9690 -0.1858 -0.1627
vn 0.9430 -0.2776 0.1838
vn 0.9895 0.0194 0.1435
vn 0.9300 -0.1308 0.3436
vn 0.9762 -0.0595 0.2086
vn 0.9147 -0.2377 0.3269
vn 0.9650 0.0945 0.2446
vn 0.9726 0.0057 0.2322
vn 0.9440 -0.1982 0.2637
vn 0.9579 -0.0927 0.2717
vn 0.9896 0.0837 0.1167
vn 0.9926 0.1025 -0.0651
vn 0.9983 0.0588 -0.0003
vn 0.9855 0.0401 -0.1648
vn 0.9472 0.0272 -0.3193
vn 0.9695 -0.0157 -0.2447
vn 0.9683 0.0915 -0.2325
vn 0.8613 0.0192 -0.5077
vn 0.9115 -0.0326 -0.4100
vn 0.9066 0.0887 -0.4125
vn 0.7058 0.0050 -0.7084
vn 0.7942 -0.0536 -0.6053
vn 0.7894 0.0821 -0.6083
vn 0.4855 -0.0019 -0.8742
vn 0.2455 0.0067 -0.9694
vn 0.3667 -0.0768 -0.9272
vn 0.3626 0.0803 -0.9285
vn -0.0000 0.0167 -0.9999
vn 0.6930 0.1537 -0.7044
vn 0.9341 0.1646 -0.3167
vn 0.9766 0.1677 -0.1348
vn 0.8038 0.5847 0.1099
vn 0.8848 0.4130 0.2156
vn 0.6875 0.6959 0.2076
vn 0.7907 0.6052 -0.0919
vn 0.8841 0.4672 0.0047
vn 0.6835 0.7299 0.0076
vn 0.7631 0.5825 -0.2798
vn 0.8587 0.4735 -0.1959
vn 0.6723 0.7179 -0.1807
vn 0.7160 0.5305 -0.4538
vn 0.8085 0.4459 -0.3841
vn 0.6498 0.6712 -0.3566
vn 0.6067 0.4744 -0.6378
vn 0.7179 0.4004 -0.5695
vn 0.6034 0.6006 -0.5246
vn 0.4073 0.5244 -0.7477
vn 0.2064 0.5629 -0.8004
vn 0.3234 0.4416 -0.8369
vn 0.2995 0.6561 -0.6927
vn -0.0000 0.5688 -0.8225
vn 0.9855 0.1574 0.0630
vn 0.9595 0.1969 0.2015
vn 0.9693 0.2452 -0.0174
vn 0.9432 0.2531 -0.2153
vn 0.8795 0.2467 -0.4069
vn 0.7651 0.2346 -0.5996
vn 0.3484 0.2504 -0.9033
vn 0.8466 0.1598 -0.5077
vn 0.9410 0.3215 0.1059
vn 0.9291 0.3541 -0.1068
vn 0.8863 0.3506 -0.3026
vn 0.8066 0.3280 -0.4918
vn 0.6610 0.3103 -0.6832
vn 0.4492 0.3292 -0.8305
vn 0.2240 0.3516 -0.9089
vn -0.0000 0.3557 -0.9346
vn 0.4751 0.1573 -0.8657
vn 0.2371 0.1696 -0.9566
vn -0.0000 0.1764 -0.9843
vn 0.2950 0.9105 0.2897
vn 0.1914 0.9006 0.3903
vn -0.0000 0.7601 0.6498
vn 0.4115 0.8195 0.3989
vn 0.2965 0.9494 0.1036
vn 0.1894 0.9632 0.1909
vn -0.0000 0.9820 0.1891
vn 0.4156 0.8878 0.1976
vn 0.3069 0.9489 -0.0735
vn 0.1953 0.9805 0.0195
vn -0.0000 0.9997 0.0229
vn 0.4187 0.9080 0.0114
vn 0.3152 0.9121 -0.2623
vn 0.2046 0.9652 -0.1629
vn -0.0000 0.9868 -0.1621
vn 0.4278 0.8877 -0.1700
vn -0.0000 0.9242 -0.3819
vn 0.2053 0.9050 -0.3727
vn 0.4257 0.8312 -0.3577
vn -0.0000 0.7808 -0.6248
vn 0.1982 0.7699 -0.6066
vn 0.3996 0.7214 -0.5655
vn 0.3073 0.8245 -0.4752
vn 0.1996 0.7403 0.6420
vn -0.0000 0.9221 0.3869
vn 0.3904 0.6763 0.6247
vn 0.2950 0.8071 0.5114
vn 0.9575 -0.1150 -0.2644
vn 0.8993 -0.1482 -0.4114
vn 0.7785 -0.1928 -0.5973
vn 0.3571 -0.2419 -0.9022
vn 0.9429 -0.0746 -0.3246
vn 0.8572 -0.1040 -0.5044
vn 0.7004 -0.1364 -0.7006
vn 0.4821 -0.1549 -0.8623
vn 0.2450 -0.1541 -0.9572
vn -0.0000 -0.1475 -0.9891
vn 0.9377 -0.2358 -0.2551
vn 0.8665 -0.2914 -0.4053
vn 0.7318 -0.3569 -0.5806
vn 0.3237 -0.4332 -0.8412
vn 0.9255 -0.1916 -0.3268
vn 0.8314 -0.2428 -0.4998
vn 0.6706 -0.2963 -0.6801
vn 0.4569 -0.3288 -0.8265
vn 0.2310 -0.3324 -0.9144
vn -0.0000 -0.3212 -0.9470
vn 0.9132 -0.3363 0.2303
vn 0.8160 -0.5248 0.2423
vn 0.6873 -0.6426 0.3386
vn 0.3296 -0.6915 0.6427
vn 0.8696 -0.3850 0.3092
vn 0.7703 -0.4967 0.3998
vn 0.6408 -0.5527 0.5328
vn 0.4538 -0.5715 0.6837
vn 0.2329 -0.5694 0.7884
vn -0.0000 -0.5683 0.8228
vn 0.9169 -0.3813 0.1181
vn 0.7605 -0.6437 0.0860
vn 0.5329 -0.8430 0.0740
vn 0.2652 -0.8729 0.4094
vn 0.8671 -0.4737 0.1545
vn 0.7088 -0.6874 0.1587
vn 0.5559 -0.7844 0.2753
vn 0.3942 -0.8016 0.4495
vn 0.2040 -0.7831 0.5874
vn -0.0000 -0.7742 0.6329
vn 0.8908 -0.3947 -0.2251
vn 0.7880 -0.4747 -0.3920
vn 0.6313 -0.5489 -0.5479
vn 0.2609 -0.6245 -0.7362
vn 0.8868 -0.3430 -0.3098
vn 0.7689 -0.4143 -0.4870
vn 0.5972 -0.4832 -0.6402
vn 0.3946 -0.5252 -0.7539
vn 0.1988 -0.5290 -0.8250
vn -0.0000 -0.5136 -0.8580
vn -0.0000 -0.9871 -0.1603
vn 0.4388 -0.8976 -0.0420
vn 0.1505 -0.9693 0.1944
vn 0.1486 -0.9165 0.3714
vn 0.2655 -0.9428 0.2018
vn -0.0000 -0.9892 0.1465
vn -0.0000 -0.9138 0.4063
vn 0.5595 -0.4487 0.6969
vn 0.5260 0.2766 0.8043
vn 0.5511 0.1102 0.8271
vn 0.5512 -0.0133 0.8343
vn 0.5494 -0.1260 0.8260
vn 0.5531 -0.2658 0.7896
vn 0.4800 0.5171 0.7087
vn 0.6001 -0.0735 -0.7966
vn 0.5969 0.0752 -0.7988
vn 0.5361 0.3996 -0.7436
vn 0.4865 0.5973 -0.6376
vn 0.5766 0.2346 -0.7826
vn 0.5244 0.7270 -0.4433
vn 0.5475 0.7937 -0.2650
vn 0.5495 0.8312 -0.0847
vn 0.5498 0.8287 0.1048
vn 0.5485 0.7798 0.3017
vn 0.5239 0.6897 0.4998
vn 0.5852 -0.2286 -0.7780
vn 0.5375 -0.4108 -0.7365
vn 0.5285 -0.6904 0.4939
vn 0.4033 -0.8859 0.2291
vn 0.4428 -0.6044 -0.6623
vn 0.4269 -0.7303 -0.5332
vn 0.5296 -0.7563 -0.3841
vn 0.3546 -0.9344 0.0333
vn 0.2606 -0.9608 -0.0952
vn 0.2080 -0.9777 0.0300
vn -0.0000 -0.9992 -0.0399
vn 0.8495 -0.5249 0.0529
vn 0.8242 -0.5573 -0.1011
vn 0.7602 -0.6032 -0.2413
vn 0.6299 -0.6735 -0.3868
vn 0.4730 -0.7265 -0.4985
vn 0.6052 -0.7804 -0.1568
vn 0.3188 -0.7592 -0.5675
vn 0.1853 -0.7678 -0.6134
vn 0.9035 -0.4284 -0.0116
vn 0.8741 -0.4569 -0.1645
vn 0.7896 -0.5320 -0.3056
vn 0.6414 -0.6105 -0.4646
vn 0.4695 -0.6700 -0.5750
vn 0.2996 -0.7009 -0.6473
vn 0.1502 -0.7006 -0.6976
vn -0.0000 -0.6861 -0.7275
vn 0.6109 -0.7917 0.0001
vn 0.5874 -0.7981 -0.1338
vn 0.5248 -0.8099 -0.2620
vn 0.4217 -0.8289 -0.3677
vn 0.3091 -0.8435 -0.4392
vn 0.5970 -0.7962 0.0982
vn 0.2088 -0.8511 -0.4818
vn 0.1229 -0.8502 -0.5119
vn 0.7368 -0.6751 -0.0351
vn 0.6901 -0.6993 -0.1863
vn 0.5912 -0.7412 -0.3179
vn 0.4552 -0.7803 -0.4289
vn 0.3206 -0.8057 -0.4980
vn 0.2031 -0.8162 -0.5409
vn 0.1028 -0.8114 -0.5754
vn -0.0000 -0.8005 -0.5993
vn 0.3102 -0.9444 -0.1095
vn 0.3367 -0.9234 -0.1841
vn 0.3127 -0.9090 -0.2757
vn 0.2595 -0.9018 -0.3457
vn 0.1967 -0.8979 -0.3937
vn 0.4607 -0.7957 0.3932
vn 0.1375 -0.8952 -0.4239
vn 0.0821 -0.8918 -0.4449
vn 0.4579 -0.8832 -0.1019
vn 0.4355 -0.8737 -0.2165
vn 0.3723 -0.8727 -0.3160
vn 0.2879 -0.8753 -0.3886
vn 0.2056 -0.8773 -0.4337
vn 0.1334 -0.8765 -0.4626
vn 0.0676 -0.8717 -0.4854
vn -0.0000 -0.8659 -0.5001
vn 0.1527 -0.9851 -0.0789
vn 0.2343 -0.9560 -0.1765
vn 0.2385 -0.9338 -0.2668
vn 0.2187 -0.9174 -0.3324
vn 0.1793 -0.9051 -0.3855
vn -0.0000 -0.8788 0.4772
vn 0.1346 -0.8972 -0.4206
vn 0.0853 -0.8926 -0.4428
vn 0.1140 -0.0136 0.9934
vn 0.1133 0.1202 0.9863
vn 0.1141 -0.2757 0.9544
vn 0.1136 -0.1281 0.9852
vn 0.1108 0.3330 0.9364
vn 0.1170 -0.4547 0.8829
vn 0.1046 0.6209 0.7769
vn 0.1249 -0.0672 -0.9899
vn 0.1211 0.0928 -0.9883
vn 0.1069 0.4578 -0.8826
vn 0.0984 0.6793 -0.7272
vn 0.1147 0.2612 -0.9584
vn 0.0930 0.9550 0.2816
vn 0.0945 0.9899 0.1053
vn 0.0996 0.9928 -0.0663
vn 0.1023 0.9585 -0.2663
vn 0.0988 0.8603 -0.5002
vn 0.0966 0.8542 0.5110
vn 0.1211 -0.2350 -0.9644
vn 0.1103 -0.4220 -0.8998
vn 0.1130 -0.6827 0.7219
vn 0.0873 -0.8516 0.5169
vn 0.0905 -0.6113 -0.7862
vn 0.1164 -0.9886 -0.0951
vn 0.0564 -0.9599 0.2744
vn 0.0901 -0.9942 0.0587
vn 0.1491 -0.9788 -0.1404
vn 0.0654 -0.7554 -0.6520
vn 0.0441 -0.8411 -0.5391
vn 0.0279 -0.8871 -0.4608
vn 0.2327 -0.9592 -0.1608
vn 0.0376 -0.8874 -0.4596
vn 0.2493 -0.9367 -0.2458
vn 0.2257 -0.9230 -0.3117
vn 0.1842 -0.9147 -0.3598
vn 0.1374 -0.9095 -0.3923
vn 0.0916 -0.9057 -0.4138
vn 0.0475 -0.9017 -0.4298
vn -0.0000 -0.8983 -0.4394
vn 0.2931 -0.7229 -0.6258
vn 0.1705 -0.7206 -0.6721
vn -0.0000 -0.7215 -0.6925
vn 0.2625 -0.1764 0.9487
vn 0.6599 -0.1357 0.7390
vn 0.9007 -0.2193 0.3750
vn 0.9634 -0.2644 -0.0437
vn 0.8400 -0.2866 -0.4608
vn 0.6564 -0.2898 -0.6965
vn 0.3981 -0.3047 -0.8653
vn 0.1749 -0.3138 -0.9332
vn 0.9996 0.0146 -0.0235
vn 0.9801 0.1014 0.1709
vn 0.9790 -0.1014 -0.1767
vn 0.9893 0.0112 -0.1455
vn 0.9671 -0.2305 0.1076
vn 0.9739 -0.2269 0.0012
vn 0.9790 -0.1448 0.1435
vn 0.9726 -0.0383 0.2295
vn 0.9548 -0.2728 -0.1182
vn 0.9740 -0.1698 -0.1500
vn 0.9865 -0.1065 0.1247
vn 0.9818 -0.1337 -0.1347
vn 0.9973 -0.0085 -0.0731
vn 0.9746 -0.2190 -0.0465
vn 0.9761 -0.1891 -0.1070
vn 0.9924 -0.0494 0.1124
vn 0.9812 -0.1631 0.1029
vn 0.9774 -0.2075 0.0413
vn 0.9886 -0.0690 -0.1335
vn 0.9992 -0.0000 0.0408
vn 0.0871 -0.9406 0.3281
vn 0.0665 -0.6476 -0.7591
vn 0.0278 0.9048 -0.4249
vn 0.0188 0.9706 0.2400
vn 0.0234 0.5907 0.8065
vn 0.0432 -0.0291 0.9986
vn 0.0714 -0.5876 0.8060
vn 0.0840 -0.9627 -0.2571
vn 0.0415 -0.1163 -0.9923
vn 0.0332 0.4527 -0.8911
vn 0.4515 0.1089 -0.8856
vn 0.4944 -0.3855 -0.7791
vn 0.4184 -0.2886 0.8612
vn 0.3089 0.2509 0.9174
vn 0.3300 0.9420 -0.0607
vn 0.4305 0.6199 -0.6560
vn 0.5293 -0.6882 0.4963
vn 0.2683 0.7948 0.5444
vn 0.5504 -0.8341 0.0359
vn 0.5479 -0.7152 -0.4339
vn -0.2244 -0.9167 0.3308
vn -0.2231 -0.6266 -0.7467
vn -0.2664 0.8755 -0.4031
vn -0.2550 0.9395 0.2286
vn -0.2422 0.5856 0.7735
vn -0.2317 -0.0126 0.9727
vn -0.2267 -0.5656 0.7929
vn -0.2220 -0.9412 -0.2547
vn -0.2381 -0.0960 -0.9665
vn -0.2516 0.4596 -0.8517
vn -0.0980 0.1942 -0.9761
vn -0.0860 -0.4007 -0.9122
vn -0.0766 -0.3107 0.9474
vn -0.0825 0.2830 0.9556
vn -0.1036 0.9910 -0.0849
vn -0.1030 0.7083 -0.6984
vn -0.0737 -0.8033 0.5909
vn -0.0925 0.8387 0.5366
vn -0.0742 -0.9963 0.0424
vn -0.0774 -0.8388 -0.5390
vn -0.6867 -0.6780 0.2621
vn -0.6713 -0.4885 -0.5574
vn -0.7062 0.6436 -0.2951
vn -0.6974 0.6946 0.1769
vn -0.6939 0.4403 0.5697
vn -0.6906 -0.0158 0.7231
vn -0.6750 -0.4262 0.6023
vn -0.6809 -0.7090 -0.1836
vn -0.6678 -0.0787 -0.7402
vn -0.6832 0.3440 -0.6441
vn -0.4484 -0.2706 0.8519
vn -0.4661 0.2690 0.8428
vn -0.4911 0.8683 -0.0699
vn -0.4834 0.6311 -0.6067
vn -0.4573 0.1860 -0.8697
vn -0.4462 -0.7103 0.5444
vn -0.4705 0.7461 0.4712
vn -0.4523 -0.8908 0.0437
vn -0.4415 -0.7536 -0.4871
vn -0.4456 -0.3522 -0.8230
vn -0.8260 -0.5282 0.1967
vn -0.8244 -0.3933 -0.4070
vn -0.8315 0.5002 -0.2419
vn -0.8401 0.5254 0.1346
vn -0.8404 0.3162 0.4401
vn -0.8356 -0.0292 0.5486
vn -0.8302 -0.3341 0.4464
vn -0.8240 -0.5529 -0.1238
vn -0.8196 -0.0863 -0.5664
vn -0.8247 0.2474 -0.5086
vn -0.8068 -0.4684 0.3600
vn -0.8081 -0.1977 0.5548
vn -0.8137 0.4841 0.3216
vn -0.8172 0.5741 -0.0505
vn -0.8100 -0.5852 0.0383
vn -0.8011 -0.5186 -0.2987
vn -0.8187 0.1661 0.5496
vn -0.7958 -0.2603 -0.5468
vn -0.7920 0.1020 -0.6020
vn -0.8087 0.4182 -0.4136
vn -0.6767 -0.6922 0.2509
vn -0.6891 -0.4924 -0.5317
vn -0.6956 0.6492 -0.3077
vn -0.7154 0.6785 0.1667
vn -0.7142 0.4087 0.5682
vn -0.6933 -0.0271 0.7202
vn -0.6916 -0.4264 0.5830
vn -0.6793 -0.7149 -0.1657
vn -0.6865 -0.0999 -0.7203
vn -0.6888 0.3179 -0.6515
vn -0.7839 -0.4979 0.3711
vn -0.7900 -0.2130 0.5750
vn -0.8071 0.4872 0.3336
vn -0.7932 0.6057 -0.0633
vn -0.7740 -0.6320 0.0392
vn -0.7833 -0.5428 -0.3031
vn -0.7939 0.1655 0.5851
vn -0.7829 -0.2722 -0.5594
vn -0.7832 0.0895 -0.6153
vn -0.7862 0.4336 -0.4403
vn -0.3733 -0.8713 0.3186
vn -0.3750 -0.6174 -0.6915
vn -0.4075 0.8333 -0.3735
vn -0.4252 0.8803 0.2102
vn -0.4143 0.5465 0.7278
vn -0.3880 0.0001 0.9216
vn -0.3817 -0.5227 0.7623
vn -0.3722 -0.9038 -0.2110
vn -0.3710 -0.1115 -0.9219
vn -0.3794 0.4237 -0.8225
vn -0.5933 0.6709 0.4448
vn -0.5784 0.8118 -0.0801
vn -0.5332 -0.8446 0.0490
vn -0.5448 -0.6676 0.5074
vn -0.5457 -0.7237 -0.4224
vn -0.5673 0.2423 0.7871
vn -0.5465 -0.3471 -0.7621
vn -0.5448 0.1347 -0.8277
vn -0.5512 -0.2611 0.7924
vn -0.5578 0.5944 -0.5792
vn -0.0251 -0.9363 0.3503
vn -0.0004 -0.6639 -0.7478
vn -0.0394 0.9168 -0.3974
vn -0.0533 0.9716 0.2304
vn -0.0403 0.6138 0.7884
vn -0.0314 0.0238 0.9992
vn -0.0313 -0.5491 0.8352
vn -0.0147 -0.9744 -0.2243
vn 0.0087 -0.1089 -0.9940
vn -0.0034 0.4735 -0.8808
vn -0.1998 -0.9780 0.0607
vn -0.2068 -0.7694 0.6044
vn -0.1946 -0.8450 -0.4981
vn -0.2193 0.3117 0.9245
vn -0.2390 0.8162 0.5260
vn -0.1864 -0.3973 -0.8986
vn -0.1855 0.1757 -0.9668
vn -0.2095 -0.2752 0.9383
vn -0.2394 0.9671 -0.0863
vn -0.2110 0.7139 -0.6677
vn 0.3410 -0.8788 0.3339
vn 0.3824 -0.6186 -0.6864
vn 0.3400 0.8626 -0.3745
vn 0.3297 0.9180 0.2205
vn 0.3478 0.5792 0.7373
vn 0.3477 0.0262 0.9372
vn 0.3398 -0.5146 0.7872
vn 0.3578 -0.9121 -0.2002
vn 0.3919 -0.0978 -0.9148
vn 0.3777 0.4414 -0.8140
vn 0.1817 -0.8494 -0.4955
vn 0.1636 -0.9843 0.0662
vn 0.1576 0.3284 0.9313
vn 0.1448 0.8351 0.5307
vn 0.1981 -0.3939 -0.8975
vn 0.1974 0.1858 -0.9626
vn 0.1541 -0.2656 0.9517
vn 0.1373 0.9870 -0.0840
vn 0.1691 0.7250 -0.6677
vn 0.1552 -0.7726 0.6156
vn 0.6540 -0.7035 0.2784
vn 0.7044 -0.4872 -0.5162
vn 0.6982 0.6560 -0.2868
vn 0.6880 0.7054 0.1705
vn 0.6937 0.4436 0.5675
vn 0.6830 0.0106 0.7303
vn 0.6652 -0.4139 0.6215
vn 0.6718 -0.7270 -0.1419
vn 0.7160 -0.0791 -0.6936
vn 0.7144 0.3374 -0.6130
vn 0.5341 0.2792 0.7980
vn 0.5293 0.7155 0.4560
vn 0.5694 -0.3362 -0.7502
vn 0.5472 -0.7307 -0.4082
vn 0.5682 0.1576 -0.8077
vn 0.5209 -0.2325 0.8214
vn 0.5210 0.8506 -0.0713
vn 0.5500 0.6126 -0.5676
vn 0.5116 -0.6702 0.5376
vn 0.5171 -0.8531 0.0692
vn 0.8367 -0.5073 0.2064
vn 0.8697 -0.3553 -0.3425
vn 0.8883 0.4223 -0.1806
vn 0.8857 0.4495 0.1159
vn 0.8876 0.2729 0.3710
vn 0.8728 -0.0189 0.4877
vn 0.8507 -0.3088 0.4253
vn 0.8452 -0.5274 -0.0865
vn 0.8872 -0.0690 -0.4562
vn 0.8911 0.2187 -0.3975
vn 0.8169 -0.2507 -0.5195
vn 0.7932 -0.5409 -0.2799
vn 0.8229 0.1086 -0.5577
vn 0.7899 -0.1870 0.5841
vn 0.8091 0.1824 0.5586
vn 0.8093 0.5855 -0.0467
vn 0.8207 0.4222 -0.3850
vn 0.7687 -0.5002 0.3985
vn 0.8115 0.4920 0.3153
vn 0.7666 -0.6387 0.0665
vn 0.9364 -0.3262 0.1295
vn 0.9511 -0.2458 -0.1871
vn 0.9697 0.2236 -0.0989
vn 0.9683 0.2377 0.0766
vn 0.9651 0.1312 0.2266
vn 0.9554 -0.0471 0.2916
vn 0.9430 -0.2180 0.2514
vn 0.9402 -0.3387 -0.0357
vn 0.9616 -0.0786 -0.2630
vn 0.9678 0.1014 -0.2304
vn 0.9130 -0.1540 0.3779
vn 0.9302 0.0876 0.3564
vn 0.9373 0.3479 -0.0207
vn 0.9390 0.2510 -0.2351
vn 0.9361 0.0456 -0.3488
vn 0.8972 -0.3534 0.2649
vn 0.9376 0.2825 0.2027
vn 0.8941 -0.4442 0.0569
vn 0.9064 -0.3863 -0.1710
vn 0.9256 -0.1931 -0.3255
vn 0.9690 -0.2319 0.0850
vn 0.9757 -0.1838 -0.1196
vn 0.9921 0.1109 -0.0593
vn 0.9914 0.1188 0.0547
vn 0.9872 0.0510 0.1510
vn 0.9804 -0.0590 0.1878
vn 0.9730 -0.1650 0.1611
vn 0.9705 -0.2403 -0.0211
vn 0.9821 -0.0800 -0.1708
vn 0.9887 0.0334 -0.1460
vn 0.9840 0.1782 -0.0069
vn 0.9832 0.1206 -0.1370
vn 0.9777 -0.0076 -0.2100
vn 0.9582 -0.2386 0.1579
vn 0.9664 -0.1251 0.2244
vn 0.9815 0.1395 0.1311
vn 0.9569 -0.2874 0.0407
vn 0.9625 -0.2555 -0.0910
vn 0.9757 0.0191 0.2184
vn 0.9702 -0.1498 -0.1903
vn 0.9874 -0.1502 0.0495
vn 0.9910 -0.1248 -0.0484
vn 0.9996 0.0139 -0.0230
vn 0.9992 0.0186 0.0353
vn 0.9964 -0.0157 0.0833
vn 0.9925 -0.0687 0.1010
vn 0.9890 -0.1199 0.0868
vn 0.9882 -0.1530 -0.0015
vn 0.9946 -0.0751 -0.0714
vn 0.9977 -0.0244 -0.0627
vn 0.9963 0.0375 -0.0777
vn 0.9923 -0.0361 -0.1185
vn 0.9806 -0.1700 0.0979
vn 0.9848 -0.1048 0.1385
vn 0.9952 0.0481 0.0852
vn 0.9974 0.0726 0.0016
vn 0.9799 -0.1977 0.0283
vn 0.9825 -0.1794 -0.0506
vn 0.9905 -0.0221 0.1361
vn 0.9871 -0.1178 -0.1081
vn 0.9948 -0.0861 0.0548
vn 0.9936 -0.1050 0.0426
vn 0.9985 -0.0402 0.0375
vn 0.9994 -0.0335 0.0101
vn 0.9934 -0.1125 0.0220
vn 0.9944 -0.1061 -0.0027
vn 0.9967 -0.0612 0.0542
vn 0.9961 -0.0857 -0.0208
vn 0.9978 -0.0622 -0.0242
vn 0.9990 -0.0435 -0.0135
vn 0.1867 0.4603 0.8679
vn 0.5430 0.4333 0.7193
vn 0.7912 0.4199 0.4446
vn 0.9225 0.3833 0.0459
vn 0.8784 0.2712 -0.3935
vn 0.7066 0.1787 -0.6847
vn 0.4447 0.1140 -0.8884
vn 0.1650 0.0823 -0.9829
vn 0.8295 0.0309 -0.5576
vn 0.5923 0.0001 -0.8057
vn -0.0000 -0.0269 -0.9996
vn -0.0000 0.2059 0.9786
vn 0.3197 -0.0172 -0.9474
vn 0.4110 0.2027 0.8888
vn 0.7531 0.1694 0.6357
vn 0.9521 0.1297 0.2770
vn 0.9791 0.0757 -0.1890
vn 0.0803 0.7889 0.6092
vn 0.2493 0.8073 0.5349
vn 0.3698 0.8242 0.4288
vn 0.3280 0.9277 0.1781
vn 0.3777 0.8638 -0.3335
vn 0.4947 0.5970 -0.6315
vn 0.3559 0.4731 -0.8059
vn 0.1152 0.4066 -0.9063
vn 0.4867 0.7455 -0.4555
vn 0.5411 0.3205 -0.7775
vn 0.2877 0.2205 -0.9320
vn -0.0000 0.1926 -0.9813
vn -0.0000 0.8144 0.5802
vn 0.2793 0.7058 0.6510
vn 0.5062 0.7126 0.4857
vn 0.6405 0.7365 0.2176
vn 0.7293 0.6631 -0.1686
vn 0.7059 0.4924 -0.5092
vn 0.4504 0.5520 -0.7018
vn 0.2430 0.4478 -0.8605
vn -0.0000 0.4236 -0.9058
vn -0.0000 0.7077 0.7065
vn 0.1660 0.8259 0.5388
vn 0.3133 0.8497 0.4241
vn 0.3557 0.8971 0.2620
vn 0.3886 0.9154 -0.1049
vn 0.5373 0.7895 -0.2967
vn 0.4504 0.8916 0.0467
vn 0.3933 0.8642 0.3138
vn 0.2844 0.8296 0.4805
vn 0.0968 0.8118 0.5759
vn 0.1291 0.3511 -0.9274
vn 0.3838 0.4180 -0.8234
vn 0.5440 0.5967 -0.5899
vn 0.0949 0.5328 0.8409
vn 0.1705 0.7524 0.6363
vn 0.0992 0.4428 0.8911
vn -0.0000 0.4604 0.8877
vn 0.0997 0.4111 0.9061
vn -0.0000 0.4294 0.9031
vn 0.1993 0.4250 0.8830
vn 0.1010 0.3658 0.9252
vn -0.0000 0.3913 0.9203
vn 0.2011 0.3885 0.8992
vn 0.1056 0.2742 0.9559
vn -0.0000 0.3289 0.9444
vn 0.2040 0.3285 0.9222
vn 0.4294 0.3209 0.8442
vn 0.3175 0.2780 0.9066
vn 0.3075 0.3601 0.8808
vn 0.7444 0.2677 0.6117
vn 0.5952 0.2648 0.7587
vn 0.5758 0.3302 0.7480
vn 0.3526 0.7620 0.5432
vn 0.4136 0.7489 0.5177
vn 0.9022 0.2003 0.3820
vn 0.8599 0.2041 0.4678
vn 0.8392 0.2457 0.4851
vn 0.9132 0.0943 -0.3964
vn 0.9550 0.0870 -0.2837
vn 0.7826 0.0856 -0.6166
vn 0.8953 -0.3492 -0.2767
vn 0.4126 -0.9018 -0.1283
vn 0.5173 0.0965 -0.8503
vn 0.6855 0.1500 -0.7124
vn 0.6552 0.0569 -0.7533
vn 0.2319 0.0668 -0.9704
vn 0.3689 0.1881 -0.9103
vn 0.3666 0.0362 -0.9297
vn -0.0000 0.0136 -0.9999
vn 0.0894 0.0738 -0.9933
vn 0.1230 0.0085 -0.9924
vn 0.4209 0.3738 0.8265
vn 0.4100 0.4091 0.8152
vn 0.3029 0.4029 0.8637
vn 0.3001 0.4343 0.8493
vn 0.2967 0.5273 0.7962
vn 0.7178 0.3113 0.6228
vn 0.6884 0.3601 0.6296
vn 0.7261 0.3906 0.5658
vn 0.5512 0.3715 0.7471
vn 0.5371 0.4072 0.7387
vn 0.5178 0.5070 0.6891
vn -0.0000 0.6322 0.7748
vn 0.4071 -0.0713 0.9106
vn 0.3954 0.6405 0.6584
vn 0.5242 0.5929 0.6113
vn 0.4995 0.5738 0.6490
vn 0.2955 0.5933 0.7488
vn 0.0934 0.5927 0.8000
vn -0.0000 0.3168 -0.9485
vn -0.0000 0.1413 -0.9900
vn -0.0000 0.0508 -0.9987
vn -0.0000 0.7379 0.6749
vn -0.0000 0.0096 -1.0000
vn 0.2373 0.3659 -0.8999
vn 0.1142 0.2369 -0.9648
vn 0.3526 0.3201 -0.8793
vn 0.5322 0.3863 -0.7534
vn 0.4582 0.4579 -0.7619
vn 0.4704 0.5265 -0.7081
vn 0.2291 0.1823 -0.9562
vn 0.1108 0.0924 -0.9895
vn 0.3511 0.1414 -0.9256
vn 0.5691 0.1894 -0.8002
vn 0.4745 0.2579 -0.8416
vn 0.5426 0.2746 -0.7939
vn 0.2247 0.0676 -0.9721
vn 0.4889 0.1088 -0.8655
vn 0.1114 0.0348 -0.9932
vn 0.3579 0.0527 -0.9323
vn 0.6122 0.0779 -0.7868
vn 0.6203 0.1034 -0.7775
vn -0.0000 0.0235 -0.9997
vn -0.0000 0.0006 -1.0000
vn 0.2319 0.0244 -0.9724
vn 0.1196 0.0148 -0.9927
vn 0.3727 0.0240 -0.9276
vn 0.6643 0.0689 -0.7442
vn 0.5158 0.0505 -0.8552
vn 0.7268 0.0301 -0.6862
vn 0.8069 0.2990 0.5094
vn 0.9471 0.1610 -0.2777
vn 0.4688 -0.8246 -0.3167
vn 0.6656 0.0701 -0.7430
vn 0.3748 0.0150 -0.9270
vn 0.1275 0.0038 -0.9918
vn 0.8827 0.2328 0.4082
vn 0.9121 0.1327 -0.3880
vn 0.7838 0.0834 -0.6153
vn 0.5125 0.0312 -0.8581
vn 0.2480 0.0078 -0.9687
vn 0.1860 0.6408 0.7448
vn 0.7917 0.3540 0.4980
vn 0.9558 0.1814 -0.2313
vn 0.9562 -0.2655 -0.1233
vn 0.4482 0.6906 0.5676
vn 0.8530 0.3169 0.4146
vn 0.9224 0.1456 -0.3578
vn 0.7932 0.1044 -0.5999
vn 0.5243 0.0506 -0.8500
vn 0.2460 0.0083 -0.9692
vn 0.1946 0.5027 0.8423
vn 0.4032 0.4925 0.7713
vn 0.6599 0.4294 0.6166
vn -0.0000 0.5614 0.8276
vn 0.4066 0.5514 0.7285
vn 0.6036 0.5035 0.6182
vn 0.1919 0.5606 0.8055
vn -0.0000 0.5057 0.8627
vn 0.1983 0.4568 0.8672
vn 0.4043 0.4430 0.8001
vn 0.6805 0.3946 0.6174
vn 0.5284 0.4481 0.7211
vn 0.2973 0.4731 0.8293
vn 0.0977 0.4807 0.8714
vn 0.2772 0.7043 0.6535
vn 0.0882 0.6883 0.7200
vn 0.2836 0.5136 -0.8098
vn 0.3527 0.7179 -0.6002
vn 0.4030 0.3685 -0.8377
vn 0.1942 0.4905 -0.8495
vn 0.1813 0.5101 -0.8408
vn 0.3072 0.6950 -0.6501
vn 0.0586 0.2728 -0.9603
vn 0.1890 0.5171 -0.8348
vn 0.2985 0.6966 -0.6524
vn 0.0544 0.3102 -0.9491
vn 0.3669 0.6814 0.6333
vn 0.4548 0.6188 0.6405
vn 0.3473 0.8288 0.4387
vn 0.3183 0.6407 0.6987
vn 0.2778 0.6480 0.7091
vn 0.1711 0.4218 0.8904
vn 0.3594 0.7940 0.4903
vn 0.2883 0.6786 0.6755
vn 0.1561 0.4539 0.8772
vn 0.3767 0.8140 0.4421
vn 0.3239 0.9424 -0.0831
vn 0.4284 0.8914 -0.1479
vn 0.4237 0.8892 -0.1726
vn 0.3262 0.8613 -0.3895
vn 0.3623 0.8394 -0.4051
vn 0.3831 0.8213 -0.4228
vn 0.3803 0.8179 -0.4318
vn 0.3531 0.9085 0.2236
vn 0.3928 0.8945 0.2135
vn 0.4258 0.8920 0.1520
vn 0.4316 0.8944 0.1172
vn -0.1541 -0.1648 -0.9742
vn -0.2287 -0.1579 -0.9606
vn -0.0679 0.0982 -0.9929
vn -0.0822 0.0931 -0.9923
vn 0.0209 0.0755 -0.9969
vn -0.3063 -0.6067 -0.7336
vn -0.4453 -0.5752 -0.6862
vn -0.3511 -0.4077 -0.8429
vn -0.3536 -0.3973 -0.8468
vn -0.0892 -0.3826 -0.9196
vn -0.0614 -0.1197 0.9909
vn -0.1533 -0.0966 0.9834
vn 0.0159 0.1686 0.9856
vn 0.0087 0.2155 0.9765
vn 0.2666 0.2465 0.9318
vn -0.3551 -0.4610 0.8132
vn -0.2333 -0.3456 0.9089
vn -0.2780 -0.2993 0.9128
vn -0.4308 -0.5882 0.6844
vn -0.3827 -0.6189 0.6859
vn 0.2933 0.1677 -0.9412
vn 0.5027 0.1180 -0.8564
vn 0.3897 -0.1221 -0.9128
vn 0.6498 -0.0447 -0.7588
vn 0.5978 -0.3437 -0.7242
vn 0.8369 -0.0755 -0.5422
vn 0.5989 0.4722 0.6468
vn 0.4714 0.4378 0.7656
vn 0.1416 -0.5157 0.8450
vn 0.8237 0.2596 0.5041
vn 0.6694 0.3268 0.6672
vn 0.8519 0.3345 0.4030
vn 0.7889 0.3505 0.5047
vn 0.9599 -0.2438 -0.1385
vn 0.3447 -0.7421 -0.5749
vn 0.9486 0.0215 -0.3157
vn -0.5450 -0.8364 -0.0578
vn -0.5378 -0.8402 -0.0692
vn -0.5358 -0.8332 0.1367
vn 0.2362 -0.9603 0.1486
vn -0.0006 -0.9594 -0.2820
vn -0.2830 -0.9588 0.0263
vn 0.9886 0.1503 0.0041
vn 0.9378 0.2666 0.2225
vn 0.9415 0.2809 0.1863
vn 0.9690 0.1862 0.1624
vn 0.9779 0.1566 0.1389
vn 0.8729 0.0906 -0.4793
vn 0.7522 -0.5176 -0.4077
vn 0.9536 -0.2896 0.0818
vn 0.8655 -0.4285 0.2594
vn 0.6876 -0.6357 0.3508
vn 0.8012 -0.4003 -0.4447
vn 0.8935 0.0962 -0.4387
vn 0.8758 0.1204 -0.4675
vn 0.8635 0.0985 -0.4947
vn 0.8641 -0.0642 0.4992
vn 0.5796 -0.7838 -0.2230
vn -0.4968 -0.7170 -0.4889
vn -0.4965 -0.7055 -0.5057
vn -0.0925 -0.7546 -0.6497
vn -0.3510 -0.8596 -0.3714
vn -0.5345 -0.7985 -0.2771
vn 0.9395 0.1901 0.2849
vn 0.2892 0.6981 -0.6549
vn 0.1668 0.2910 -0.9421
vn 0.3384 0.4923 0.8020
vn 0.3589 0.7952 0.4887
vn 0.3766 0.9214 -0.0962
vn 0.1221 -0.0803 -0.9893
vn 0.1843 -0.4695 -0.8635
vn 0.4561 0.2280 0.8602
vn 0.7352 0.0972 0.6708
vn 0.9519 0.1500 0.2673
vn 0.9146 0.2520 0.3164
vn 0.8912 0.3310 0.3101
vn 0.8939 0.2205 0.3903
vn 0.9934 0.1145 0.0019
vn 0.9781 0.2064 0.0281
vn 0.9604 0.2717 0.0617
vn -0.5218 -0.7916 0.3181
vn -0.4977 -0.8074 0.3169
vn 0.9786 0.0077 0.2057
vn 0.5045 -0.6129 0.6082
vn 0.9477 0.1242 -0.2940
vn 0.8312 -0.5083 0.2251
vn 0.9774 0.1559 -0.1425
vn 0.9703 0.2137 -0.1131
vn 0.9883 0.1467 -0.0422
vn -0.1011 -0.8944 0.4358
vn -0.4796 -0.7173 0.5054
vn 0.9823 0.1191 -0.1448
vn 0.3013 0.6932 -0.6548
vn 0.0450 0.2941 -0.9547
vn 0.2384 0.4251 0.8732
vn 0.3661 0.7981 0.4785
vn 0.4117 0.9037 -0.1177
vn -0.2194 -0.1606 -0.9623
vn -0.4219 -0.5765 -0.6997
vn 0.1533 -0.0318 0.9877
vn -0.2199 -0.5237 0.8230
vn -0.5021 -0.8572 0.1143
vn -0.5160 -0.8031 -0.2979
vn -0.4028 -0.7730 0.4902
vn -0.3971 -0.8782 0.2666
vn -0.4509 -0.7228 -0.5237
vn 0.5195 -0.8515 0.0713
vn -0.4742 -0.8731 -0.1128
vn -0.2066 -0.7195 0.6630
vn -0.0231 -0.3376 0.9410
vn 0.1075 0.1676 0.9800
vn -0.3158 -0.4053 -0.8579
vn -0.0814 0.0750 -0.9939
vn 0.4119 0.8913 0.1894
vn 0.3888 0.8245 -0.4111
vn 0.2896 0.6330 0.7180
vn 0.1810 0.4969 -0.8487
vn 0.5304 -0.8279 -0.1826
vn 0.2123 0.5257 -0.8238
vn 0.3081 0.7098 0.6335
vn 0.3934 0.8154 -0.4247
vn 0.4372 0.8947 0.0918
vn -0.0369 0.1001 -0.9943
vn -0.3208 -0.4273 -0.8453
vn 0.0337 0.2534 0.9668
vn -0.2562 -0.2865 0.9232
vn -0.4193 -0.5914 0.6888
vn -0.5432 -0.8375 -0.0595
vn -0.4797 -0.7299 -0.4870
vn -0.5240 -0.7915 0.3147
vn -0.2012 -0.1646 -0.9656
vn -0.4247 -0.5983 -0.6795
vn 0.1724 0.4977 0.8501
vn 0.3892 0.8307 0.3981
vn 0.0766 0.3191 -0.9446
vn -0.3481 -0.4463 0.8244
vn -0.1408 -0.0553 0.9885
vn 0.4309 0.8838 -0.1822
vn 0.3103 0.6971 -0.6463
vn -0.4874 -0.7163 0.4995
vn -0.5282 -0.8054 -0.2690
vn -0.5412 -0.8297 0.1366
vn 0.5062 -0.8612 -0.0453
vn 0.2240 0.5268 -0.8199
vn 0.3245 0.7306 0.6008
vn 0.3962 0.8162 -0.4206
vn 0.4381 0.8959 0.0730
vn -0.0203 0.0883 -0.9959
vn -0.3070 -0.4414 -0.8431
vn 0.0598 0.2712 0.9607
vn -0.2441 -0.2818 0.9279
vn -0.4115 -0.5875 0.6968
vn -0.5387 -0.8397 -0.0686
vn -0.4687 -0.7321 -0.4944
vn -0.5212 -0.7929 0.3159
vn -0.3361 -0.4437 0.8308
vn -0.1193 -0.0393 0.9921
vn 0.3256 0.7007 -0.6348
vn 0.1014 0.3215 -0.9414
vn -0.4838 -0.7157 0.5037
vn 0.1992 0.5286 0.8252
vn 0.3988 0.8435 0.3600
vn -0.5414 -0.8302 0.1327
vn 0.4344 0.8810 -0.1874
vn -0.4054 -0.6111 -0.6798
vn -0.5198 -0.8084 -0.2762
vn -0.1748 -0.1779 -0.9684
vn 0.5745 -0.7979 0.1825
vn 0.2276 0.5206 -0.8229
vn 0.3440 0.7391 0.5791
vn 0.3958 0.8201 -0.4134
vn 0.4404 0.8953 0.0672
vn -0.0125 0.0698 -0.9975
vn -0.2976 -0.4505 -0.8418
vn 0.0848 0.2856 0.9546
vn -0.2317 -0.2747 0.9332
vn -0.4060 -0.5838 0.7030
vn -0.5369 -0.8400 -0.0782
vn -0.4628 -0.7309 -0.5016
vn -0.5201 -0.7937 0.3157
vn 0.4057 0.8507 0.3342
vn 0.4329 0.8814 -0.1889
vn -0.5378 -0.8334 0.1273
vn -0.4784 -0.7149 0.5100
vn 0.1075 0.3112 -0.9443
vn -0.1661 -0.1943 -0.9668
vn -0.3976 -0.6149 -0.6810
vn -0.0988 -0.0283 0.9947
vn 0.2199 0.5427 0.8106
vn -0.5137 -0.8084 -0.2874
vn -0.3276 -0.4407 0.8357
vn 0.3270 0.7035 -0.6310
vn 0.6494 -0.7232 0.2351
vn 0.2376 0.5046 -0.8300
vn 0.3726 0.7345 0.5672
vn 0.4060 0.8179 -0.4077
vn 0.4509 0.8897 0.0719
vn 0.0013 0.0383 -0.9993
vn -0.2725 -0.4670 -0.8412
vn 0.1181 0.3058 0.9447
vn -0.2206 -0.2707 0.9370
vn -0.3961 -0.5844 0.7082
vn -0.5278 -0.8449 -0.0868
vn -0.4435 -0.7377 -0.5091
vn -0.5147 -0.7969 0.3164
vn -0.5081 -0.8086 -0.2967
vn -0.3190 -0.4366 0.8412
vn -0.0770 -0.0085 0.9970
vn 0.3332 0.7030 -0.6283
vn 0.1171 0.2927 -0.9490
vn -0.4759 -0.7132 0.5147
vn 0.2507 0.5528 0.7947
vn 0.4203 0.8490 0.3203
vn -0.5378 -0.8342 0.1221
vn 0.4355 0.8819 -0.1807
vn -0.3835 -0.6193 -0.6851
vn -0.1499 -0.2124 -0.9656
vn 0.7888 -0.5777 0.2100
vn 0.0433 0.5586 -0.8283
vn 0.1706 0.8087 0.5629
vn 0.1783 0.8944 -0.4102
vn 0.2134 0.9753 0.0578
vn -0.1747 0.0683 -0.9823
vn -0.4361 -0.3906 -0.8107
vn -0.0348 0.3666 0.9297
vn -0.3432 -0.2234 0.9123
vn -0.5155 -0.5188 0.6820
vn -0.6548 -0.7504 -0.0897
vn -0.5985 -0.6339 -0.4899
vn -0.6274 -0.7185 0.3001
vn -0.3580 -0.6331 -0.6864
vn -0.4891 -0.8172 -0.3049
vn 0.4383 0.8360 0.3300
vn 0.4482 0.8762 -0.1774
vn -0.5270 -0.8418 0.1168
vn -0.4658 -0.7187 0.5162
vn 0.1176 0.2542 -0.9600
vn -0.1351 -0.2513 -0.9584
vn -0.0627 -0.0048 0.9980
vn 0.2810 0.5476 0.7882
vn -0.3123 -0.4467 0.8384
vn 0.3449 0.6880 -0.6385
vn 0.5925 -0.7512 -0.2910
vn -0.2048 0.6043 -0.7700
vn -0.1083 0.8402 0.5313
vn -0.0701 0.9167 -0.3935
vn -0.0405 0.9976 0.0555
vn -0.3997 0.1729 -0.9002
vn -0.6233 -0.2279 -0.7480
vn -0.2839 0.4369 0.8536
vn -0.5284 -0.0746 0.8457
vn -0.6929 -0.3496 0.6306
vn -0.8278 -0.5578 -0.0599
vn -0.7787 -0.4574 -0.4294
vn -0.7987 -0.5301 0.2849
vn -0.6885 -0.3897 -0.6116
vn -0.7817 -0.5682 -0.2571
vn -0.0441 0.9574 0.2852
vn -0.0449 0.9825 -0.1810
vn -0.7772 -0.6199 0.1084
vn -0.7116 -0.5253 0.4666
vn -0.2512 0.3826 -0.8891
vn -0.4801 -0.0735 -0.8742
vn -0.3525 0.1275 0.9271
vn -0.1301 0.6736 0.7275
vn -0.5657 -0.2767 0.7768
vn -0.0982 0.8034 -0.5873
vn 0.7051 -0.6284 -0.3286
vn -0.0911 0.5536 -0.8278
vn 0.0241 0.8153 0.5785
vn 0.0981 0.8943 -0.4366
vn 0.1341 0.9882 0.0735
vn -0.3358 0.1201 -0.9342
vn -0.5648 -0.2771 -0.7773
vn -0.2125 0.3901 0.8959
vn -0.4870 -0.0995 0.8677
vn -0.6604 -0.3714 0.6526
vn -0.7983 -0.5992 -0.0607
vn -0.7261 -0.5132 -0.4576
vn -0.7773 -0.5532 0.2997
vn -0.4272 0.1675 0.8885
vn -0.1780 0.6585 0.7312
vn -0.8225 -0.5158 -0.2395
vn -0.6269 -0.2011 0.7527
vn -0.0909 0.7840 -0.6141
vn -0.2984 0.3763 -0.8771
vn -0.7750 -0.4357 0.4578
vn -0.0229 0.9485 0.3161
vn -0.8361 -0.5356 0.1181
vn 0.0071 0.9827 -0.1849
vn -0.7057 -0.3564 -0.6123
vn -0.5184 -0.0447 -0.8540
vn 0.9235 -0.3812 -0.0423
vn 0.1854 0.4161 -0.8902
vn 0.3545 0.6877 0.6336
vn 0.4110 0.7757 -0.4789
vn 0.4716 0.8780 0.0823
vn -0.1024 -0.0294 -0.9943
vn -0.3637 -0.4396 -0.8212
vn 0.0659 0.2300 0.9710
vn -0.2522 -0.2703 0.9292
vn -0.4417 -0.5572 0.7031
vn -0.6025 -0.7949 -0.0712
vn -0.5266 -0.6915 -0.4944
vn -0.5746 -0.7535 0.3196
vn -0.5622 -0.4921 -0.6647
vn -0.6939 -0.6679 -0.2692
vn 0.2608 0.8959 0.3596
vn 0.2959 0.9326 -0.2069
vn -0.7177 -0.6847 0.1264
vn -0.6499 -0.5716 0.5009
vn -0.0915 0.2674 -0.9592
vn -0.3600 -0.1671 -0.9179
vn -0.2461 0.0495 0.9680
vn 0.0646 0.5684 0.8202
vn 0.4555 -0.8678 0.1986
vn -0.4798 -0.3250 0.8149
vn 0.1710 0.7027 -0.6906
vn 0.9006 -0.4015 -0.1664
vn 0.4677 0.1986 -0.8613
vn 0.6658 0.4385 0.6037
vn 0.7059 0.5370 -0.4618
vn 0.7732 0.6295 0.0763
vn 0.1616 -0.2235 -0.9612
vn -0.1096 -0.6071 -0.7870
vn 0.3817 0.0066 0.9242
vn 0.0530 -0.4724 0.8798
vn -0.1135 -0.7439 0.6585
vn -0.2996 -0.9521 -0.0613
vn -0.2561 -0.8454 -0.4687
vn -0.2466 -0.9210 0.3015
vn -0.1163 -0.3407 -0.9329
vn -0.3239 -0.6663 -0.6717
vn 0.0490 -0.1467 0.9880
vn 0.3910 0.3733 0.8413
vn -0.4388 -0.8548 -0.2771
vn 0.4062 -0.9127 0.0451
vn -0.1945 -0.5251 0.8286
vn 0.4666 0.5269 -0.7104
vn 0.1753 0.0943 -0.9800
vn -0.3607 -0.7814 0.5092
vn 0.6016 0.7075 0.3708
vn -0.4452 -0.8863 0.1272
vn 0.6198 0.7547 -0.2151
vn 0.8892 -0.4466 0.0995
vn 0.7144 -0.0885 -0.6942
vn 0.8758 0.1104 0.4698
vn 0.9134 0.1771 -0.3664
vn 0.9651 0.2575 0.0483
vn 0.4211 -0.4276 -0.7999
vn 0.1611 -0.7269 -0.6676
vn 0.6322 -0.2337 0.7387
vn 0.3138 -0.6301 0.7103
vn 0.1634 -0.8308 0.5321
vn -0.0053 -0.9992 -0.0384
vn 0.0255 -0.9211 -0.3884
vn 0.0466 -0.9660 0.2544
vn 0.5891 -0.6883 -0.4232
vn -0.1323 -0.9838 0.1213
vn 0.8742 0.4441 -0.1965
vn 0.7377 0.2433 -0.6298
vn -0.0648 -0.7929 -0.6059
vn -0.1515 -0.9597 -0.2366
vn 0.8558 0.4037 0.3235
vn -0.0377 -0.8958 0.4428
vn 0.4418 -0.1357 -0.8868
vn 0.1424 -0.5133 -0.8463
vn 0.3385 -0.3539 0.8719
vn 0.6691 0.1067 0.7355
vn 0.1024 -0.6885 0.7180
vn 0.8236 -0.4982 -0.2710
vn 0.8261 -0.3441 -0.4463
vn 0.9381 -0.2171 0.2698
vn 0.9548 -0.1706 -0.2435
vn 0.9932 -0.1161 0.0023
vn 0.6190 -0.5663 -0.5442
vn 0.4236 -0.7707 -0.4760
vn 0.7678 -0.4527 0.4533
vn 0.5273 -0.7122 0.4635
vn 0.4014 -0.8410 0.3628
vn 0.2817 -0.9590 -0.0318
vn 0.3168 -0.9066 -0.2789
vn 0.3108 -0.9346 0.1730
vn 0.4122 -0.6445 -0.6440
vn 0.2312 -0.8512 -0.4712
vn 0.5688 -0.5352 0.6245
vn 0.8419 -0.1928 0.5041
vn 0.1524 -0.9726 -0.1758
vn 0.5421 -0.7782 0.3170
vn 0.3493 -0.7717 0.5315
vn 0.8942 -0.1052 -0.4352
vn 0.6662 -0.3784 -0.6427
vn 0.2293 -0.9129 0.3377
vn 0.9780 0.0198 0.2075
vn 0.1559 -0.9829 0.0978
vn 0.9880 0.0389 -0.1496
vn 0.6446 -0.7646 -0.0031
vn 0.6492 -0.7517 -0.1162
vn 0.6380 -0.7680 -0.0549
vn 0.6710 -0.7397 0.0514
vn 0.7072 -0.7029 0.0756
vn 0.7766 -0.6273 0.0580
vn 0.6801 -0.7141 -0.1659
vn 0.7362 -0.6517 -0.1827
vn 0.8405 -0.5386 -0.0587
vn 0.8307 -0.5459 -0.1093
vn 0.8238 -0.5669 0.0022
vn 0.7947 -0.5870 -0.1547
vn 0.6178 -0.7631 -0.1898
vn 0.5877 -0.8033 -0.0962
vn 0.6540 -0.7443 0.1352
vn 0.7312 -0.6661 0.1471
vn 0.8775 -0.4690 -0.0999
vn 0.8439 -0.5085 -0.1710
vn 0.7674 -0.5968 -0.2343
vn 0.6813 -0.6908 -0.2422
vn 0.5829 -0.8125 -0.0103
vn 0.8259 -0.5567 0.0888
vn 0.8739 -0.4861 -0.0023
vn 0.6080 -0.7908 0.0708
vn 0.7039 -0.7099 -0.0243
vn 0.7176 -0.6964 -0.0033
vn 0.7776 -0.6282 -0.0257
vn 0.7911 -0.6094 -0.0528
vn 0.6963 -0.7163 -0.0469
vn 0.7601 -0.6405 -0.1094
vn 0.7279 -0.6761 -0.1143
vn 0.7453 -0.6667 -0.0016
vn 0.7852 -0.6129 -0.0882
vn 0.7068 -0.7010 -0.0955
vn 0.6985 -0.7123 -0.0685
vn 0.7933 -0.6045 -0.0720
vn 0.1206 0.1096 0.9866
vn 0.3588 0.1223 0.9254
vn 0.6512 0.1261 0.7484
vn 0.8962 0.1063 0.4307
vn 0.9616 0.0594 -0.2679
vn 0.7457 0.2294 -0.6255
vn 0.3993 0.2876 -0.8705
vn -0.1095 0.1257 -0.9860
vn 0.8996 0.1103 -0.4225
vn 0.9694 0.0697 0.2356
vn 0.9983 0.0585 -0.0058
vn 0.2261 0.2550 -0.9401
vn -0.0000 0.0794 -0.9968
vn 0.5556 0.2507 -0.7927
vn 0.8203 0.1440 -0.5535
vn -0.0000 0.2000 0.9798
vn 0.2225 0.2063 0.9529
vn 0.4626 0.2122 0.8608
vn 0.7791 0.1927 0.5966
vn 0.9249 0.1338 0.3558
vn 0.9873 0.0956 0.1273
vn 0.9870 0.0771 -0.1407
vn 0.9234 0.0775 -0.3759
vn 0.1261 -0.1461 0.9812
vn 0.3848 -0.1040 0.9171
vn 0.6857 -0.0634 0.7251
vn 0.9141 -0.0189 0.4050
vn 0.9728 0.0600 -0.2239
vn 0.7987 0.2151 -0.5619
vn 0.4266 0.2390 -0.8723
vn -0.3279 0.0440 -0.9437
vn 0.9325 0.1322 -0.3362
vn 0.9794 0.0192 0.2012
vn 0.9990 0.0425 -0.0153
vn 0.8226 0.0396 0.5672
vn 0.9479 0.0391 0.3163
vn 0.9939 0.0399 0.1027
vn 0.9900 0.0452 -0.1338
vn -0.0000 -0.0071 1.0000
vn 0.2475 0.0042 0.9689
vn 0.2238 0.2656 -0.9377
vn 0.0605 0.2451 -0.9676
vn 0.9437 0.0782 -0.3215
vn 0.5153 0.0259 0.8566
vn 0.8695 0.1773 -0.4610
vn 0.6087 0.2661 -0.7474
vn 0.1163 -0.7355 0.6675
vn 0.2949 -0.6294 0.7189
vn 0.5593 -0.5141 0.6503
vn 0.8078 -0.2465 0.5354
vn 0.9922 0.0521 -0.1132
vn 0.8722 -0.1183 -0.4745
vn 0.4826 -0.4182 -0.7695
vn -0.4336 -0.7326 -0.5246
vn 0.9701 0.0003 -0.2426
vn 0.9539 0.0005 0.3001
vn 0.9987 0.0476 0.0179
vn 0.2151 -0.5138 -0.8305
vn -0.0000 -0.0906 -0.9959
vn 0.9976 0.0470 -0.0509
vn 0.9636 0.1004 -0.2478
vn 0.2294 -0.7098 0.6660
vn 0.5305 -0.2024 0.8232
vn 0.9033 0.1679 -0.3947
vn 0.6579 0.1881 -0.7292
vn 0.8318 -0.1270 0.5403
vn 0.9000 -0.1138 0.4209
vn 0.9968 0.0412 0.0687
vn -0.0000 -0.7545 0.6563
vn 0.2264 -0.0697 -0.9715
vn -0.0000 -0.5834 -0.8122
vn 0.9936 0.0456 -0.1031
vn 0.9840 0.0545 -0.1699
vn 0.2388 -0.5450 0.8037
vn 0.4883 -0.5766 0.6551
vn 0.9375 0.0584 -0.3430
vn 0.7220 -0.0499 -0.6901
vn 0.7788 -0.3893 0.4918
vn 0.9484 -0.1183 0.2943
vn 0.9990 0.0052 0.0439
vn -0.0000 -0.5765 0.8171
vn 0.1240 -0.6456 0.7536
vn 0.9988 0.0234 -0.0422
vn 0.8854 -0.2522 0.3905
vn 0.4902 -0.0733 -0.8685
vn 0.9850 -0.0371 0.1687
vn 0.6511 -0.4483 0.6124
vn 0.8582 0.0657 -0.5092
vn 0.9660 0.0860 -0.2436
vn 0.3628 -0.5839 0.7262
vn 0.9891 0.0479 -0.1395
vn -0.4493 -0.3667 -0.8147
vn -0.0475 -0.9316 0.3603
vn -0.0000 -0.9033 0.4289
vn 0.1138 -0.6845 0.7201
vn -0.1462 -0.9888 0.0304
vn -0.0000 -0.9801 0.1986
vn -0.2192 -0.9374 0.2708
vn -0.2306 -0.9142 -0.3333
vn -0.0000 -0.9861 -0.1661
vn -0.2958 -0.9431 -0.1519
vn 0.2336 -0.2993 -0.9251
vn 0.9964 0.0322 -0.0790
vn 0.2407 -0.6778 0.6947
vn 0.9327 -0.1317 0.3357
vn -0.0000 -0.7044 0.7098
vn -0.0000 -0.7573 -0.6531
vn 0.9848 0.0394 -0.1694
vn 0.4523 -0.6133 0.6475
vn 0.9433 -0.0100 -0.3317
vn 0.7278 -0.1849 -0.6603
vn 0.7360 -0.4155 0.5345
vn 0.9958 0.0252 0.0882
vn 0.1303 -0.7301 0.6708
vn 0.9995 0.0284 -0.0155
vn 0.8563 -0.2674 0.4418
vn 0.5019 -0.2690 -0.8220
vn 0.9742 -0.0257 0.2240
vn 0.6164 -0.5235 0.5882
vn 0.8731 -0.0180 -0.4872
vn 0.9725 0.0386 -0.2296
vn 0.3533 -0.6644 0.6586
vn 0.9922 0.0453 -0.1164
vn -0.4573 -0.5712 -0.6816
vn -0.0000 -0.3223 -0.9466
vn 0.9765 0.0862 -0.1975
vn 0.5111 -0.4395 0.7387
vn 0.9245 0.1150 -0.3634
vn 0.6982 0.0720 -0.7123
vn 0.8111 -0.2976 0.5034
vn 0.9991 0.0271 0.0338
vn 0.2202 0.1341 -0.9662
vn 0.9913 0.0591 -0.1177
vn 0.2489 -0.2815 0.9267
vn 0.9540 -0.0383 0.2972
vn -0.0000 -0.3167 0.9485
vn -0.4227 -0.1490 -0.8939
vn 0.9818 0.0727 -0.1754
vn 0.3781 -0.3823 0.8432
vn 0.9522 0.1317 -0.2757
vn 0.8366 0.1430 -0.5288
vn 0.6819 -0.2732 0.6785
vn 0.9852 -0.0043 0.1713
vn 0.4660 0.0992 -0.8792
vn 0.9087 -0.1505 0.3893
vn 0.9980 0.0524 -0.0358
vn 0.1228 -0.4567 0.8811
vn 0.0789 0.1686 -0.9825
vn -0.0000 0.1239 -0.9923
vn 0.0070 0.1299 -0.9915
vn -0.0173 0.1879 -0.9820
vn -0.0039 0.1769 -0.9842
vn -0.0828 -0.6655 -0.7418
vn -0.0402 -0.2698 -0.9621
vn -0.0316 -0.5280 -0.8487
vn -0.0327 -0.0469 -0.9984
vn -0.2424 0.0108 -0.9701
vn -0.2772 -0.4482 -0.8499
vn -0.2720 -0.2162 -0.9377
vn -0.2708 -0.6709 -0.6903
vn -0.1356 0.1798 -0.9743
vn -0.0000 -0.8584 -0.5129
vn -0.3610 -0.8321 -0.4211
vn -0.0908 -0.1115 0.9896
vn 0.3201 -0.0725 0.9446
vn 0.6898 0.0166 0.7238
vn 0.9845 0.0221 -0.1740
vn 0.7880 -0.2193 -0.5753
vn 0.4266 -0.4151 -0.8035
vn 0.9313 -0.0539 -0.3602
vn 0.9148 0.0357 0.4024
vn 0.9975 0.0315 0.0639
vn -0.3300 -0.0891 0.9398
vn -0.9600 -0.0768 0.2693
vn -0.9851 -0.1484 -0.0866
vn -0.1381 -0.5155 -0.8457
vn -0.8205 -0.3941 -0.4140
vn 0.9126 -0.1290 -0.3880
vn 0.7124 -0.3292 -0.6198
vn -0.4338 -0.6048 -0.6679
vn -0.4747 -0.8381 -0.2688
vn 0.1876 -0.5943 -0.7820
vn -0.9721 -0.2190 0.0835
vn -0.4222 -0.7378 0.5268
vn 0.9693 0.0068 -0.2459
vn -0.1769 -0.2110 0.9613
vn 0.3226 -0.4906 0.8095
vn 0.8101 0.0147 0.5861
vn 0.9904 0.0456 0.1307
vn 0.6785 -0.3288 0.6569
vn 0.9975 0.0606 -0.0358
vn -0.0997 0.5937 0.7985
vn 0.3087 0.5775 0.7558
vn 0.7409 0.2326 0.6301
vn 0.9730 -0.0119 -0.2304
vn 0.4586 -0.0071 -0.8886
vn 0.0541 -0.0012 -0.9985
vn 0.8440 -0.0130 -0.5363
vn 0.8705 0.0582 0.4887
vn 0.9878 0.0009 0.1558
vn -0.4207 0.4547 0.7850
vn -0.9766 -0.0002 0.2150
vn -0.9859 -0.0073 -0.1673
vn -0.3520 -0.0004 -0.9360
vn -0.7847 0.0007 -0.6199
vn 0.6962 -0.0182 -0.7176
vn 0.5442 -0.2813 -0.7904
vn -0.1354 -0.0042 -0.9908
vn -0.5282 -0.4311 -0.7315
vn -0.9521 -0.1637 -0.2582
vn 0.9215 -0.0219 -0.3878
vn 0.7706 0.0524 0.6351
vn 0.9745 0.0213 0.2233
vn -0.1670 0.2026 0.9649
vn 0.0505 -0.0389 0.9980
vn 0.9986 0.0191 -0.0500
vn 0.5310 0.0158 0.8473
vn -0.9176 -0.0030 0.3976
vn -0.9996 -0.0116 0.0242
vn 0.9364 -0.0807 -0.3416
vn 0.6737 -0.3722 -0.6385
vn -0.3086 -0.7431 -0.5937
vn -0.8771 -0.4347 -0.2041
vn 0.2022 -0.5517 -0.8092
vn -0.5863 -0.8063 0.0781
vn -0.8542 -0.1870 0.4852
vn 0.9800 0.0285 -0.1971
vn 0.0890 -0.5334 0.8412
vn 0.1213 -0.2132 0.9694
vn 0.8527 -0.0627 0.5186
vn 0.9859 0.0434 0.1618
vn 0.5985 -0.1001 0.7949
vn 0.9981 0.0484 -0.0370
vn 0.9901 0.0521 -0.1305
vn -0.1995 -0.3593 0.9116
vn 0.7502 -0.1164 0.6509
vn 0.9975 0.0591 0.0387
vn -0.1032 -0.6408 -0.7608
vn -0.8200 -0.5650 -0.0919
vn 0.4311 -0.2938 0.8531
vn 0.9330 0.0340 0.3583
vn 0.0393 -0.3568 0.9333
vn 0.9592 -0.0377 -0.2801
vn -0.8460 -0.4273 0.3188
vn 0.4805 -0.5268 -0.7011
vn -0.5412 -0.7351 -0.4084
vn 0.8493 -0.2268 -0.4767
vn 0.8408 -0.1136 -0.5292
vn 0.7207 -0.0422 -0.6920
vn 0.6837 -0.0156 -0.7296
vn 0.6849 -0.0119 -0.7285
vn 0.2584 -0.0085 -0.9660
vn 0.2546 -0.0125 -0.9670
vn 0.2518 -0.0307 -0.9673
vn 0.3223 -0.1110 -0.9401
vn 0.1356 -0.4273 -0.8939
vn -0.0540 -0.1654 -0.9847
vn -0.1225 -0.0316 -0.9920
vn -0.1266 -0.0092 -0.9919
vn -0.5699 0.0027 -0.8217
vn -0.5642 -0.0012 -0.8256
vn -0.5624 -0.0207 -0.8266
vn -0.5566 -0.1437 -0.8183
vn -0.9145 0.0095 -0.4045
vn -0.9096 0.0118 -0.4152
vn -0.9091 0.0045 -0.4165
vn -0.9251 -0.0298 -0.3786
vn 0.9401 -0.0062 -0.3408
vn 0.9101 -0.0085 -0.4144
vn 0.9084 -0.0105 -0.4179
vn 0.9130 -0.0121 -0.4077
vn 0.7784 0.0407 0.6264
vn 0.7672 0.0160 0.6412
vn 0.7711 -0.0011 0.6367
vn 0.7780 -0.0078 0.6282
vn 0.9426 -0.0149 0.3335
vn 0.9477 -0.0141 0.3189
vn 0.9533 -0.0114 0.3019
vn 0.9607 -0.0003 0.2777
vn -0.2074 -0.0302 0.9778
vn -0.1726 -0.0033 0.9850
vn -0.1453 -0.0066 0.9894
vn -0.1239 -0.0070 0.9923
vn 0.1430 -0.0177 0.9896
vn 0.1383 -0.0100 0.9903
vn 0.1124 -0.0083 0.9936
vn 0.0773 -0.0020 0.9970
vn 0.9993 -0.0152 -0.0327
vn 0.9991 -0.0138 -0.0408
vn 0.9987 -0.0116 -0.0498
vn 0.9985 -0.0046 -0.0554
vn 0.5459 -0.0181 0.8376
vn 0.5499 -0.0028 0.8352
vn 0.5370 0.0058 0.8436
vn 0.5219 0.0175 0.8528
vn -0.8955 -0.0302 0.4440
vn -0.9196 -0.0000 0.3928
vn -0.9309 0.0079 0.3651
vn -0.9299 0.0081 0.3678
vn -0.9982 -0.0410 0.0430
vn -0.9999 0.0103 -0.0000
vn -0.9997 0.0152 -0.0189
vn -0.9998 0.0122 -0.0148
vn -0.9873 -0.0322 -0.1555
vn -0.9798 0.0151 -0.1996
vn -0.9780 0.0125 -0.2081
vn -0.9800 0.0120 -0.1987
vn 0.9719 0.0036 -0.2354
vn 0.9677 -0.0106 -0.2518
vn 0.9688 -0.0125 -0.2477
vn 0.9713 -0.0143 -0.2375
vn -0.9742 -0.0094 0.2253
vn -0.9831 0.0124 0.1826
vn -0.9844 0.0118 0.1757
vn -0.9830 0.0069 0.1837
vn 0.6630 0.0321 0.7479
vn 0.6673 0.0109 0.7447
vn 0.6825 0.0012 0.7309
vn 0.6886 -0.0085 0.7251
vn -0.3207 -0.0065 0.9472
vn -0.2986 -0.0059 0.9544
vn -0.2771 -0.0054 0.9608
vn -0.2610 -0.0072 0.9653
vn 0.2870 0.0034 0.9579
vn 0.3052 0.0031 0.9523
vn 0.3330 -0.0052 0.9429
vn 0.3405 -0.0102 0.9402
vn 0.9946 0.0092 0.1029
vn 0.9919 -0.0096 0.1264
vn 0.9898 -0.0129 0.1420
vn 0.9880 -0.0144 0.1541
vn -0.0780 -0.0095 0.9969
vn -0.0419 -0.0051 0.9991
vn -0.0124 -0.0089 0.9999
vn 0.0039 -0.0109 0.9999
vn 0.8902 0.0210 0.4550
vn 0.8776 -0.0027 0.4794
vn 0.8732 -0.0108 0.4873
vn 0.8683 -0.0135 0.4958
vn 0.8644 -0.0344 -0.5016
vn 0.8283 -0.0107 -0.5601
vn 0.8295 -0.0108 -0.5584
vn 0.8366 -0.0106 -0.5478
vn -0.8102 -0.2040 -0.5495
vn -0.7745 -0.0236 -0.6322
vn -0.7668 -0.0005 -0.6419
vn -0.7721 0.0091 -0.6354
vn 0.2473 -0.2703 -0.9305
vn 0.0824 -0.0584 -0.9949
vn 0.0684 -0.0192 -0.9975
vn 0.0714 -0.0084 -0.9974
vn -0.2080 -0.3427 -0.9161
vn -0.3281 -0.0597 -0.9428
vn -0.3379 -0.0156 -0.9411
vn -0.3421 -0.0036 -0.9397
vn 0.6230 -0.1452 -0.7686
vn 0.4808 -0.0354 -0.8761
vn 0.4632 -0.0191 -0.8860
vn 0.4696 -0.0091 -0.8828
vn -0.4818 0.3276 0.8127
vn 0.2615 0.3208 0.9103
vn 0.5480 0.7169 0.4309
vn 0.9358 -0.2651 -0.2324
vn 0.4139 -0.3385 -0.8451
vn 0.0312 -0.3318 -0.9428
vn 0.7841 -0.3110 -0.5371
vn 0.9895 -0.0965 0.1079
vn 0.9810 -0.1940 0.0058
vn -0.9918 -0.1247 0.0292
vn -0.9331 -0.2679 -0.2401
vn -0.3343 -0.3480 -0.8759
vn -0.7072 -0.3476 -0.6156
vn 0.9991 0.0062 -0.0428
vn -0.1431 0.0001 -0.9897
vn -0.5732 0.0027 -0.8194
vn 0.6824 -0.0022 -0.7309
vn -0.9204 0.0010 -0.3909
vn -0.9408 0.0623 0.3331
vn 0.0524 0.8370 0.5447
vn 0.5052 0.7647 0.4000
vn -0.3339 0.7699 0.5439
vn -0.1749 0.8838 0.4339
vn 0.2332 0.8804 0.4130
vn -0.1131 0.6117 0.7830
vn 0.9913 0.0040 0.1314
vn 0.9655 0.0915 0.2440
vn 0.8301 0.1764 0.5290
vn -0.9116 0.3794 0.1582
vn -0.9787 0.1099 0.1732
vn -0.9960 0.0147 0.0882
vn 0.9523 0.0509 0.3010
vn 0.9751 0.1000 0.1978
vn 0.9975 0.0209 -0.0672
vn 0.2284 0.0041 -0.9736
vn 0.2110 -0.0167 -0.9774
vn -0.1531 -0.0243 -0.9879
vn -0.5622 -0.0255 -0.8266
vn 0.9189 0.0028 -0.3946
vn 0.9132 0.0024 -0.4075
vn 0.6622 -0.0140 -0.7492
vn -0.9101 -0.0091 -0.4143
vn -0.9998 0.0038 0.0184
vn -0.9993 0.0311 -0.0188
vn -0.9684 0.1448 0.2033
vn 0.8372 0.2040 0.5075
vn 0.9141 0.2779 0.2952
vn -0.9823 0.0074 -0.1874
vn -0.9752 -0.0169 -0.2209
vn 0.4368 0.0027 -0.8995
vn 0.4247 -0.0698 -0.9026
vn 0.9212 0.1610 0.3542
vn 0.9695 0.1425 0.1994
vn -0.9849 0.0490 0.1659
vn -0.9930 0.0771 0.0893
vn 0.9711 0.0150 -0.2380
vn 0.9687 -0.0301 -0.2466
vn -0.7731 0.0002 -0.6343
vn -0.7597 -0.0684 -0.6466
vn 0.8304 0.0068 -0.5571
vn 0.8195 -0.0536 -0.5705
vn -0.3500 -0.0066 -0.9367
vn -0.3498 -0.0736 -0.9339
vn 0.0377 0.0003 -0.9993
vn 0.0269 -0.0695 -0.9972
vn 0.9925 0.0415 0.1152
vn 0.9984 0.0208 0.0532
vn 0.8396 0.3845 0.3837
vn 0.7992 0.5516 0.2387
vn 0.6971 0.6660 0.2654
vn 0.7671 0.4760 0.4300
vn 0.9301 0.3030 0.2076
vn 0.8891 0.4016 0.2197
vn 0.8568 0.4565 0.2399
vn 0.8167 0.5292 0.2302
vn -0.0230 0.8773 0.4793
vn -0.4982 0.7744 0.3901
vn 0.2310 0.7531 0.6160
vn -0.3444 0.7408 0.5767
vn 0.7719 0.5098 0.3798
vn -0.6200 0.7004 0.3537
vn -0.9612 0.2312 0.1502
vn -0.8802 0.2045 0.4283
vn -0.7798 0.5420 0.3133
vn -0.0000 -0.8217 0.5699
vn -0.0622 -0.8529 0.5184
vn -0.7844 -0.0811 0.6149
vn -0.8627 0.0660 0.5013
vn -0.6347 -0.3926 0.6655
vn -0.8193 -0.0111 0.5732
vn -0.8445 0.0013 0.5356
vn -0.8490 0.0050 0.5284
vn -0.8446 0.0031 0.5354
vn -0.9279 0.1956 0.3173
vn -0.8513 0.2341 0.4696
vn -0.7400 0.0025 0.6726
vn -0.7447 -0.0002 0.6675
vn -0.7330 -0.0048 0.6803
vn -0.7048 -0.0279 0.7089
vn -0.2521 -0.6526 0.7146
vn -0.7387 0.0439 0.6726
vn -0.6476 -0.1843 0.7393
vn 0.0299 -0.8514 0.5236
vn -0.9195 0.3283 0.2160
vn 0.0300 -0.7622 0.6467
vn -0.5795 -0.0824 0.8108
vn -0.7009 0.2295 0.6754
vn -0.4324 -0.3643 0.8248
vn -0.6046 -0.0094 0.7965
vn -0.6148 -0.0047 0.7887
vn -0.6098 -0.0016 0.7925
vn -0.5987 -0.0021 0.8010
vn -0.8437 0.4248 0.3281
vn -0.0000 -0.7608 0.6489
vn 0.0735 -0.7663 0.6382
vn -0.4262 -0.1902 0.8844
vn -0.4660 0.1272 0.8756
vn -0.0887 -0.5808 0.8092
vn -0.4671 -0.0264 0.8838
vn -0.4646 -0.0062 0.8855
vn -0.4544 -0.0055 0.8908
vn -0.4390 -0.0030 0.8985
vn -0.6871 0.5095 0.5179
vn -0.8166 0.5310 0.2263
vn -0.0987 -0.9900 0.1003
vn 0.1328 -0.9824 0.1314
vn 0.3317 -0.9414 -0.0609
vn 0.1069 -0.9814 -0.1595
vn -0.0132 -0.9931 -0.1164
vn 0.2504 -0.9603 -0.1229
vn 0.4283 -0.9036 -0.0105
vn 0.3877 -0.9215 -0.0234
vn -0.1491 -0.9888 -0.0076
vn -0.0908 -0.9955 -0.0252
vn 0.0066 -0.9975 -0.0709
vn -0.0077 -0.9978 -0.0653
vn 0.4411 -0.8974 0.0057
vn 0.4056 -0.9118 0.0639
vn 0.2725 -0.9531 0.1318
vn -0.2192 -0.9752 0.0315
vn -0.1969 -0.9804 0.0053
vn -0.1985 -0.9783 0.0587
vn 0.6964 -0.7173 0.0208
vn 0.9431 -0.3296 0.0434
vn -0.4930 -0.8699 0.0147
vn -0.9784 -0.1721 0.1144
vn -0.0294 -0.8831 0.4682
vn 0.6289 -0.0828 0.7731
vn 0.9034 -0.4194 -0.0891
vn -0.5537 -0.8162 0.1649
vn -0.7549 -0.0480 0.6541
vn 0.7065 -0.7045 0.0683
vn -0.3943 -0.9179 -0.0438
vn 0.6204 -0.7467 0.2400
vn -0.2594 -0.9559 -0.1377
vn 0.8090 -0.4800 -0.3393
vn -0.0352 -0.9592 -0.2804
vn -0.4611 -0.5761 -0.6749
vn 0.3112 -0.9062 -0.2861
vn 0.1971 -0.5432 -0.8161
vn 0.0366 -0.9853 -0.1668
vn 0.0136 -0.9912 -0.1318
vn 0.0643 -0.9979 -0.0093
vn -0.0012 -0.9996 -0.0287
vn -0.0505 -0.9983 -0.0285
vn 0.0554 -0.9982 -0.0225
vn 0.0536 -0.9985 -0.0084
vn 0.0643 -0.9979 0.0048
vn 0.0513 -0.9987 0.0013
vn 0.0380 -0.9992 0.0161
vn 0.0027 -0.9995 -0.0318
vn 0.0500 -0.9977 -0.0459
vn 0.0392 -0.9992 -0.0057
vn 0.0119 -0.9998 -0.0132
vn -0.0129 -0.9987 -0.0491
vn 0.0843 -0.9962 -0.0227
vn 0.0601 -0.9979 -0.0236
vn 0.1131 -0.9906 -0.0767
vn -0.0225 -0.9995 -0.0200
vn 0.0625 -0.9980 -0.0119
vn 0.1014 -0.9919 -0.0767
vn -0.0167 -0.9982 -0.0575
vn 0.0432 -0.9989 -0.0161
vn 0.1614 -0.9869 -0.0046
vn 0.1822 -0.9832 -0.0133
vn 0.1615 -0.9859 -0.0439
vn 0.1089 -0.9941 0.0018
vn 0.1866 -0.9824 -0.0114
vn 0.0700 -0.9959 -0.0564
vn 0.1799 -0.9835 -0.0170
vn 0.0271 -0.9928 -0.1167
vn 0.0341 -0.9901 -0.1358
vn 0.0224 -0.9995 -0.0233
vn 0.0466 -0.9983 -0.0339
vn 0.0250 -0.9997 0.0081
vn 0.0227 -0.9996 -0.0142
vn -0.0050 -0.9998 -0.0181
vn 0.0075 -1.0000 0.0049
vn -0.0019 -1.0000 -0.0015
vn 0.0073 -1.0000 -0.0053
vn -0.0086 -1.0000 -0.0032
vn 0.0113 -0.9999 0.0039
vn -0.0190 -0.9998 0.0073
vn 0.0052 -1.0000 0.0074
vn -0.0180 -0.9998 0.0053
vn 0.0028 -1.0000 -0.0060
vn -0.0292 -0.9994 -0.0196
vn -0.0091 -0.9993 -0.0352
vn -0.0107 -0.9999 0.0101
vn -0.0092 -1.0000 -0.0004
vn -0.0110 -0.9999 -0.0083
vn -0.0091 -0.9999 -0.0092
vn -0.0201 -0.9998 -0.0021
vn -0.0139 -0.9999 0.0031
vn -0.0241 -0.9996 0.0135
vn -0.0085 -0.9998 0.0153
vn -0.0171 -0.9997 -0.0161
vn -0.0311 -0.9979 -0.0560
vn 0.0303 -0.9995 0.0010
vn 0.0204 -0.9997 -0.0121
vn 0.0118 -0.9999 -0.0087
vn 0.0116 -0.9998 0.0188
vn 0.0001 -0.9996 -0.0286
vn 0.9651 -0.2466 0.0880
vn 0.6502 -0.7597 -0.0038
vn -0.9630 -0.2650 0.0489
vn -0.5485 -0.8329 0.0736
vn -0.1291 -0.0583 0.9899
vn 0.3880 -0.8304 0.3998
vn 0.5748 -0.8165 -0.0550
vn -0.9514 -0.0967 0.2924
vn -0.4233 -0.8421 0.3341
vn 0.9756 -0.1694 0.1395
vn -0.9017 -0.4229 -0.0895
vn 0.9197 -0.1065 0.3778
vn -0.7530 -0.5382 -0.3786
vn 0.4765 -0.8637 -0.1641
vn -0.1324 -0.5581 -0.8191
vn -0.1229 -0.9643 -0.2347
vn 0.5727 -0.5333 -0.6226
vn 0.0966 -0.9385 -0.3316
vn -0.4288 -0.5239 0.7360
vn -0.8537 -0.4929 0.1685
vn 0.5865 -0.7216 -0.3680
vn 0.0297 -0.7921 -0.6097
vn -0.4377 -0.8098 -0.3907
vn 0.7412 -0.4579 0.4909
vn 0.3081 -0.7680 -0.5615
vn -0.2035 -0.8146 -0.5431
vn 0.7315 -0.6637 -0.1561
vn -0.6372 -0.7531 -0.1637
vn 0.8817 -0.4257 0.2035
vn -0.7647 -0.6442 -0.0137
vn 0.8871 -0.4567 0.0665
vn -0.7908 -0.4676 0.3950
vn 0.8064 -0.5911 -0.0191
vn 0.2749 -0.5401 0.7954
vn -0.8342 -0.5471 0.0684
vn 0.8576 -0.5126 0.0432
vn 0.9946 -0.0084 0.1031
vn 0.2093 -0.1723 -0.9625
vn 0.9042 -0.1360 -0.4050
vn -0.9967 -0.0488 -0.0652
vn 0.9804 0.1123 0.1618
vn -0.6749 0.4886 0.5530
vn 0.9568 0.2284 0.1801
vn 0.9913 -0.0946 -0.0916
vn -0.1544 -0.1705 -0.9732
vn -0.5506 -0.1805 -0.8150
vn 0.6502 -0.1685 -0.7409
vn -0.8882 -0.1461 -0.4357
vn -0.9905 0.0904 0.1039
vn 0.5867 0.4838 0.6494
vn 0.8953 0.3028 0.3268
vn -0.9677 0.2232 0.1171
vn -0.9143 0.3264 0.2399
vn 0.6926 -0.0075 -0.7213
vn 0.6967 -0.0118 -0.7173
vn -0.1283 -0.0079 -0.9917
vn -0.1308 -0.0075 -0.9914
vn 0.9179 -0.0140 -0.3965
vn 0.9202 -0.0192 -0.3910
vn 0.7748 -0.0155 0.6320
vn 0.7596 -0.0168 0.6501
vn -0.1125 -0.0177 0.9935
vn -0.1131 -0.0369 0.9929
vn -0.9270 0.0002 0.3751
vn -0.9213 -0.0083 0.3888
vn -1.0000 0.0049 -0.0043
vn -1.0000 -0.0050 0.0084
vn 0.2430 -0.0081 -0.9700
vn 0.2510 -0.0092 -0.9680
vn -0.5791 -0.0014 -0.8152
vn -0.5759 -0.0009 -0.8175
vn -0.9230 -0.0062 -0.3848
vn -0.9187 -0.0015 -0.3949
vn 0.9377 0.0007 0.3474
vn 0.9380 -0.0140 0.3463
vn 0.0762 0.2443 0.9667
vn 0.1258 -0.0250 0.9917
vn 0.9993 -0.0176 -0.0325
vn 0.9994 -0.0184 -0.0304
vn 0.5416 0.1904 0.8188
vn 0.5295 -0.0228 0.8480
vn -0.7324 -0.0054 0.6808
vn -0.7185 -0.0184 0.6953
vn -0.4259 -0.0133 0.9047
vn -0.4085 -0.0306 0.9123
vn -0.2478 -0.0324 0.9683
vn -0.2489 0.0075 0.9685
vn -0.5856 -0.0217 0.8103
vn -0.5801 0.0010 0.8145
vn -0.9822 0.0025 -0.1878
vn -0.9846 -0.0082 -0.1747
vn 0.9727 -0.0173 -0.2314
vn 0.9728 -0.0228 -0.2304
vn -0.9813 -0.0022 0.1925
vn -0.9775 -0.0103 0.2108
vn 0.6777 -0.0273 0.7348
vn 0.6680 0.0219 0.7439
vn -0.8382 -0.0086 0.5452
vn -0.8288 -0.0084 0.5594
vn 0.3326 -0.0287 0.9426
vn 0.2994 0.0399 0.9533
vn 0.9866 -0.0155 0.1622
vn 0.9862 -0.0148 0.1648
vn 0.0040 -0.0301 0.9995
vn -0.0255 0.0154 0.9996
vn 0.8593 -0.0165 0.5113
vn 0.8513 -0.0030 0.5247
vn 0.8427 -0.0127 -0.5383
vn 0.8458 -0.0202 -0.5332
vn -0.7783 0.0036 -0.6279
vn -0.7835 -0.0026 -0.6214
vn 0.0697 -0.0106 -0.9975
vn 0.0632 -0.0083 -0.9980
vn -0.3466 -0.0032 -0.9380
vn -0.3500 -0.0036 -0.9367
vn 0.4713 -0.0065 -0.8819
vn 0.4670 -0.0124 -0.8841
vn -0.2209 0.2104 0.9523
vn -0.2244 -0.0694 0.9720
vn -0.2269 -0.1944 0.9543
vn -0.3477 -0.4543 0.8202
vn -0.8195 -0.3706 0.4372
vn -0.8720 -0.2801 0.4016
vn -0.8909 -0.1715 0.4205
vn -0.9059 -0.0640 0.4186
vn -0.9251 0.0634 0.3744
vn -0.9134 0.2496 0.3217
vn -0.7260 0.2847 0.6260
vn -0.3172 0.3162 0.8941
vn -0.3415 -0.2712 0.8999
vn -0.3327 -0.0145 0.9429
vn -0.4340 0.1948 0.8796
vn -0.4429 0.0446 0.8955
vn -0.4427 -0.0696 0.8940
vn -0.4467 -0.1928 0.8737
vn -0.4548 -0.3544 0.8171
vn -0.6497 0.1832 0.7378
vn -0.6568 0.0474 0.7526
vn -0.6503 -0.0657 0.7568
vn -0.6468 -0.1873 0.7393
vn -0.6473 -0.3417 0.6813
vn -0.7508 0.1169 0.6501
vn -0.7442 -0.0058 0.6679
vn -0.7338 -0.1193 0.6688
vn -0.7256 -0.2497 0.6412
vn -0.2309 -0.3586 0.9045
vn -0.2238 0.0466 0.9735
vn -0.3350 -0.1273 0.9336
vn -0.3314 0.1162 0.9363
vn -0.7194 -0.4208 0.5526
vn -0.8387 0.3448 0.4215
vn -0.8877 0.1385 0.4391
vn -0.8729 0.0016 0.4880
vn -0.8558 -0.1145 0.5045
vn -0.8390 -0.2246 0.4956
vn -0.7792 -0.3095 0.5450
vn -0.7954 -0.1739 0.5806
vn -0.8091 -0.0583 0.5848
vn -0.8255 0.0595 0.5612
vn -0.8191 0.2080 0.5346
vn -0.6124 0.5276 0.5887
vn -0.2963 0.5876 0.7529
vn -0.6683 0.6242 0.4045
vn -0.7930 0.5222 0.3137
vn -0.7387 0.4440 0.5071
vn -0.3978 0.4214 0.8150
vn -0.2099 0.4647 0.8602
vn -0.6069 0.3703 0.7033
vn -0.9641 -0.1523 0.2176
vn -0.9433 -0.3250 0.0679
vn -0.9407 -0.2793 -0.1925
vn -0.9947 0.0287 -0.0988
vn -0.9981 0.0237 0.0571
vn -0.9879 -0.0335 0.1516
vn -0.9453 -0.0219 0.3255
vn -0.9775 -0.1093 0.1804
vn -0.9637 -0.2075 0.1679
vn -0.9290 -0.3603 -0.0846
vn -0.9631 -0.1567 -0.2189
vn -0.9758 -0.0541 -0.2119
vn -0.9069 -0.4042 0.1191
vn -0.9014 -0.3217 -0.2899
vn -0.8669 0.4403 -0.2336
vn -0.7854 0.5843 0.2043
vn -0.7623 0.3183 0.5636
vn -0.8146 -0.0731 0.5754
vn -0.8843 -0.2980 0.3596
vn -0.9097 -0.4066 -0.0851
vn -0.8847 -0.1581 -0.4385
vn -0.8874 0.1080 -0.4481
vn -0.9924 0.1221 -0.0130
vn -0.9955 -0.0177 0.0932
vn -0.9789 -0.0917 -0.1828
vn -0.9898 -0.0165 -0.1416
vn -0.9759 -0.1983 0.0913
vn -0.9616 -0.2746 -0.0025
vn -0.9739 -0.1396 0.1789
vn -0.9871 -0.0769 0.1405
vn -0.9737 -0.2113 -0.0854
vn -0.9690 -0.1858 -0.1627
vn -0.9430 -0.2776 0.1838
vn -0.9895 0.0194 0.1435
vn -0.9300 -0.1308 0.3436
vn -0.9762 -0.0595 0.2086
vn -0.9147 -0.2377 0.3269
vn -0.9650 0.0945 0.2446
vn -0.9726 0.0057 0.2322
vn -0.9440 -0.1982 0.2637
vn -0.9579 -0.0927 0.2717
vn -0.9896 0.0837 0.1167
vn -0.9926 0.1025 -0.0651
vn -0.9983 0.0588 -0.0003
vn -0.9855 0.0401 -0.1648
vn -0.9472 0.0272 -0.3193
vn -0.9695 -0.0157 -0.2447
vn -0.9683 0.0915 -0.2325
vn -0.8613 0.0192 -0.5077
vn -0.9115 -0.0326 -0.4100
vn -0.9066 0.0887 -0.4125
vn -0.7058 0.0050 -0.7084
vn -0.7942 -0.0536 -0.6053
vn -0.7894 0.0821 -0.6083
vn -0.4855 -0.0019 -0.8742
vn -0.2455 0.0067 -0.9694
vn -0.3667 -0.0768 -0.9272
vn -0.3626 0.0803 -0.9285
vn -0.6930 0.1537 -0.7044
vn -0.9341 0.1646 -0.3167
vn -0.9766 0.1677 -0.1348
vn -0.8038 0.5847 0.1099
vn -0.8848 0.4130 0.2156
vn -0.6875 0.6959 0.2076
vn -0.7907 0.6052 -0.0919
vn -0.8841 0.4672 0.0047
vn -0.6835 0.7299 0.0076
vn -0.7631 0.5825 -0.2798
vn -0.8587 0.4735 -0.1959
vn -0.6723 0.7179 -0.1807
vn -0.7160 0.5305 -0.4538
vn -0.8085 0.4459 -0.3841
vn -0.6498 0.6712 -0.3566
vn -0.6067 0.4744 -0.6378
vn -0.7179 0.4004 -0.5695
vn -0.6034 0.6006 -0.5246
vn -0.4073 0.5244 -0.7477
vn -0.2064 0.5629 -0.8004
vn -0.3234 0.4416 -0.8369
vn -0.2995 0.6561 -0.6927
vn -0.9855 0.1574 0.0629
vn -0.9595 0.1969 0.2015
vn -0.9693 0.2452 -0.0174
vn -0.9432 0.2531 -0.2153
vn -0.8795 0.2467 -0.4069
vn -0.7651 0.2346 -0.5996
vn -0.3484 0.2504 -0.9033
vn -0.8466 0.1598 -0.5077
vn -0.9410 0.3215 0.1059
vn -0.9291 0.3541 -0.1068
vn -0.8863 0.3506 -0.3026
vn -0.8066 0.3280 -0.4918
vn -0.6610 0.3103 -0.6832
vn -0.4492 0.3292 -0.8305
vn -0.2240 0.3516 -0.9089
vn -0.4751 0.1573 -0.8657
vn -0.2371 0.1696 -0.9566
vn -0.2950 0.9105 0.2897
vn -0.1914 0.9006 0.3903
vn -0.4115 0.8195 0.3989
vn -0.2965 0.9494 0.1036
vn -0.1894 0.9632 0.1909
vn -0.4156 0.8878 0.1976
vn -0.3069 0.9489 -0.0735
vn -0.1953 0.9805 0.0195
vn -0.4187 0.9080 0.0114
vn -0.3152 0.9121 -0.2623
vn -0.2046 0.9652 -0.1629
vn -0.4278 0.8877 -0.1700
vn -0.2053 0.9050 -0.3727
vn -0.4257 0.8312 -0.3577
vn -0.1982 0.7699 -0.6066
vn -0.3996 0.7214 -0.5655
vn -0.3073 0.8245 -0.4752
vn -0.1996 0.7403 0.6420
vn -0.3904 0.6763 0.6247
vn -0.2950 0.8071 0.5114
vn -0.9575 -0.1150 -0.2644
vn -0.8993 -0.1482 -0.4114
vn -0.7785 -0.1928 -0.5973
vn -0.3571 -0.2419 -0.9022
vn -0.9429 -0.0746 -0.3246
vn -0.8572 -0.1040 -0.5044
vn -0.7004 -0.1364 -0.7006
vn -0.4821 -0.1549 -0.8623
vn -0.2450 -0.1541 -0.9572
vn -0.9377 -0.2358 -0.2551
vn -0.8665 -0.2914 -0.4053
vn -0.7318 -0.3569 -0.5806
vn -0.3237 -0.4332 -0.8412
vn -0.9255 -0.1916 -0.3268
vn -0.8314 -0.2428 -0.4998
vn -0.6706 -0.2963 -0.6801
vn -0.4569 -0.3288 -0.8265
vn -0.2310 -0.3324 -0.9144
vn -0.9132 -0.3363 0.2303
vn -0.8160 -0.5248 0.2423
vn -0.6873 -0.6426 0.3386
vn -0.3296 -0.6915 0.6427
vn -0.8696 -0.3850 0.3092
vn -0.7703 -0.4967 0.3998
vn -0.6408 -0.5527 0.5328
vn -0.4538 -0.5715 0.6837
vn -0.2329 -0.5694 0.7884
vn -0.9169 -0.3813 0.1181
vn -0.7605 -0.6437 0.0860
vn -0.5329 -0.8430 0.0740
vn -0.2652 -0.8729 0.4094
vn -0.8671 -0.4737 0.1545
vn -0.7088 -0.6874 0.1587
vn -0.5559 -0.7844 0.2753
vn -0.3942 -0.8016 0.4495
vn -0.2040 -0.7831 0.5874
vn -0.8908 -0.3947 -0.2251
vn -0.7880 -0.4747 -0.3920
vn -0.6313 -0.5489 -0.5479
vn -0.2609 -0.6245 -0.7362
vn -0.8868 -0.3430 -0.3098
vn -0.7689 -0.4143 -0.4870
vn -0.5972 -0.4832 -0.6402
vn -0.3946 -0.5252 -0.7539
vn -0.1988 -0.5290 -0.8250
vn -0.4388 -0.8976 -0.0420
vn -0.1505 -0.9693 0.1944
vn -0.1486 -0.9165 0.3714
vn -0.2655 -0.9428 0.2018
vn -0.5595 -0.4487 0.6969
vn -0.5260 0.2766 0.8043
vn -0.5511 0.1102 0.8271
vn -0.5512 -0.0133 0.8343
vn -0.5494 -0.1260 0.8260
vn -0.5531 -0.2658 0.7896
vn -0.4800 0.5171 0.7087
vn -0.6001 -0.0735 -0.7966
vn -0.5969 0.0752 -0.7988
vn -0.5361 0.3996 -0.7436
vn -0.4865 0.5973 -0.6376
vn -0.5766 0.2346 -0.7826
vn -0.5244 0.7270 -0.4433
vn -0.5475 0.7937 -0.2650
vn -0.5495 0.8312 -0.0847
vn -0.5498 0.8287 0.1048
vn -0.5485 0.7798 0.3017
vn -0.5239 0.6897 0.4998
vn -0.5852 -0.2286 -0.7780
vn -0.5375 -0.4108 -0.7365
vn -0.5285 -0.6904 0.4939
vn -0.4034 -0.8859 0.2291
vn -0.4428 -0.6044 -0.6623
vn -0.4269 -0.7303 -0.5332
vn -0.5296 -0.7563 -0.3841
vn -0.3546 -0.9344 0.0333
vn -0.2606 -0.9608 -0.0952
vn -0.2080 -0.9777 0.0300
vn -0.8495 -0.5249 0.0529
vn -0.8242 -0.5573 -0.1011
vn -0.7602 -0.6032 -0.2413
vn -0.6299 -0.6735 -0.3868
vn -0.4730 -0.7265 -0.4985
vn -0.6052 -0.7804 -0.1568
vn -0.3188 -0.7592 -0.5675
vn -0.1853 -0.7678 -0.6134
vn -0.9035 -0.4284 -0.0116
vn -0.8741 -0.4569 -0.1645
vn -0.7896 -0.5320 -0.3056
vn -0.6414 -0.6105 -0.4646
vn -0.4695 -0.6700 -0.5750
vn -0.2996 -0.7009 -0.6473
vn -0.1502 -0.7006 -0.6976
vn -0.6109 -0.7917 0.0001
vn -0.5874 -0.7981 -0.1338
vn -0.5248 -0.8099 -0.2620
vn -0.4217 -0.8289 -0.3677
vn -0.3091 -0.8435 -0.4392
vn -0.5970 -0.7962 0.0982
vn -0.2088 -0.8511 -0.4818
vn -0.1229 -0.8502 -0.5119
vn -0.7368 -0.6751 -0.0351
vn -0.6901 -0.6993 -0.1863
vn -0.5912 -0.7412 -0.3179
vn -0.4552 -0.7803 -0.4289
vn -0.3206 -0.8057 -0.4980
vn -0.2031 -0.8162 -0.5409
vn -0.1028 -0.8114 -0.5754
vn -0.3102 -0.9444 -0.1095
vn -0.3367 -0.9234 -0.1841
vn -0.3127 -0.9090 -0.2757
vn -0.2595 -0.9018 -0.3457
vn -0.1967 -0.8979 -0.3937
vn -0.4607 -0.7957 0.3932
vn -0.1375 -0.8952 -0.4239
vn -0.0821 -0.8918 -0.4449
vn -0.4579 -0.8832 -0.1019
vn -0.4355 -0.8738 -0.2165
vn -0.3723 -0.8727 -0.3160
vn -0.2879 -0.8753 -0.3886
vn -0.2057 -0.8773 -0.4337
vn -0.1334 -0.8765 -0.4626
vn -0.0676 -0.8717 -0.4854
vn -0.1527 -0.9851 -0.0789
vn -0.2343 -0.9560 -0.1765
vn -0.2385 -0.9338 -0.2668
vn -0.2187 -0.9174 -0.3324
vn -0.1793 -0.9051 -0.3855
vn -0.1346 -0.8972 -0.4206
vn -0.0853 -0.8926 -0.4428
vn -0.1140 -0.0136 0.9934
vn -0.1133 0.1202 0.9863
vn -0.1141 -0.2757 0.9544
vn -0.1136 -0.1281 0.9852
vn -0.1108 0.3330 0.9364
vn -0.1170 -0.4547 0.8829
vn -0.1046 0.6209 0.7769
vn -0.1249 -0.0672 -0.9899
vn -0.1211 0.0928 -0.9883
vn -0.1069 0.4578 -0.8826
vn -0.0984 0.6793 -0.7272
vn -0.1147 0.2612 -0.9584
vn -0.0930 0.9550 0.2816
vn -0.0945 0.9899 0.1053
vn -0.0996 0.9928 -0.0663
vn -0.1023 0.9585 -0.2663
vn -0.0988 0.8603 -0.5002
vn -0.0966 0.8542 0.5110
vn -0.1211 -0.2350 -0.9644
vn -0.1103 -0.4220 -0.8998
vn -0.1130 -0.6827 0.7219
vn -0.0873 -0.8516 0.5169
vn -0.0905 -0.6113 -0.7862
vn -0.1164 -0.9886 -0.0951
vn -0.0564 -0.9599 0.2744
vn -0.0901 -0.9942 0.0587
vn -0.1491 -0.9788 -0.1404
vn -0.0654 -0.7554 -0.6520
vn -0.0441 -0.8411 -0.5391
vn -0.0279 -0.8871 -0.4608
vn -0.2327 -0.9592 -0.1608
vn -0.0376 -0.8874 -0.4596
vn -0.2493 -0.9367 -0.2458
vn -0.2257 -0.9230 -0.3117
vn -0.1842 -0.9147 -0.3598
vn -0.1374 -0.9095 -0.3923
vn -0.0916 -0.9057 -0.4138
vn -0.0475 -0.9017 -0.4298
vn -0.2931 -0.7229 -0.6258
vn -0.1705 -0.7206 -0.6721
vn -0.2625 -0.1764 0.9487
vn -0.6599 -0.1357 0.7390
vn -0.9007 -0.2193 0.3750
vn -0.9634 -0.2644 -0.0437
vn -0.8400 -0.2866 -0.4608
vn -0.6564 -0.2898 -0.6965
vn -0.3981 -0.3047 -0.8653
vn -0.1749 -0.3138 -0.9332
vn -0.9996 0.0146 -0.0235
vn -0.9801 0.1014 0.1708
vn -0.9790 -0.1014 -0.1767
vn -0.9893 0.0112 -0.1455
vn -0.9671 -0.2305 0.1076
vn -0.9739 -0.2269 0.0012
vn -0.9790 -0.1448 0.1435
vn -0.9726 -0.0383 0.2295
vn -0.9548 -0.2728 -0.1182
vn -0.9740 -0.1698 -0.1500
vn -0.9865 -0.1065 0.1246
vn -0.9818 -0.1337 -0.1347
vn -0.9973 -0.0085 -0.0731
vn -0.9746 -0.2190 -0.0465
vn -0.9761 -0.1891 -0.1070
vn -0.9924 -0.0494 0.1124
vn -0.9812 -0.1631 0.1029
vn -0.9774 -0.2075 0.0413
vn -0.9886 -0.0690 -0.1335
vn -0.9992 -0.0000 0.0408
vn -0.0871 -0.9406 0.3281
vn -0.0665 -0.6476 -0.7591
vn -0.0278 0.9048 -0.4249
vn -0.0188 0.9706 0.2400
vn -0.0234 0.5907 0.8065
vn -0.0432 -0.0291 0.9986
vn -0.0714 -0.5876 0.8060
vn -0.0840 -0.9627 -0.2571
vn -0.0415 -0.1163 -0.9923
vn -0.0332 0.4527 -0.8911
vn -0.4515 0.1089 -0.8856
vn -0.4945 -0.3855 -0.7791
vn -0.4184 -0.2886 0.8612
vn -0.3089 0.2509 0.9174
vn -0.3300 0.9420 -0.0607
vn -0.4305 0.6199 -0.6560
vn -0.5293 -0.6882 0.4963
vn -0.2683 0.7948 0.5444
vn -0.5504 -0.8341 0.0359
vn -0.5479 -0.7152 -0.4339
vn 0.2244 -0.9167 0.3308
vn 0.2231 -0.6266 -0.7467
vn 0.2664 0.8755 -0.4031
vn 0.2549 0.9395 0.2286
vn 0.2422 0.5856 0.7735
vn 0.2317 -0.0126 0.9727
vn 0.2267 -0.5656 0.7929
vn 0.2220 -0.9412 -0.2547
vn 0.2381 -0.0960 -0.9665
vn 0.2516 0.4596 -0.8517
vn 0.0980 0.1942 -0.9761
vn 0.0860 -0.4007 -0.9122
vn 0.0766 -0.3107 0.9474
vn 0.0825 0.2830 0.9556
vn 0.1036 0.9910 -0.0849
vn 0.1030 0.7083 -0.6984
vn 0.0737 -0.8034 0.5909
vn 0.0926 0.8387 0.5366
vn 0.0742 -0.9963 0.0424
vn 0.0774 -0.8388 -0.5390
vn 0.6867 -0.6780 0.2621
vn 0.6713 -0.4885 -0.5574
vn 0.7062 0.6436 -0.2951
vn 0.6974 0.6946 0.1769
vn 0.6939 0.4403 0.5697
vn 0.6906 -0.0158 0.7231
vn 0.6750 -0.4262 0.6023
vn 0.6809 -0.7090 -0.1836
vn 0.6678 -0.0787 -0.7402
vn 0.6832 0.3440 -0.6441
vn 0.4484 -0.2706 0.8519
vn 0.4662 0.2690 0.8428
vn 0.4911 0.8683 -0.0699
vn 0.4834 0.6311 -0.6067
vn 0.4573 0.1860 -0.8697
vn 0.4462 -0.7103 0.5444
vn 0.4705 0.7461 0.4712
vn 0.4523 -0.8908 0.0437
vn 0.4415 -0.7535 -0.4871
vn 0.4456 -0.3522 -0.8230
vn 0.8260 -0.5282 0.1967
vn 0.8244 -0.3933 -0.4070
vn 0.8315 0.5002 -0.2419
vn 0.8401 0.5254 0.1346
vn 0.8404 0.3162 0.4401
vn 0.8356 -0.0292 0.5486
vn 0.8301 -0.3341 0.4464
vn 0.8240 -0.5529 -0.1238
vn 0.8196 -0.0863 -0.5664
vn 0.8247 0.2474 -0.5086
vn 0.8068 -0.4684 0.3600
vn 0.8081 -0.1977 0.5548
vn 0.8137 0.4841 0.3216
vn 0.8172 0.5741 -0.0505
vn 0.8100 -0.5852 0.0383
vn 0.8011 -0.5186 -0.2987
vn 0.8187 0.1661 0.5496
vn 0.7958 -0.2603 -0.5468
vn 0.7920 0.1020 -0.6020
vn 0.8087 0.4182 -0.4136
vn 0.6767 -0.6922 0.2509
vn 0.6891 -0.4924 -0.5317
vn 0.6956 0.6492 -0.3077
vn 0.7154 0.6785 0.1667
vn 0.7142 0.4087 0.5682
vn 0.6933 -0.0271 0.7202
vn 0.6916 -0.4264 0.5830
vn 0.6793 -0.7149 -0.1657
vn 0.6865 -0.0999 -0.7203
vn 0.6888 0.3179 -0.6515
vn 0.7839 -0.4979 0.3711
vn 0.7900 -0.2130 0.5750
vn 0.8071 0.4872 0.3336
vn 0.7932 0.6057 -0.0633
vn 0.7740 -0.6320 0.0392
vn 0.7833 -0.5428 -0.3031
vn 0.7939 0.1655 0.5851
vn 0.7829 -0.2722 -0.5594
vn 0.7832 0.0895 -0.6153
vn 0.7862 0.4336 -0.4403
vn 0.3733 -0.8713 0.3186
vn 0.3750 -0.6174 -0.6915
vn 0.4075 0.8333 -0.3735
vn 0.4252 0.8803 0.2102
vn 0.4143 0.5465 0.7278
vn 0.3880 0.0001 0.9216
vn 0.3817 -0.5227 0.7623
vn 0.3722 -0.9038 -0.2110
vn 0.3710 -0.1115 -0.9219
vn 0.3794 0.4237 -0.8225
vn 0.5933 0.6709 0.4448
vn 0.5784 0.8118 -0.0801
vn 0.5332 -0.8446 0.0490
vn 0.5448 -0.6676 0.5074
vn 0.5457 -0.7237 -0.4224
vn 0.5673 0.2423 0.7871
vn 0.5465 -0.3471 -0.7621
vn 0.5448 0.1347 -0.8277
vn 0.5512 -0.2611 0.7924
vn 0.5578 0.5944 -0.5792
vn 0.0251 -0.9363 0.3503
vn 0.0004 -0.6639 -0.7478
vn 0.0394 0.9168 -0.3974
vn 0.0533 0.9716 0.2304
vn 0.0403 0.6138 0.7884
vn 0.0314 0.0238 0.9992
vn 0.0313 -0.5491 0.8352
vn 0.0147 -0.9744 -0.2243
vn -0.0087 -0.1089 -0.9940
vn 0.0034 0.4735 -0.8808
vn 0.1998 -0.9780 0.0607
vn 0.2068 -0.7694 0.6044
vn 0.1946 -0.8450 -0.4981
vn 0.2193 0.3117 0.9245
vn 0.2390 0.8162 0.5260
vn 0.1864 -0.3973 -0.8986
vn 0.1855 0.1757 -0.9668
vn 0.2095 -0.2752 0.9383
vn 0.2394 0.9671 -0.0863
vn 0.2110 0.7139 -0.6677
vn -0.3410 -0.8788 0.3339
vn -0.3824 -0.6186 -0.6864
vn -0.3400 0.8626 -0.3745
vn -0.3297 0.9180 0.2205
vn -0.3478 0.5792 0.7373
vn -0.3477 0.0262 0.9372
vn -0.3398 -0.5146 0.7872
vn -0.3578 -0.9121 -0.2002
vn -0.3919 -0.0978 -0.9148
vn -0.3777 0.4414 -0.8140
vn -0.1817 -0.8494 -0.4955
vn -0.1636 -0.9843 0.0662
vn -0.1576 0.3284 0.9313
vn -0.1448 0.8351 0.5307
vn -0.1981 -0.3939 -0.8975
vn -0.1974 0.1858 -0.9626
vn -0.1541 -0.2656 0.9517
vn -0.1373 0.9870 -0.0840
vn -0.1691 0.7250 -0.6677
vn -0.1552 -0.7726 0.6156
vn -0.6540 -0.7034 0.2784
vn -0.7044 -0.4871 -0.5162
vn -0.6982 0.6560 -0.2868
vn -0.6880 0.7054 0.1705
vn -0.6937 0.4436 0.5675
vn -0.6830 0.0106 0.7303
vn -0.6652 -0.4139 0.6215
vn -0.6718 -0.7270 -0.1419
vn -0.7160 -0.0791 -0.6936
vn -0.7144 0.3374 -0.6130
vn -0.5341 0.2792 0.7980
vn -0.5293 0.7155 0.4560
vn -0.5694 -0.3362 -0.7502
vn -0.5472 -0.7307 -0.4082
vn -0.5682 0.1576 -0.8077
vn -0.5209 -0.2325 0.8214
vn -0.5210 0.8506 -0.0713
vn -0.5500 0.6126 -0.5677
vn -0.5116 -0.6702 0.5376
vn -0.5171 -0.8531 0.0692
vn -0.8367 -0.5073 0.2064
vn -0.8697 -0.3553 -0.3425
vn -0.8883 0.4223 -0.1806
vn -0.8857 0.4495 0.1159
vn -0.8876 0.2729 0.3710
vn -0.8728 -0.0189 0.4877
vn -0.8507 -0.3088 0.4253
vn -0.8452 -0.5274 -0.0865
vn -0.8872 -0.0690 -0.4562
vn -0.8911 0.2187 -0.3975
vn -0.8169 -0.2507 -0.5195
vn -0.7932 -0.5409 -0.2799
vn -0.8229 0.1086 -0.5577
vn -0.7899 -0.1870 0.5841
vn -0.8091 0.1824 0.5586
vn -0.8093 0.5855 -0.0467
vn -0.8207 0.4222 -0.3850
vn -0.7687 -0.5002 0.3985
vn -0.8115 0.4920 0.3153
vn -0.7666 -0.6387 0.0665
vn -0.9364 -0.3262 0.1295
vn -0.9511 -0.2458 -0.1871
vn -0.9697 0.2236 -0.0989
vn -0.9683 0.2377 0.0766
vn -0.9651 0.1312 0.2266
vn -0.9554 -0.0471 0.2916
vn -0.9430 -0.2180 0.2514
vn -0.9402 -0.3387 -0.0357
vn -0.9616 -0.0786 -0.2630
vn -0.9678 0.1014 -0.2304
vn -0.9130 -0.1540 0.3779
vn -0.9302 0.0876 0.3564
vn -0.9373 0.3479 -0.0207
vn -0.9390 0.2510 -0.2351
vn -0.9361 0.0456 -0.3488
vn -0.8972 -0.3534 0.2649
vn -0.9376 0.2825 0.2027
vn -0.8941 -0.4441 0.0569
vn -0.9064 -0.3863 -0.1710
vn -0.9256 -0.1931 -0.3255
vn -0.9690 -0.2319 0.0850
vn -0.9757 -0.1838 -0.1196
vn -0.9921 0.1109 -0.0593
vn -0.9914 0.1188 0.0547
vn -0.9872 0.0510 0.1510
vn -0.9804 -0.0590 0.1878
vn -0.9730 -0.1650 0.1611
vn -0.9705 -0.2403 -0.0211
vn -0.9821 -0.0800 -0.1708
vn -0.9887 0.0334 -0.1460
vn -0.9840 0.1782 -0.0069
vn -0.9832 0.1206 -0.1370
vn -0.9777 -0.0076 -0.2100
vn -0.9582 -0.2386 0.1579
vn -0.9664 -0.1251 0.2244
vn -0.9815 0.1395 0.1311
vn -0.9569 -0.2874 0.0407
vn -0.9625 -0.2555 -0.0910
vn -0.9757 0.0191 0.2184
vn -0.9702 -0.1498 -0.1903
vn -0.9874 -0.1502 0.0495
vn -0.9910 -0.1248 -0.0484
vn -0.9996 0.0139 -0.0230
vn -0.9992 0.0186 0.0353
vn -0.9964 -0.0157 0.0833
vn -0.9925 -0.0688 0.1010
vn -0.9890 -0.1199 0.0869
vn -0.9882 -0.1530 -0.0015
vn -0.9946 -0.0751 -0.0714
vn -0.9977 -0.0244 -0.0627
vn -0.9963 0.0375 -0.0777
vn -0.9923 -0.0361 -0.1185
vn -0.9806 -0.1700 0.0979
vn -0.9848 -0.1048 0.1385
vn -0.9952 0.0481 0.0852
vn -0.9974 0.0726 0.0016
vn -0.9799 -0.1977 0.0283
vn -0.9825 -0.1794 -0.0506
vn -0.9905 -0.0221 0.1361
vn -0.9871 -0.1178 -0.1081
vn -0.9948 -0.0861 0.0548
vn -0.9936 -0.1050 0.0426
vn -0.9985 -0.0402 0.0375
vn -0.9994 -0.0335 0.0100
vn -0.9934 -0.1125 0.0220
vn -0.9944 -0.1061 -0.0027
vn -0.9967 -0.0612 0.0542
vn -0.9961 -0.0857 -0.0208
vn -0.9978 -0.0622 -0.0242
vn -0.9990 -0.0435 -0.0135
vn -0.1867 0.4603 0.8679
vn -0.5430 0.4333 0.7193
vn -0.7912 0.4199 0.4446
vn -0.9225 0.3833 0.0459
vn -0.8784 0.2712 -0.3935
vn -0.7066 0.1787 -0.6847
vn -0.4447 0.1140 -0.8884
vn -0.1650 0.0823 -0.9829
vn -0.8295 0.0309 -0.5576
vn -0.5923 0.0001 -0.8057
vn -0.3197 -0.0172 -0.9474
vn -0.4110 0.2027 0.8888
vn -0.7531 0.1694 0.6357
vn -0.9521 0.1297 0.2770
vn -0.9791 0.0757 -0.1890
vn -0.0803 0.7889 0.6092
vn -0.2494 0.8073 0.5349
vn -0.3699 0.8242 0.4288
vn -0.3280 0.9277 0.1781
vn -0.3777 0.8638 -0.3335
vn -0.4947 0.5970 -0.6315
vn -0.3559 0.4731 -0.8059
vn -0.1152 0.4066 -0.9063
vn -0.4867 0.7455 -0.4555
vn -0.5411 0.3205 -0.7775
vn -0.2877 0.2205 -0.9320
vn -0.2793 0.7058 0.6510
vn -0.5062 0.7126 0.4857
vn -0.6405 0.7365 0.2176
vn -0.7293 0.6631 -0.1686
vn -0.7059 0.4924 -0.5092
vn -0.4504 0.5520 -0.7018
vn -0.2430 0.4478 -0.8605
vn -0.1660 0.8259 0.5388
vn -0.3133 0.8497 0.4241
vn -0.3557 0.8971 0.2620
vn -0.3886 0.9154 -0.1049
vn -0.5373 0.7895 -0.2967
vn -0.4504 0.8916 0.0467
vn -0.3933 0.8642 0.3138
vn -0.2844 0.8296 0.4805
vn -0.0968 0.8118 0.5759
vn -0.1291 0.3511 -0.9274
vn -0.3838 0.4180 -0.8234
vn -0.5440 0.5967 -0.5899
vn -0.0949 0.5328 0.8409
vn -0.1705 0.7524 0.6363
vn -0.0992 0.4428 0.8911
vn -0.0997 0.4111 0.9061
vn -0.1993 0.4250 0.8830
vn -0.1010 0.3658 0.9252
vn -0.2011 0.3885 0.8992
vn -0.1056 0.2742 0.9559
vn -0.2040 0.3285 0.9222
vn -0.4294 0.3209 0.8442
vn -0.3175 0.2780 0.9066
vn -0.3075 0.3601 0.8808
vn -0.7444 0.2677 0.6117
vn -0.5952 0.2648 0.7587
vn -0.5758 0.3302 0.7480
vn -0.3526 0.7620 0.5432
vn -0.4136 0.7489 0.5177
vn -0.9022 0.2003 0.3820
vn -0.8599 0.2041 0.4678
vn -0.8392 0.2457 0.4851
vn -0.9132 0.0943 -0.3964
vn -0.9550 0.0870 -0.2837
vn -0.7826 0.0856 -0.6166
vn -0.8953 -0.3492 -0.2767
vn -0.4126 -0.9018 -0.1283
vn -0.5173 0.0965 -0.8503
vn -0.6855 0.1500 -0.7124
vn -0.6552 0.0569 -0.7533
vn -0.2319 0.0668 -0.9704
vn -0.3689 0.1881 -0.9103
vn -0.3666 0.0362 -0.9297
vn -0.0894 0.0738 -0.9933
vn -0.1230 0.0085 -0.9924
vn -0.4209 0.3738 0.8265
vn -0.4100 0.4091 0.8152
vn -0.3029 0.4029 0.8637
vn -0.3001 0.4343 0.8493
vn -0.2967 0.5273 0.7962
vn -0.7178 0.3113 0.6228
vn -0.6884 0.3601 0.6296
vn -0.7261 0.3906 0.5659
vn -0.5512 0.3715 0.7471
vn -0.5371 0.4072 0.7387
vn -0.5178 0.5070 0.6891
vn -0.4071 -0.0713 0.9106
vn -0.3954 0.6405 0.6584
vn -0.5242 0.5929 0.6113
vn -0.4995 0.5738 0.6490
vn -0.2955 0.5933 0.7488
vn -0.0934 0.5927 0.8000
vn -0.2373 0.3659 -0.8999
vn -0.1142 0.2369 -0.9648
vn -0.3526 0.3201 -0.8793
vn -0.5322 0.3863 -0.7534
vn -0.4582 0.4579 -0.7619
vn -0.4704 0.5265 -0.7081
vn -0.2291 0.1823 -0.9562
vn -0.1108 0.0924 -0.9895
vn -0.3511 0.1414 -0.9256
vn -0.5691 0.1894 -0.8002
vn -0.4745 0.2579 -0.8416
vn -0.5426 0.2746 -0.7939
vn -0.2247 0.0676 -0.9721
vn -0.4889 0.1088 -0.8655
vn -0.1114 0.0348 -0.9932
vn -0.3579 0.0527 -0.9323
vn -0.6122 0.0779 -0.7868
vn -0.6203 0.1034 -0.7775
vn -0.2319 0.0244 -0.9724
vn -0.1196 0.0148 -0.9927
vn -0.3727 0.0240 -0.9276
vn -0.6643 0.0689 -0.7442
vn -0.5158 0.0505 -0.8552
vn -0.7268 0.0301 -0.6862
vn -0.8069 0.2990 0.5094
vn -0.9471 0.1610 -0.2777
vn -0.4688 -0.8246 -0.3167
vn -0.6656 0.0701 -0.7430
vn -0.3748 0.0150 -0.9270
vn -0.1275 0.0038 -0.9918
vn -0.8827 0.2328 0.4082
vn -0.9121 0.1327 -0.3880
vn -0.7838 0.0834 -0.6153
vn -0.5125 0.0312 -0.8581
vn -0.2480 0.0078 -0.9687
vn -0.1860 0.6408 0.7448
vn -0.7917 0.3540 0.4980
vn -0.9558 0.1814 -0.2313
vn -0.9562 -0.2655 -0.1234
vn -0.4482 0.6906 0.5676
vn -0.8530 0.3169 0.4146
vn -0.9224 0.1456 -0.3578
vn -0.7932 0.1044 -0.5999
vn -0.5243 0.0506 -0.8500
vn -0.2460 0.0083 -0.9692
vn -0.1946 0.5027 0.8423
vn -0.4032 0.4925 0.7713
vn -0.6599 0.4294 0.6166
vn -0.4066 0.5514 0.7285
vn -0.6036 0.5035 0.6182
vn -0.1919 0.5606 0.8055
vn -0.1983 0.4568 0.8672
vn -0.4043 0.4430 0.8001
vn -0.6805 0.3946 0.6174
vn -0.5284 0.4481 0.7211
vn -0.2973 0.4731 0.8293
vn -0.0977 0.4807 0.8714
vn -0.2772 0.7043 0.6535
vn -0.0882 0.6883 0.7200
vn -0.2836 0.5136 -0.8098
vn -0.3527 0.7179 -0.6002
vn -0.4030 0.3685 -0.8377
vn -0.1942 0.4905 -0.8495
vn -0.1813 0.5101 -0.8408
vn -0.3072 0.6950 -0.6501
vn -0.0586 0.2728 -0.9603
vn -0.1890 0.5171 -0.8348
vn -0.2985 0.6966 -0.6524
vn -0.0544 0.3102 -0.9491
vn -0.3669 0.6814 0.6333
vn -0.4548 0.6188 0.6405
vn -0.3473 0.8288 0.4387
vn -0.3183 0.6407 0.6987
vn -0.2778 0.6480 0.7091
vn -0.1711 0.4218 0.8904
vn -0.3594 0.7940 0.4903
vn -0.2883 0.6786 0.6755
vn -0.1561 0.4539 0.8772
vn -0.3767 0.8140 0.4421
vn -0.3239 0.9424 -0.0831
vn -0.4284 0.8914 -0.1479
vn -0.4237 0.8892 -0.1726
vn -0.3262 0.8613 -0.3895
vn -0.3623 0.8394 -0.4051
vn -0.3831 0.8213 -0.4228
vn -0.3803 0.8179 -0.4318
vn -0.3531 0.9085 0.2236
vn -0.3928 0.8945 0.2135
vn -0.4258 0.8920 0.1520
vn -0.4316 0.8944 0.1172
vn 0.1541 -0.1648 -0.9742
vn 0.2287 -0.1579 -0.9606
vn 0.0679 0.0982 -0.9929
vn 0.0822 0.0931 -0.9923
vn -0.0209 0.0755 -0.9969
vn 0.3063 -0.6067 -0.7336
vn 0.4453 -0.5752 -0.6862
vn 0.3511 -0.4077 -0.8429
vn 0.3536 -0.3973 -0.8468
vn 0.0892 -0.3826 -0.9196
vn 0.0614 -0.1197 0.9909
vn 0.1533 -0.0966 0.9834
vn -0.0159 0.1686 0.9856
vn -0.0087 0.2155 0.9765
vn -0.2666 0.2465 0.9318
vn 0.3551 -0.4610 0.8132
vn 0.2333 -0.3456 0.9089
vn 0.2780 -0.2993 0.9128
vn 0.4308 -0.5882 0.6844
vn 0.3827 -0.6189 0.6859
vn -0.2933 0.1677 -0.9412
vn -0.5027 0.1180 -0.8564
vn -0.3897 -0.1221 -0.9128
vn -0.6498 -0.0447 -0.7588
vn -0.5978 -0.3437 -0.7242
vn -0.8369 -0.0755 -0.5422
vn -0.5989 0.4722 0.6468
vn -0.4714 0.4378 0.7656
vn -0.1416 -0.5157 0.8450
vn -0.8237 0.2596 0.5041
vn -0.6694 0.3268 0.6672
vn -0.8519 0.3345 0.4030
vn -0.7889 0.3505 0.5047
vn -0.9599 -0.2438 -0.1385
vn -0.3447 -0.7421 -0.5749
vn -0.9486 0.0215 -0.3157
vn 0.5450 -0.8364 -0.0578
vn 0.5378 -0.8402 -0.0692
vn 0.5358 -0.8332 0.1367
vn -0.2362 -0.9603 0.1486
vn 0.0006 -0.9594 -0.2820
vn 0.2830 -0.9588 0.0263
vn -0.9886 0.1503 0.0041
vn -0.9378 0.2666 0.2225
vn -0.9415 0.2809 0.1863
vn -0.9690 0.1862 0.1624
vn -0.9779 0.1566 0.1389
vn -0.8729 0.0906 -0.4793
vn -0.7522 -0.5176 -0.4077
vn -0.9536 -0.2896 0.0818
vn -0.8655 -0.4285 0.2594
vn -0.6876 -0.6357 0.3508
vn -0.8012 -0.4003 -0.4447
vn -0.8935 0.0962 -0.4387
vn -0.8758 0.1204 -0.4675
vn -0.8635 0.0985 -0.4947
vn -0.8641 -0.0642 0.4992
vn -0.5796 -0.7838 -0.2230
vn 0.4968 -0.7170 -0.4889
vn 0.4965 -0.7055 -0.5057
vn 0.0925 -0.7546 -0.6497
vn 0.3510 -0.8596 -0.3714
vn 0.5345 -0.7984 -0.2771
vn -0.9395 0.1901 0.2849
vn -0.2892 0.6981 -0.6549
vn -0.1668 0.2910 -0.9421
vn -0.3384 0.4923 0.8020
vn -0.3589 0.7952 0.4887
vn -0.3766 0.9214 -0.0962
vn -0.1221 -0.0803 -0.9893
vn -0.1843 -0.4695 -0.8635
vn -0.4561 0.2280 0.8602
vn -0.7352 0.0972 0.6708
vn -0.9519 0.1500 0.2673
vn -0.9146 0.2520 0.3164
vn -0.8912 0.3310 0.3101
vn -0.8939 0.2205 0.3903
vn -0.9934 0.1145 0.0019
vn -0.9781 0.2064 0.0281
vn -0.9604 0.2717 0.0617
vn 0.5218 -0.7916 0.3181
vn 0.4977 -0.8074 0.3169
vn -0.9786 0.0077 0.2057
vn -0.5045 -0.6129 0.6082
vn -0.9477 0.1242 -0.2940
vn -0.8312 -0.5083 0.2251
vn -0.9774 0.1559 -0.1425
vn -0.9703 0.2137 -0.1131
vn -0.9883 0.1467 -0.0422
vn 0.1011 -0.8944 0.4358
vn 0.4796 -0.7173 0.5054
vn -0.9823 0.1191 -0.1448
vn -0.3013 0.6932 -0.6548
vn -0.0450 0.2941 -0.9547
vn -0.2384 0.4251 0.8732
vn -0.3661 0.7981 0.4785
vn -0.4117 0.9037 -0.1176
vn 0.2194 -0.1606 -0.9623
vn 0.4219 -0.5765 -0.6997
vn -0.1533 -0.0318 0.9877
vn 0.2199 -0.5237 0.8230
vn 0.5021 -0.8572 0.1143
vn 0.5160 -0.8031 -0.2979
vn 0.4028 -0.7729 0.4902
vn 0.3971 -0.8782 0.2666
vn 0.4509 -0.7228 -0.5237
vn -0.5195 -0.8515 0.0713
vn 0.4742 -0.8731 -0.1128
vn 0.2066 -0.7195 0.6631
vn 0.0231 -0.3376 0.9410
vn -0.1075 0.1676 0.9800
vn 0.3158 -0.4053 -0.8579
vn 0.0814 0.0750 -0.9939
vn -0.4119 0.8913 0.1894
vn -0.3888 0.8245 -0.4111
vn -0.2896 0.6330 0.7180
vn -0.1810 0.4969 -0.8487
vn -0.5304 -0.8279 -0.1826
vn -0.2123 0.5257 -0.8238
vn -0.3081 0.7098 0.6335
vn -0.3934 0.8154 -0.4247
vn -0.4372 0.8947 0.0918
vn 0.0369 0.1001 -0.9943
vn 0.3208 -0.4273 -0.8453
vn -0.0337 0.2534 0.9668
vn 0.2562 -0.2865 0.9232
vn 0.4193 -0.5914 0.6888
vn 0.5432 -0.8375 -0.0595
vn 0.4797 -0.7299 -0.4870
vn 0.5240 -0.7915 0.3147
vn 0.2012 -0.1646 -0.9656
vn 0.4247 -0.5983 -0.6795
vn -0.1724 0.4977 0.8501
vn -0.3892 0.8307 0.3981
vn -0.0766 0.3191 -0.9446
vn 0.3481 -0.4463 0.8244
vn 0.1408 -0.0553 0.9885
vn -0.4309 0.8838 -0.1822
vn -0.3103 0.6971 -0.6463
vn 0.4874 -0.7163 0.4995
vn 0.5282 -0.8054 -0.2690
vn 0.5412 -0.8297 0.1366
vn -0.5062 -0.8612 -0.0453
vn -0.2240 0.5268 -0.8199
vn -0.3245 0.7306 0.6008
vn -0.3962 0.8162 -0.4206
vn -0.4381 0.8959 0.0730
vn 0.0203 0.0883 -0.9959
vn 0.3070 -0.4414 -0.8431
vn -0.0598 0.2712 0.9607
vn 0.2441 -0.2818 0.9279
vn 0.4115 -0.5875 0.6968
vn 0.5387 -0.8397 -0.0686
vn 0.4687 -0.7321 -0.4944
vn 0.5212 -0.7929 0.3159
vn 0.3361 -0.4437 0.8308
vn 0.1193 -0.0393 0.9921
vn -0.3257 0.7007 -0.6348
vn -0.1014 0.3215 -0.9414
vn 0.4838 -0.7157 0.5037
vn -0.1992 0.5286 0.8252
vn -0.3988 0.8435 0.3600
vn 0.5414 -0.8302 0.1327
vn -0.4344 0.8810 -0.1874
vn 0.4054 -0.6111 -0.6798
vn 0.5197 -0.8084 -0.2762
vn 0.1748 -0.1779 -0.9684
vn -0.5745 -0.7979 0.1825
vn -0.2276 0.5206 -0.8229
vn -0.3440 0.7391 0.5791
vn -0.3958 0.8201 -0.4134
vn -0.4404 0.8953 0.0672
vn 0.0125 0.0698 -0.9975
vn 0.2976 -0.4505 -0.8418
vn -0.0848 0.2856 0.9546
vn 0.2317 -0.2747 0.9332
vn 0.4060 -0.5838 0.7030
vn 0.5369 -0.8400 -0.0782
vn 0.4628 -0.7309 -0.5016
vn 0.5201 -0.7937 0.3157
vn -0.4057 0.8507 0.3342
vn -0.4329 0.8814 -0.1889
vn 0.5378 -0.8334 0.1273
vn 0.4784 -0.7149 0.5100
vn -0.1075 0.3112 -0.9443
vn 0.1661 -0.1943 -0.9668
vn 0.3976 -0.6149 -0.6810
vn 0.0988 -0.0283 0.9947
vn -0.2199 0.5427 0.8106
vn 0.5137 -0.8084 -0.2874
vn 0.3276 -0.4407 0.8357
vn -0.3270 0.7035 -0.6310
vn -0.6494 -0.7232 0.2351
vn -0.2376 0.5046 -0.8300
vn -0.3726 0.7345 0.5672
vn -0.4060 0.8179 -0.4077
vn -0.4509 0.8897 0.0719
vn -0.0013 0.0383 -0.9993
vn 0.2725 -0.4670 -0.8412
vn -0.1181 0.3058 0.9447
vn 0.2206 -0.2707 0.9370
vn 0.3961 -0.5844 0.7082
vn 0.5278 -0.8449 -0.0868
vn 0.4435 -0.7377 -0.5091
vn 0.5147 -0.7969 0.3164
vn 0.5081 -0.8086 -0.2967
vn 0.3190 -0.4366 0.8412
vn 0.0770 -0.0085 0.9970
vn -0.3332 0.7030 -0.6283
vn -0.1171 0.2927 -0.9490
vn 0.4759 -0.7132 0.5147
vn -0.2507 0.5528 0.7947
vn -0.4203 0.8490 0.3203
vn 0.5378 -0.8342 0.1221
vn -0.4355 0.8819 -0.1807
vn 0.3835 -0.6193 -0.6851
vn 0.1499 -0.2124 -0.9656
vn -0.7888 -0.5777 0.2100
vn -0.0433 0.5586 -0.8283
vn -0.1706 0.8087 0.5629
vn -0.1783 0.8944 -0.4102
vn -0.2133 0.9753 0.0578
vn 0.1747 0.0683 -0.9823
vn 0.4361 -0.3906 -0.8107
vn 0.0348 0.3666 0.9297
vn 0.3432 -0.2234 0.9123
vn 0.5155 -0.5188 0.6820
vn 0.6548 -0.7504 -0.0897
vn 0.5985 -0.6339 -0.4899
vn 0.6274 -0.7185 0.3001
vn 0.3580 -0.6331 -0.6864
vn 0.4891 -0.8172 -0.3049
vn -0.4383 0.8360 0.3300
vn -0.4482 0.8762 -0.1774
vn 0.5270 -0.8418 0.1168
vn 0.4658 -0.7187 0.5162
vn -0.1176 0.2542 -0.9600
vn 0.1351 -0.2513 -0.9584
vn 0.0627 -0.0048 0.9980
vn -0.2810 0.5476 0.7882
vn 0.3123 -0.4467 0.8384
vn -0.3449 0.6880 -0.6385
vn -0.5925 -0.7512 -0.2910
vn 0.2048 0.6043 -0.7700
vn 0.1083 0.8402 0.5313
vn 0.0701 0.9167 -0.3935
vn 0.0405 0.9976 0.0555
vn 0.3997 0.1729 -0.9002
vn 0.6233 -0.2279 -0.7480
vn 0.2839 0.4369 0.8536
vn 0.5284 -0.0746 0.8457
vn 0.6929 -0.3496 0.6306
vn 0.8278 -0.5578 -0.0599
vn 0.7787 -0.4574 -0.4294
vn 0.7987 -0.5301 0.2849
vn 0.6885 -0.3897 -0.6116
vn 0.7817 -0.5682 -0.2571
vn 0.0441 0.9574 0.2852
vn 0.0449 0.9825 -0.1810
vn 0.7772 -0.6199 0.1084
vn 0.7116 -0.5253 0.4666
vn 0.2512 0.3826 -0.8891
vn 0.4801 -0.0735 -0.8742
vn 0.3525 0.1275 0.9271
vn 0.1301 0.6736 0.7275
vn 0.5657 -0.2767 0.7768
vn 0.0982 0.8034 -0.5873
vn -0.7051 -0.6284 -0.3286
vn 0.0911 0.5536 -0.8278
vn -0.0241 0.8153 0.5785
vn -0.0981 0.8943 -0.4366
vn -0.1341 0.9882 0.0735
vn 0.3358 0.1201 -0.9342
vn 0.5648 -0.2771 -0.7773
vn 0.2125 0.3901 0.8959
vn 0.4870 -0.0995 0.8677
vn 0.6604 -0.3714 0.6526
vn 0.7983 -0.5992 -0.0607
vn 0.7261 -0.5132 -0.4576
vn 0.7773 -0.5532 0.2997
vn 0.4272 0.1675 0.8885
vn 0.1780 0.6585 0.7312
vn 0.8225 -0.5158 -0.2395
vn 0.6269 -0.2011 0.7527
vn 0.0909 0.7840 -0.6141
vn 0.2984 0.3763 -0.8771
vn 0.7750 -0.4357 0.4578
vn 0.0229 0.9485 0.3161
vn 0.8361 -0.5356 0.1181
vn -0.0071 0.9827 -0.1849
vn 0.7057 -0.3564 -0.6123
vn 0.5184 -0.0447 -0.8540
vn -0.9235 -0.3812 -0.0423
vn -0.1854 0.4161 -0.8902
vn -0.3545 0.6877 0.6336
vn -0.4110 0.7757 -0.4789
vn -0.4716 0.8780 0.0823
vn 0.1024 -0.0294 -0.9943
vn 0.3637 -0.4396 -0.8212
vn -0.0659 0.2300 0.9710
vn 0.2522 -0.2703 0.9292
vn 0.4417 -0.5572 0.7031
vn 0.6025 -0.7949 -0.0712
vn 0.5266 -0.6915 -0.4944
vn 0.5746 -0.7535 0.3196
vn 0.5622 -0.4921 -0.6647
vn 0.6939 -0.6679 -0.2692
vn -0.2608 0.8959 0.3596
vn -0.2959 0.9326 -0.2069
vn 0.7177 -0.6847 0.1264
vn 0.6499 -0.5716 0.5009
vn 0.0915 0.2674 -0.9592
vn 0.3600 -0.1671 -0.9179
vn 0.2461 0.0495 0.9680
vn -0.0646 0.5684 0.8202
vn -0.4555 -0.8678 0.1986
vn 0.4798 -0.3250 0.8149
vn -0.1710 0.7027 -0.6906
vn -0.9006 -0.4015 -0.1664
vn -0.4677 0.1986 -0.8613
vn -0.6658 0.4385 0.6037
vn -0.7059 0.5370 -0.4618
vn -0.7732 0.6295 0.0763
vn -0.1616 -0.2235 -0.9612
vn 0.1096 -0.6071 -0.7870
vn -0.3817 0.0066 0.9242
vn -0.0530 -0.4724 0.8798
vn 0.1135 -0.7439 0.6585
vn 0.2996 -0.9521 -0.0613
vn 0.2561 -0.8454 -0.4687
vn 0.2466 -0.9210 0.3015
vn 0.1163 -0.3407 -0.9329
vn 0.3239 -0.6663 -0.6717
vn -0.0490 -0.1467 0.9880
vn -0.3910 0.3733 0.8413
vn 0.4388 -0.8548 -0.2771
vn -0.4062 -0.9127 0.0451
vn 0.1945 -0.5251 0.8286
vn -0.4666 0.5269 -0.7104
vn -0.1753 0.0943 -0.9800
vn 0.3607 -0.7814 0.5092
vn -0.6016 0.7075 0.3708
vn 0.4452 -0.8863 0.1272
vn -0.6198 0.7547 -0.2151
vn -0.8892 -0.4466 0.0995
vn -0.7144 -0.0885 -0.6942
vn -0.8758 0.1104 0.4698
vn -0.9134 0.1771 -0.3664
vn -0.9651 0.2575 0.0484
vn -0.4211 -0.4276 -0.7999
vn -0.1611 -0.7269 -0.6676
vn -0.6322 -0.2337 0.7387
vn -0.3138 -0.6301 0.7103
vn -0.1634 -0.8308 0.5321
vn 0.0053 -0.9992 -0.0384
vn -0.0255 -0.9211 -0.3884
vn -0.0466 -0.9660 0.2544
vn -0.5891 -0.6883 -0.4232
vn 0.1323 -0.9838 0.1213
vn -0.8742 0.4441 -0.1965
vn -0.7377 0.2433 -0.6298
vn 0.0648 -0.7929 -0.6059
vn 0.1516 -0.9597 -0.2366
vn -0.8558 0.4037 0.3235
vn 0.0377 -0.8958 0.4428
vn -0.4418 -0.1357 -0.8868
vn -0.1424 -0.5133 -0.8463
vn -0.3385 -0.3539 0.8719
vn -0.6691 0.1067 0.7355
vn -0.1024 -0.6885 0.7180
vn -0.8236 -0.4982 -0.2710
vn -0.8261 -0.3441 -0.4463
vn -0.9381 -0.2171 0.2698
vn -0.9548 -0.1706 -0.2435
vn -0.9932 -0.1161 0.0023
vn -0.6190 -0.5663 -0.5442
vn -0.4236 -0.7707 -0.4760
vn -0.7678 -0.4527 0.4533
vn -0.5273 -0.7122 0.4635
vn -0.4014 -0.8410 0.3628
vn -0.2817 -0.9590 -0.0318
vn -0.3168 -0.9066 -0.2789
vn -0.3108 -0.9346 0.1730
vn -0.4122 -0.6445 -0.6440
vn -0.2312 -0.8512 -0.4712
vn -0.5688 -0.5352 0.6245
vn -0.8419 -0.1928 0.5041
vn -0.1524 -0.9726 -0.1758
vn -0.5421 -0.7782 0.3170
vn -0.3493 -0.7717 0.5315
vn -0.8942 -0.1052 -0.4352
vn -0.6662 -0.3784 -0.6427
vn -0.2293 -0.9129 0.3377
vn -0.9780 0.0198 0.2075
vn -0.1559 -0.9829 0.0978
vn -0.9880 0.0389 -0.1496
vn -0.6446 -0.7646 -0.0031
vn -0.6492 -0.7517 -0.1162
vn -0.6380 -0.7680 -0.0550
vn -0.6710 -0.7397 0.0514
vn -0.7072 -0.7029 0.0756
vn -0.7766 -0.6273 0.0580
vn -0.6801 -0.7141 -0.1659
vn -0.7362 -0.6517 -0.1827
vn -0.8405 -0.5386 -0.0587
vn -0.8307 -0.5459 -0.1093
vn -0.8238 -0.5669 0.0022
vn -0.7947 -0.5870 -0.1548
vn -0.6178 -0.7631 -0.1898
vn -0.5877 -0.8033 -0.0962
vn -0.6540 -0.7443 0.1352
vn -0.7312 -0.6661 0.1472
vn -0.8775 -0.4690 -0.0999
vn -0.8439 -0.5085 -0.1710
vn -0.7674 -0.5968 -0.2343
vn -0.6813 -0.6908 -0.2422
vn -0.5829 -0.8125 -0.0103
vn -0.8260 -0.5567 0.0888
vn -0.8739 -0.4861 -0.0023
vn -0.6080 -0.7908 0.0708
vn -0.7039 -0.7099 -0.0243
vn -0.7176 -0.6964 -0.0033
vn -0.7776 -0.6282 -0.0257
vn -0.7911 -0.6094 -0.0528
vn -0.6963 -0.7163 -0.0469
vn -0.7601 -0.6405 -0.1094
vn -0.7279 -0.6761 -0.1143
vn -0.7453 -0.6667 -0.0016
vn -0.7852 -0.6129 -0.0882
vn -0.7068 -0.7010 -0.0955
vn -0.6985 -0.7123 -0.0685
vn -0.7933 -0.6045 -0.0720
vn -0.1206 0.1096 0.9866
vn -0.3588 0.1223 0.9254
vn -0.6512 0.1261 0.7484
vn -0.8962 0.1063 0.4307
vn -0.9616 0.0594 -0.2679
vn -0.7457 0.2294 -0.6255
vn -0.3993 0.2876 -0.8705
vn 0.1095 0.1257 -0.9860
vn -0.8996 0.1103 -0.4225
vn -0.9694 0.0697 0.2356
vn -0.9983 0.0585 -0.0058
vn -0.2261 0.2550 -0.9401
vn -0.5556 0.2507 -0.7927
vn -0.8203 0.1440 -0.5535
vn -0.2225 0.2063 0.9529
vn -0.4626 0.2122 0.8608
vn -0.7791 0.1927 0.5966
vn -0.9249 0.1338 0.3558
vn -0.9873 0.0956 0.1273
vn -0.9870 0.0771 -0.1407
vn -0.9234 0.0775 -0.3759
vn -0.1261 -0.1461 0.9812
vn -0.3848 -0.1040 0.9171
vn -0.6857 -0.0634 0.7251
vn -0.9141 -0.0189 0.4050
vn -0.9728 0.0600 -0.2239
vn -0.7987 0.2151 -0.5619
vn -0.4266 0.2390 -0.8723
vn 0.3279 0.0440 -0.9437
vn -0.9325 0.1322 -0.3363
vn -0.9794 0.0192 0.2012
vn -0.9990 0.0425 -0.0153
vn -0.8226 0.0396 0.5672
vn -0.9479 0.0391 0.3163
vn -0.9939 0.0399 0.1027
vn -0.9900 0.0452 -0.1338
vn -0.2475 0.0042 0.9689
vn -0.2238 0.2656 -0.9377
vn -0.0605 0.2451 -0.9676
vn -0.9437 0.0782 -0.3215
vn -0.5153 0.0259 0.8566
vn -0.8695 0.1773 -0.4610
vn -0.6087 0.2661 -0.7474
vn -0.1163 -0.7355 0.6675
vn -0.2949 -0.6294 0.7189
vn -0.5593 -0.5141 0.6503
vn -0.8078 -0.2465 0.5354
vn -0.9922 0.0521 -0.1132
vn -0.8722 -0.1183 -0.4745
vn -0.4826 -0.4182 -0.7695
vn 0.4336 -0.7326 -0.5246
vn -0.9701 0.0003 -0.2426
vn -0.9539 0.0005 0.3001
vn -0.9987 0.0476 0.0179
vn -0.2151 -0.5138 -0.8305
vn -0.9976 0.0470 -0.0509
vn -0.9636 0.1004 -0.2478
vn -0.2294 -0.7098 0.6660
vn -0.5305 -0.2024 0.8232
vn -0.9033 0.1679 -0.3947
vn -0.6579 0.1881 -0.7292
vn -0.8318 -0.1270 0.5403
vn -0.9000 -0.1138 0.4208
vn -0.9968 0.0412 0.0687
vn -0.2264 -0.0697 -0.9715
vn -0.9936 0.0456 -0.1031
vn -0.9840 0.0545 -0.1699
vn -0.2388 -0.5450 0.8037
vn -0.4883 -0.5766 0.6551
vn -0.9375 0.0584 -0.3430
vn -0.7220 -0.0499 -0.6901
vn -0.7788 -0.3893 0.4918
vn -0.9484 -0.1183 0.2943
vn -0.9990 0.0053 0.0439
vn -0.1240 -0.6456 0.7536
vn -0.9988 0.0234 -0.0422
vn -0.8854 -0.2522 0.3905
vn -0.4902 -0.0733 -0.8685
vn -0.9850 -0.0371 0.1687
vn -0.6511 -0.4483 0.6124
vn -0.8582 0.0657 -0.5091
vn -0.9660 0.0860 -0.2436
vn -0.3628 -0.5839 0.7262
vn -0.9891 0.0479 -0.1395
vn 0.4493 -0.3667 -0.8147
vn 0.0475 -0.9316 0.3603
vn -0.1138 -0.6845 0.7201
vn 0.1462 -0.9888 0.0304
vn 0.2192 -0.9374 0.2708
vn 0.2306 -0.9142 -0.3333
vn 0.2958 -0.9431 -0.1519
vn -0.2336 -0.2993 -0.9251
vn -0.9964 0.0322 -0.0790
vn -0.2407 -0.6778 0.6947
vn -0.9327 -0.1317 0.3357
vn -0.9848 0.0394 -0.1694
vn -0.4523 -0.6133 0.6475
vn -0.9433 -0.0100 -0.3317
vn -0.7278 -0.1849 -0.6603
vn -0.7360 -0.4155 0.5345
vn -0.9958 0.0252 0.0882
vn -0.1303 -0.7301 0.6708
vn -0.9995 0.0284 -0.0155
vn -0.8563 -0.2674 0.4418
vn -0.5019 -0.2690 -0.8220
vn -0.9742 -0.0257 0.2240
vn -0.6164 -0.5235 0.5882
vn -0.8731 -0.0180 -0.4872
vn -0.9725 0.0386 -0.2296
vn -0.3533 -0.6644 0.6586
vn -0.9922 0.0453 -0.1164
vn 0.4573 -0.5712 -0.6816
vn -0.9765 0.0862 -0.1975
vn -0.5111 -0.4395 0.7387
vn -0.9245 0.1150 -0.3634
vn -0.6982 0.0720 -0.7123
vn -0.8111 -0.2976 0.5034
vn -0.9991 0.0271 0.0338
vn -0.2202 0.1341 -0.9662
vn -0.9913 0.0591 -0.1177
vn -0.2489 -0.2815 0.9267
vn -0.9540 -0.0383 0.2972
vn 0.4227 -0.1490 -0.8939
vn -0.9818 0.0727 -0.1754
vn -0.3781 -0.3823 0.8432
vn -0.9522 0.1317 -0.2757
vn -0.8366 0.1430 -0.5288
vn -0.6819 -0.2732 0.6785
vn -0.9852 -0.0043 0.1713
vn -0.4660 0.0992 -0.8792
vn -0.9087 -0.1505 0.3893
vn -0.9980 0.0524 -0.0358
vn -0.1228 -0.4567 0.8811
vn -0.0789 0.1686 -0.9825
vn -0.0070 0.1299 -0.9915
vn 0.0173 0.1879 -0.9820
vn 0.0039 0.1769 -0.9842
vn 0.0828 -0.6655 -0.7418
vn 0.0402 -0.2698 -0.9621
vn 0.0316 -0.5280 -0.8487
vn 0.0327 -0.0469 -0.9984
vn 0.2424 0.0108 -0.9701
vn 0.2772 -0.4482 -0.8499
vn 0.2720 -0.2162 -0.9377
vn 0.2708 -0.6709 -0.6903
vn 0.1356 0.1798 -0.9743
vn 0.3610 -0.8321 -0.4211
vn 0.0908 -0.1115 0.9896
vn -0.3201 -0.0725 0.9446
vn -0.6898 0.0166 0.7238
vn -0.9845 0.0221 -0.1740
vn -0.7880 -0.2193 -0.5753
vn -0.4266 -0.4151 -0.8035
vn -0.9313 -0.0539 -0.3602
vn -0.9148 0.0357 0.4024
vn -0.9975 0.0315 0.0639
vn 0.3300 -0.0891 0.9398
vn 0.9600 -0.0768 0.2693
vn 0.9851 -0.1484 -0.0866
vn 0.1381 -0.5155 -0.8457
vn 0.8205 -0.3941 -0.4140
vn -0.9126 -0.1290 -0.3880
vn -0.7124 -0.3292 -0.6198
vn 0.4338 -0.6048 -0.6679
vn 0.4747 -0.8381 -0.2688
vn -0.1876 -0.5943 -0.7820
vn 0.9721 -0.2190 0.0835
vn 0.4222 -0.7378 0.5268
vn -0.9693 0.0068 -0.2459
vn 0.1769 -0.2110 0.9613
vn -0.3226 -0.4906 0.8095
vn -0.8101 0.0147 0.5861
vn -0.9904 0.0456 0.1307
vn -0.6785 -0.3288 0.6569
vn -0.9975 0.0606 -0.0358
vn 0.0997 0.5937 0.7985
vn -0.3087 0.5775 0.7558
vn -0.7409 0.2326 0.6301
vn -0.9730 -0.0119 -0.2304
vn -0.4586 -0.0071 -0.8886
vn -0.0541 -0.0012 -0.9985
vn -0.8440 -0.0130 -0.5363
vn -0.8705 0.0582 0.4887
vn -0.9878 0.0009 0.1558
vn 0.4207 0.4547 0.7850
vn 0.9766 -0.0002 0.2150
vn 0.9859 -0.0073 -0.1673
vn 0.3520 -0.0004 -0.9360
vn 0.7847 0.0007 -0.6199
vn -0.6962 -0.0182 -0.7176
vn -0.5442 -0.2813 -0.7904
vn 0.1354 -0.0042 -0.9908
vn 0.5282 -0.4311 -0.7315
vn 0.9521 -0.1637 -0.2582
vn -0.9215 -0.0219 -0.3878
vn -0.7706 0.0524 0.6351
vn -0.9745 0.0213 0.2233
vn 0.1670 0.2026 0.9649
vn -0.0505 -0.0389 0.9980
vn -0.9986 0.0191 -0.0500
vn -0.5310 0.0158 0.8473
vn 0.9176 -0.0030 0.3976
vn 0.9996 -0.0116 0.0242
vn -0.9364 -0.0807 -0.3416
vn -0.6737 -0.3722 -0.6385
vn 0.3086 -0.7431 -0.5937
vn 0.8771 -0.4347 -0.2041
vn -0.2022 -0.5517 -0.8092
vn 0.5863 -0.8063 0.0781
vn 0.8542 -0.1870 0.4852
vn -0.9800 0.0285 -0.1971
vn -0.0890 -0.5334 0.8412
vn -0.1213 -0.2132 0.9694
vn -0.8527 -0.0627 0.5186
vn -0.9859 0.0434 0.1618
vn -0.5985 -0.1001 0.7949
vn -0.9981 0.0484 -0.0370
vn -0.9901 0.0522 -0.1305
vn 0.1995 -0.3593 0.9116
vn -0.7502 -0.1164 0.6509
vn -0.9975 0.0591 0.0387
vn 0.1032 -0.6408 -0.7608
vn 0.8200 -0.5650 -0.0919
vn -0.4311 -0.2938 0.8531
vn -0.9330 0.0340 0.3583
vn -0.0393 -0.3568 0.9333
vn -0.9592 -0.0377 -0.2801
vn 0.8460 -0.4273 0.3188
vn -0.4805 -0.5268 -0.7011
vn 0.5412 -0.7351 -0.4084
vn -0.8493 -0.2268 -0.4767
vn -0.8408 -0.1136 -0.5292
vn -0.7207 -0.0422 -0.6920
vn -0.6837 -0.0156 -0.7296
vn -0.6849 -0.0119 -0.7285
vn -0.2584 -0.0085 -0.9660
vn -0.2546 -0.0125 -0.9670
vn -0.2518 -0.0307 -0.9673
vn -0.3223 -0.1110 -0.9401
vn -0.1356 -0.4273 -0.8939
vn 0.0540 -0.1654 -0.9848
vn 0.1225 -0.0316 -0.9920
vn 0.1266 -0.0092 -0.9919
vn 0.5699 0.0027 -0.8217
vn 0.5642 -0.0012 -0.8256
vn 0.5624 -0.0207 -0.8266
vn 0.5566 -0.1437 -0.8183
vn 0.9145 0.0095 -0.4045
vn 0.9096 0.0118 -0.4152
vn 0.9091 0.0045 -0.4165
vn 0.9251 -0.0298 -0.3786
vn -0.9401 -0.0062 -0.3408
vn -0.9101 -0.0085 -0.4144
vn -0.9084 -0.0105 -0.4179
vn -0.9130 -0.0121 -0.4077
vn -0.7784 0.0407 0.6264
vn -0.7672 0.0160 0.6412
vn -0.7711 -0.0011 0.6367
vn -0.7780 -0.0078 0.6282
vn -0.9426 -0.0149 0.3335
vn -0.9477 -0.0141 0.3189
vn -0.9533 -0.0114 0.3019
vn -0.9607 -0.0003 0.2777
vn 0.2074 -0.0302 0.9778
vn 0.1726 -0.0033 0.9850
vn 0.1453 -0.0066 0.9894
vn 0.1239 -0.0070 0.9923
vn -0.1430 -0.0177 0.9896
vn -0.1383 -0.0100 0.9903
vn -0.1124 -0.0083 0.9936
vn -0.0773 -0.0020 0.9970
vn -0.9993 -0.0152 -0.0327
vn -0.9991 -0.0138 -0.0408
vn -0.9987 -0.0116 -0.0498
vn -0.9985 -0.0046 -0.0554
vn -0.5459 -0.0181 0.8376
vn -0.5499 -0.0028 0.8352
vn -0.5370 0.0058 0.8436
vn -0.5219 0.0175 0.8528
vn 0.8955 -0.0302 0.4440
vn 0.9196 -0.0000 0.3928
vn 0.9309 0.0079 0.3651
vn 0.9299 0.0081 0.3678
vn 0.9982 -0.0410 0.0430
vn 0.9999 0.0103 -0.0000
vn 0.9997 0.0152 -0.0189
vn 0.9998 0.0122 -0.0148
vn 0.9873 -0.0322 -0.1555
vn 0.9798 0.0151 -0.1996
vn 0.9780 0.0125 -0.2081
vn 0.9800 0.0120 -0.1987
vn -0.9719 0.0036 -0.2354
vn -0.9677 -0.0106 -0.2518
vn -0.9688 -0.0125 -0.2477
vn -0.9713 -0.0143 -0.2375
vn 0.9742 -0.0094 0.2253
vn 0.9831 0.0124 0.1826
vn 0.9844 0.0118 0.1757
vn 0.9830 0.0069 0.1837
vn -0.6630 0.0321 0.7479
vn -0.6673 0.0109 0.7447
vn -0.6825 0.0012 0.7309
vn -0.6886 -0.0085 0.7251
vn 0.3207 -0.0065 0.9472
vn 0.2986 -0.0059 0.9544
vn 0.2771 -0.0054 0.9608
vn 0.2610 -0.0072 0.9653
vn -0.2870 0.0034 0.9579
vn -0.3052 0.0031 0.9523
vn -0.3330 -0.0052 0.9429
vn -0.3405 -0.0102 0.9402
vn -0.9946 0.0092 0.1029
vn -0.9919 -0.0096 0.1264
vn -0.9898 -0.0129 0.1420
vn -0.9880 -0.0144 0.1540
vn 0.0780 -0.0095 0.9969
vn 0.0419 -0.0051 0.9991
vn 0.0124 -0.0089 0.9999
vn -0.0039 -0.0109 0.9999
vn -0.8902 0.0210 0.4550
vn -0.8776 -0.0027 0.4794
vn -0.8732 -0.0108 0.4873
vn -0.8683 -0.0135 0.4958
vn -0.8644 -0.0344 -0.5016
vn -0.8283 -0.0107 -0.5601
vn -0.8295 -0.0108 -0.5584
vn -0.8366 -0.0106 -0.5478
vn 0.8102 -0.2040 -0.5495
vn 0.7745 -0.0236 -0.6322
vn 0.7668 -0.0005 -0.6419
vn 0.7721 0.0091 -0.6354
vn -0.2473 -0.2703 -0.9305
vn -0.0824 -0.0584 -0.9949
vn -0.0684 -0.0192 -0.9975
vn -0.0714 -0.0084 -0.9974
vn 0.2080 -0.3427 -0.9161
vn 0.3281 -0.0597 -0.9428
vn 0.3379 -0.0156 -0.9411
vn 0.3421 -0.0036 -0.9397
vn -0.6230 -0.1452 -0.7686
vn -0.4808 -0.0354 -0.8761
vn -0.4632 -0.0191 -0.8860
vn -0.4696 -0.0091 -0.8828
vn 0.4818 0.3276 0.8127
vn -0.2615 0.3208 0.9103
vn -0.5480 0.7169 0.4309
vn -0.9358 -0.2651 -0.2324
vn -0.4139 -0.3385 -0.8451
vn -0.0312 -0.3318 -0.9428
vn -0.7841 -0.3110 -0.5371
vn -0.9895 -0.0965 0.1079
vn -0.9810 -0.1940 0.0058
vn 0.9918 -0.1247 0.0292
vn 0.9331 -0.2679 -0.2401
vn 0.3343 -0.3480 -0.8759
vn 0.7072 -0.3476 -0.6156
vn -0.9991 0.0062 -0.0428
vn 0.1431 0.0001 -0.9897
vn 0.5732 0.0027 -0.8194
vn -0.6824 -0.0022 -0.7309
vn 0.9204 0.0010 -0.3909
vn 0.9408 0.0623 0.3331
vn -0.0524 0.8370 0.5447
vn -0.5052 0.7647 0.4000
vn 0.3339 0.7699 0.5439
vn 0.1749 0.8838 0.4339
vn -0.2332 0.8804 0.4130
vn 0.1131 0.6117 0.7830
vn -0.9913 0.0040 0.1314
vn -0.9655 0.0915 0.2440
vn -0.8301 0.1764 0.5290
vn 0.9116 0.3794 0.1582
vn 0.9787 0.1099 0.1732
vn 0.9960 0.0147 0.0882
vn -0.9523 0.0509 0.3010
vn -0.9751 0.1000 0.1978
vn -0.9975 0.0209 -0.0672
vn -0.2284 0.0041 -0.9736
vn -0.2110 -0.0167 -0.9774
vn 0.1531 -0.0243 -0.9879
vn 0.5622 -0.0255 -0.8266
vn -0.9189 0.0028 -0.3946
vn -0.9132 0.0024 -0.4075
vn -0.6622 -0.0140 -0.7492
vn 0.9101 -0.0091 -0.4143
vn 0.9998 0.0038 0.0184
vn 0.9993 0.0311 -0.0188
vn 0.9684 0.1448 0.2033
vn -0.8372 0.2040 0.5075
vn -0.9141 0.2779 0.2952
vn 0.9823 0.0074 -0.1874
vn 0.9752 -0.0169 -0.2209
vn -0.4368 0.0027 -0.8995
vn -0.4247 -0.0698 -0.9026
vn -0.9212 0.1610 0.3542
vn -0.9695 0.1425 0.1994
vn 0.9849 0.0490 0.1659
vn 0.9930 0.0771 0.0893
vn -0.9711 0.0150 -0.2380
vn -0.9687 -0.0301 -0.2466
vn 0.7731 0.0002 -0.6343
vn 0.7597 -0.0684 -0.6466
vn -0.8304 0.0068 -0.5571
vn -0.8195 -0.0536 -0.5705
vn 0.3500 -0.0066 -0.9367
vn 0.3498 -0.0736 -0.9339
vn -0.0377 0.0003 -0.9993
vn -0.0269 -0.0695 -0.9972
vn -0.9925 0.0415 0.1152
vn -0.9984 0.0208 0.0532
vn -0.8396 0.3845 0.3837
vn -0.7992 0.5516 0.2387
vn -0.6971 0.6660 0.2654
vn -0.7671 0.4760 0.4300
vn -0.9301 0.3030 0.2076
vn -0.8891 0.4016 0.2197
vn -0.8568 0.4565 0.2399
vn -0.8167 0.5292 0.2302
vn 0.0230 0.8773 0.4793
vn 0.4982 0.7744 0.3901
vn -0.2310 0.7531 0.6160
vn 0.3444 0.7408 0.5767
vn -0.7719 0.5098 0.3798
vn 0.6200 0.7004 0.3537
vn 0.9612 0.2312 0.1502
vn 0.8802 0.2045 0.4283
vn 0.7798 0.5420 0.3133
vn 0.0622 -0.8529 0.5184
vn 0.7844 -0.0811 0.6149
vn 0.8627 0.0660 0.5013
vn 0.6347 -0.3926 0.6655
vn 0.8193 -0.0111 0.5732
vn 0.8445 0.0013 0.5356
vn 0.8490 0.0050 0.5284
vn 0.8446 0.0031 0.5354
vn 0.9279 0.1956 0.3173
vn 0.8513 0.2341 0.4696
vn 0.7400 0.0025 0.6726
vn 0.7447 -0.0002 0.6675
vn 0.7330 -0.0048 0.6803
vn 0.7048 -0.0279 0.7089
vn 0.2521 -0.6526 0.7146
vn 0.7387 0.0439 0.6726
vn 0.6476 -0.1843 0.7393
vn -0.0299 -0.8514 0.5236
vn 0.9195 0.3283 0.2160
vn -0.0300 -0.7622 0.6467
vn 0.5795 -0.0824 0.8108
vn 0.7009 0.2295 0.6754
vn 0.4324 -0.3643 0.8248
vn 0.6046 -0.0094 0.7965
vn 0.6148 -0.0047 0.7887
vn 0.6098 -0.0016 0.7925
vn 0.5987 -0.0021 0.8010
vn 0.8437 0.4248 0.3281
vn -0.0735 -0.7663 0.6382
vn 0.4262 -0.1902 0.8844
vn 0.4660 0.1272 0.8756
vn 0.0887 -0.5808 0.8092
vn 0.4671 -0.0264 0.8838
vn 0.4646 -0.0062 0.8855
vn 0.4544 -0.0055 0.8908
vn 0.4390 -0.0030 0.8985
vn 0.6871 0.5095 0.5179
vn 0.8166 0.5310 0.2263
vn 0.0987 -0.9900 0.1003
vn -0.1328 -0.9824 0.1314
vn -0.3317 -0.9414 -0.0609
vn -0.1069 -0.9814 -0.1595
vn 0.0132 -0.9931 -0.1164
vn -0.2504 -0.9603 -0.1229
vn -0.4283 -0.9036 -0.0105
vn -0.3877 -0.9215 -0.0234
vn 0.1491 -0.9888 -0.0076
vn 0.0908 -0.9955 -0.0252
vn -0.0066 -0.9975 -0.0709
vn 0.0077 -0.9978 -0.0653
vn -0.4411 -0.8974 0.0057
vn -0.4056 -0.9118 0.0639
vn -0.2725 -0.9531 0.1318
vn 0.2192 -0.9752 0.0315
vn 0.1969 -0.9804 0.0053
vn 0.1985 -0.9783 0.0587
vn -0.6964 -0.7173 0.0208
vn -0.9431 -0.3296 0.0434
vn 0.4930 -0.8699 0.0147
vn 0.9784 -0.1721 0.1144
vn 0.0294 -0.8831 0.4682
vn -0.6289 -0.0828 0.7731
vn -0.9034 -0.4194 -0.0891
vn 0.5537 -0.8162 0.1649
vn 0.7549 -0.0480 0.6541
vn -0.7065 -0.7045 0.0683
vn 0.3943 -0.9179 -0.0438
vn -0.6204 -0.7467 0.2400
vn 0.2594 -0.9559 -0.1377
vn -0.8090 -0.4800 -0.3393
vn 0.0352 -0.9592 -0.2804
vn 0.4611 -0.5761 -0.6749
vn -0.3112 -0.9062 -0.2861
vn -0.1971 -0.5432 -0.8161
vn -0.0366 -0.9853 -0.1668
vn -0.0136 -0.9912 -0.1318
vn -0.0643 -0.9979 -0.0093
vn 0.0012 -0.9996 -0.0287
vn 0.0505 -0.9983 -0.0285
vn -0.0554 -0.9982 -0.0225
vn -0.0536 -0.9985 -0.0084
vn -0.0643 -0.9979 0.0048
vn -0.0513 -0.9987 0.0013
vn -0.0380 -0.9992 0.0161
vn -0.0027 -0.9995 -0.0318
vn -0.0500 -0.9977 -0.0459
vn -0.0392 -0.9992 -0.0057
vn -0.0119 -0.9998 -0.0132
vn 0.0129 -0.9987 -0.0491
vn -0.0843 -0.9962 -0.0227
vn -0.0601 -0.9979 -0.0236
vn -0.1131 -0.9906 -0.0767
vn 0.0225 -0.9995 -0.0200
vn -0.0625 -0.9980 -0.0119
vn -0.1014 -0.9919 -0.0767
vn 0.0167 -0.9982 -0.0575
vn -0.0432 -0.9989 -0.0161
vn -0.1614 -0.9869 -0.0046
vn -0.1822 -0.9832 -0.0133
vn -0.1615 -0.9859 -0.0439
vn -0.1089 -0.9941 0.0018
vn -0.1866 -0.9824 -0.0114
vn -0.0700 -0.9959 -0.0564
vn -0.1799 -0.9835 -0.0170
vn -0.0271 -0.9928 -0.1167
vn -0.0341 -0.9901 -0.1358
vn -0.0224 -0.9995 -0.0233
vn -0.0466 -0.9983 -0.0339
vn -0.0250 -0.9997 0.0081
vn -0.0227 -0.9996 -0.0142
vn 0.0050 -0.9998 -0.0181
vn -0.0075 -1.0000 0.0049
vn 0.0019 -1.0000 -0.0015
vn -0.0073 -1.0000 -0.0053
vn 0.0086 -1.0000 -0.0032
vn -0.0113 -0.9999 0.0039
vn 0.0190 -0.9998 0.0073
vn -0.0052 -1.0000 0.0074
vn 0.0180 -0.9998 0.0053
vn -0.0028 -1.0000 -0.0060
vn 0.0292 -0.9994 -0.0196
vn 0.0091 -0.9993 -0.0352
vn 0.0107 -0.9999 0.0101
vn 0.0092 -1.0000 -0.0004
vn 0.0110 -0.9999 -0.0083
vn 0.0091 -0.9999 -0.0092
vn 0.0201 -0.9998 -0.0021
vn 0.0139 -0.9999 0.0031
vn 0.0241 -0.9996 0.0135
vn 0.0085 -0.9998 0.0153
vn 0.0171 -0.9997 -0.0161
vn 0.0311 -0.9979 -0.0560
vn -0.0303 -0.9995 0.0010
vn -0.0204 -0.9997 -0.0121
vn -0.0118 -0.9999 -0.0087
vn -0.0116 -0.9998 0.0188
vn -0.0001 -0.9996 -0.0286
vn -0.9651 -0.2466 0.0880
vn -0.6502 -0.7597 -0.0038
vn 0.9630 -0.2650 0.0489
vn 0.5485 -0.8329 0.0736
vn 0.1291 -0.0583 0.9899
vn -0.3880 -0.8304 0.3998
vn -0.5748 -0.8165 -0.0550
vn 0.9514 -0.0967 0.2924
vn 0.4233 -0.8421 0.3341
vn -0.9756 -0.1694 0.1395
vn 0.9017 -0.4229 -0.0895
vn -0.9197 -0.1065 0.3778
vn 0.7530 -0.5382 -0.3786
vn -0.4765 -0.8637 -0.1641
vn 0.1324 -0.5581 -0.8191
vn 0.1229 -0.9643 -0.2347
vn -0.5727 -0.5333 -0.6226
vn -0.0966 -0.9385 -0.3316
vn 0.4288 -0.5239 0.7360
vn 0.8537 -0.4929 0.1685
vn -0.5865 -0.7216 -0.3680
vn -0.0297 -0.7921 -0.6097
vn 0.4377 -0.8098 -0.3907
vn -0.7412 -0.4579 0.4909
vn -0.3081 -0.7680 -0.5615
vn 0.2035 -0.8146 -0.5431
vn -0.7315 -0.6637 -0.1561
vn 0.6372 -0.7531 -0.1637
vn -0.8817 -0.4257 0.2035
vn 0.7647 -0.6442 -0.0137
vn -0.8871 -0.4567 0.0665
vn 0.7908 -0.4676 0.3950
vn -0.8064 -0.5911 -0.0191
vn -0.2749 -0.5401 0.7954
vn 0.8342 -0.5471 0.0684
vn -0.8576 -0.5126 0.0432
vn -0.9946 -0.0084 0.1031
vn -0.2093 -0.1723 -0.9625
vn -0.9042 -0.1360 -0.4050
vn 0.9967 -0.0488 -0.0652
vn -0.9804 0.1123 0.1618
vn 0.6749 0.4886 0.5530
vn -0.9568 0.2284 0.1801
vn -0.9913 -0.0946 -0.0916
vn 0.1544 -0.1705 -0.9732
vn 0.5506 -0.1805 -0.8150
vn -0.6502 -0.1685 -0.7409
vn 0.8882 -0.1461 -0.4357
vn 0.9905 0.0904 0.1039
vn -0.5867 0.4838 0.6494
vn -0.8953 0.3028 0.3268
vn 0.9677 0.2232 0.1171
vn 0.9143 0.3264 0.2399
vn -0.6926 -0.0075 -0.7213
vn -0.6967 -0.0118 -0.7173
vn 0.1283 -0.0079 -0.9917
vn 0.1308 -0.0075 -0.9914
vn -0.9179 -0.0140 -0.3965
vn -0.9202 -0.0192 -0.3910
vn -0.7748 -0.0155 0.6320
vn -0.7596 -0.0168 0.6501
vn 0.1125 -0.0177 0.9935
vn 0.1131 -0.0369 0.9929
vn 0.9270 0.0002 0.3751
vn 0.9213 -0.0083 0.3888
vn 1.0000 0.0049 -0.0043
vn 1.0000 -0.0050 0.0084
vn -0.2430 -0.0081 -0.9700
vn -0.2510 -0.0092 -0.9680
vn 0.5791 -0.0014 -0.8152
vn 0.5759 -0.0009 -0.8175
vn 0.9230 -0.0063 -0.3848
vn 0.9187 -0.0015 -0.3949
vn -0.9377 0.0007 0.3474
vn -0.9380 -0.0140 0.3463
vn -0.0762 0.2443 0.9667
vn -0.1258 -0.0250 0.9917
vn -0.9993 -0.0176 -0.0325
vn -0.9994 -0.0184 -0.0304
vn -0.5416 0.1904 0.8188
vn -0.5295 -0.0228 0.8480
vn 0.7324 -0.0054 0.6808
vn 0.7185 -0.0184 0.6953
vn 0.4259 -0.0133 0.9047
vn 0.4085 -0.0306 0.9123
vn 0.2478 -0.0324 0.9683
vn 0.2489 0.0075 0.9685
vn 0.5856 -0.0217 0.8103
vn 0.5801 0.0010 0.8145
vn 0.9822 0.0025 -0.1878
vn 0.9846 -0.0082 -0.1747
vn -0.9727 -0.0173 -0.2314
vn -0.9728 -0.0228 -0.2304
vn 0.9813 -0.0022 0.1925
vn 0.9775 -0.0103 0.2108
vn -0.6777 -0.0273 0.7348
vn -0.6680 0.0219 0.7439
vn 0.8382 -0.0086 0.5452
vn 0.8288 -0.0084 0.5594
vn -0.3326 -0.0287 0.9426
vn -0.2994 0.0399 0.9533
vn -0.9866 -0.0155 0.1622
vn -0.9862 -0.0148 0.1648
vn -0.0040 -0.0301 0.9995
vn 0.0255 0.0154 0.9996
vn -0.8593 -0.0165 0.5113
vn -0.8513 -0.0030 0.5247
vn -0.8427 -0.0127 -0.5383
vn -0.8458 -0.0202 -0.5332
vn 0.7783 0.0036 -0.6279
vn 0.7835 -0.0026 -0.6214
vn -0.0697 -0.0106 -0.9975
vn -0.0632 -0.0083 -0.9980
vn 0.3466 -0.0032 -0.9380
vn 0.3500 -0.0036 -0.9367
vn -0.4713 -0.0065 -0.8819
vn -0.4670 -0.0124 -0.8841
vn 0.3269 0.2043 0.9227
vn 0.3325 0.0455 0.9420
vn 0.3333 -0.0696 0.9403
vn 0.3380 -0.1936 0.9210
vn 0.3450 -0.3567 0.8682
vn 0.3097 -0.9439 0.1145
vn 0.5433 0.1855 0.8188
vn 0.5526 0.0449 0.8323
vn 0.5497 -0.0684 0.8325
vn 0.5506 -0.1910 0.8126
vn 0.7440 0.1918 0.6401
vn 0.7497 0.0524 0.6597
vn 0.7385 -0.0618 0.6715
vn 0.7298 -0.1812 0.6593
vn 0.7220 -0.3280 0.6092
vn 0.4959 -0.5088 -0.7037
vn 0.1138 0.0476 0.9924
vn 0.1138 -0.1958 0.9740
vn 0.1125 0.2130 0.9706
vn 0.1138 -0.0696 0.9911
vn 0.8269 -0.2877 0.4831
vn 0.8481 -0.1691 0.5021
vn 0.8636 -0.0578 0.5008
vn 0.8832 0.0668 0.4641
vn 0.8751 0.2260 0.4279
vn 0.7714 0.4846 0.4124
vn 0.3047 0.4478 0.8406
vn 0.6906 0.3989 0.6033
vn 0.1148 -0.3608 0.9255
vn 0.5567 -0.3500 0.7534
vn 0.9703 -0.1042 0.2185
vn 0.9873 0.1344 0.0852
vn 0.9837 -0.0429 -0.1744
vn 0.9750 -0.2173 0.0476
vn 0.9754 -0.1734 0.1365
vn 0.9746 0.0342 0.2213
vn 0.9735 -0.1939 -0.1212
vn 0.9736 -0.2239 -0.0446
vn 0.9928 0.0731 -0.0950
vn 0.9758 -0.1357 -0.1718
vn 0.9728 -0.0960 0.2110
vn 0.9562 -0.2090 0.2049
vn 0.9826 -0.0178 0.1849
vn 0.9544 0.0374 0.2963
vn 0.9230 -0.1830 0.3385
vn 0.9372 -0.0773 0.3400
vn 0.9956 0.0468 0.0810
vn 0.9948 0.0535 -0.0867
vn 0.9708 0.0310 -0.2378
vn 0.9113 0.0242 -0.4111
vn 0.7941 0.0124 -0.6077
vn 0.4978 0.3873 0.7760
vn 0.3660 0.0008 -0.9306
vn 0.1080 0.4725 0.8747
vn 0.9338 0.2861 0.2147
vn 0.9602 0.1660 -0.2247
vn 0.7991 0.6011 0.0073
vn 0.7791 0.5984 -0.1871
vn 0.7424 0.5596 -0.3683
vn 0.6777 0.4958 -0.5431
vn 0.6005 -0.0005 -0.7997
vn 0.3089 0.5483 -0.7771
vn 0.1237 0.0135 -0.9922
vn 0.9774 0.1345 0.1631
vn 0.9851 0.1671 -0.0396
vn 0.9390 0.3439 -0.0029
vn 0.9118 0.3554 -0.2056
vn 0.8518 0.3409 -0.3978
vn 0.7448 0.3156 -0.5879
vn 0.5063 0.4929 -0.7076
vn 0.3373 0.3426 -0.8768
vn 0.1024 0.5682 -0.8165
vn 0.8030 0.5569 0.2123
vn 0.8967 0.1628 -0.4115
vn 0.7799 0.1563 -0.6060
vn 0.5592 0.3161 -0.7664
vn 0.3568 0.1632 -0.9198
vn 0.1111 0.3552 -0.9282
vn 0.1179 0.1745 -0.9776
vn 0.2954 0.8698 0.3951
vn 0.0939 0.9171 0.3875
vn 0.2948 0.9357 0.1936
vn 0.0932 0.9774 0.1895
vn 0.3009 0.9535 0.0156
vn 0.0969 0.9951 0.0220
vn 0.3124 0.9354 -0.1655
vn 0.1016 0.9815 -0.1621
vn 0.3135 0.8767 -0.3649
vn 0.3002 0.7508 -0.5884
vn 0.1012 0.9198 -0.3791
vn 0.5891 0.1538 -0.7933
vn 0.5000 0.6784 -0.5383
vn 0.5399 0.7639 -0.3536
vn 0.5498 0.8167 -0.1754
vn 0.5492 0.8357 0.0085
vn 0.2943 0.7135 0.6358
vn 0.0971 0.7788 -0.6197
vn 0.5505 0.8099 0.2026
vn 0.5404 0.7398 0.4008
vn 0.9645 -0.0623 -0.2567
vn 0.9075 -0.0883 -0.4107
vn 0.7893 -0.1208 -0.6020
vn 0.4975 0.6230 0.6036
vn 0.3641 -0.1565 -0.9181
vn 0.1006 0.7556 0.6473
vn 0.9492 -0.1721 -0.2633
vn 0.8864 -0.2153 -0.4097
vn 0.7602 -0.2710 -0.5904
vn 0.5955 -0.1483 -0.7896
vn 0.3442 -0.3344 -0.8774
vn 0.1239 -0.1498 -0.9809
vn 0.9010 -0.3029 0.3107
vn 0.8213 -0.4530 0.3469
vn 0.7124 -0.5291 0.4609
vn 0.5668 -0.3158 -0.7609
vn 0.3449 -0.5712 0.7448
vn 0.1167 -0.3254 -0.9384
vn 0.9172 -0.3622 0.1659
vn 0.7914 -0.5931 0.1481
vn 0.6309 -0.7488 0.2032
vn 0.5539 -0.5664 0.6102
vn 0.3022 -0.7935 0.5281
vn 0.1179 -0.5685 0.8142
vn 0.9199 -0.3107 -0.2395
vn 0.8355 -0.3783 -0.3986
vn 0.6898 -0.4503 -0.5669
vn 0.4782 -0.8003 0.3616
vn 0.2955 -0.5319 -0.7935
vn 0.1025 -0.7764 0.6219
vn 0.1016 -0.5194 -0.8485
vn 0.2175 -0.9314 0.2917
vn 0.1278 -0.9813 -0.1436
vn 0.0705 -0.9858 0.1522
vn 0.3818 -0.6895 -0.6154
vn 0.0671 -0.9124 0.4038
vn 0.3998 -0.9163 -0.0233
vn 0.9118 -0.4056 0.0638
vn 0.8917 -0.4427 -0.0943
vn 0.8420 -0.4889 -0.2281
vn 0.7203 -0.5738 -0.3897
vn 0.5575 -0.6429 -0.5252
vn 0.2593 -0.8129 -0.5215
vn 0.2228 -0.7045 -0.6739
vn 0.1144 -0.9075 -0.4041
vn 0.7477 -0.6630 0.0357
vn 0.7186 -0.6861 -0.1135
vn 0.6480 -0.7185 -0.2528
vn 0.5247 -0.7625 -0.3785
vn 0.3864 -0.7947 -0.4680
vn 0.1684 -0.8773 -0.4494
vn 0.1513 -0.8157 -0.5584
vn 0.0779 -0.6915 -0.7182
vn 0.4543 -0.8891 -0.0553
vn 0.4522 -0.8776 -0.1592
vn 0.4083 -0.8723 -0.2690
vn 0.3311 -0.8739 -0.3560
vn 0.2455 -0.8765 -0.4141
vn 0.1044 -0.9943 -0.0219
vn 0.1000 -0.8746 -0.4744
vn 0.0541 -0.8045 -0.5916
vn 0.0352 -0.8680 -0.4954
vn 0.1967 -0.9709 -0.1367
vn 0.2485 -0.9470 -0.2034
vn 0.2406 -0.9289 -0.2814
vn 0.2065 -0.9183 -0.3376
vn 0.1607 -0.9118 -0.3779
vn 0.0247 -0.8994 -0.4365
vn 0.0693 -0.9039 -0.4221
vn 0.2842 -0.8345 0.4719
vn 0.5553 -0.7925 0.2522
vn 0.6101 -0.7915 -0.0364
vn 0.5787 -0.7683 -0.2737
vn 0.4766 -0.7424 -0.4708
vn 0.3670 -0.7244 -0.5836
vn 0.2247 -0.7219 -0.6545
vn 0.1026 -0.7204 -0.6859
vn 0.9832 -0.1095 0.1460
vn 0.9745 -0.1432 -0.1730
vn 0.9960 0.0081 -0.0894
vn 0.9569 -0.2832 -0.0649
vn 0.9616 -0.2315 -0.1474
vn 0.9912 -0.0464 0.1241
vn 0.9736 -0.1851 0.1332
vn 0.9640 -0.2596 0.0572
vn 0.9837 -0.0589 -0.1697
vn 0.9991 0.0051 0.0429
vn 0.4692 -0.1501 -0.8702
vn 0.3577 -0.0365 0.9331
vn 0.3850 0.8374 -0.3881
vn 0.4460 0.3624 -0.8184
vn 0.4839 -0.5131 0.7089
vn 0.2875 0.9235 0.2540
vn 0.5455 -0.7943 0.2672
vn 0.5537 -0.8084 -0.1998
vn 0.2757 0.5529 0.7863
vn 0.5226 -0.5702 -0.6338
vn -0.0930 -0.1067 -0.9899
vn -0.0788 -0.0227 0.9966
vn -0.1051 0.9015 -0.4199
vn -0.1005 0.4637 -0.8802
vn -0.0750 -0.5854 0.8073
vn -0.0980 0.9670 0.2351
vn -0.0735 -0.9400 0.3330
vn -0.0754 -0.9630 -0.2589
vn -0.0873 0.5939 0.7998
vn -0.0805 -0.6441 -0.7607
vn -0.4574 -0.0090 0.8892
vn -0.4929 0.7915 -0.3613
vn -0.4690 0.4230 -0.7753
vn -0.4449 -0.5152 0.7325
vn -0.4785 0.8524 0.2107
vn -0.4508 -0.8361 0.3125
vn -0.4464 -0.8636 -0.2343
vn -0.4683 0.5406 0.6989
vn -0.4411 -0.5777 -0.6868
vn -0.4509 -0.0832 -0.8887
vn -0.8050 -0.3495 0.4794
vn -0.8153 0.5605 0.1452
vn -0.8100 -0.5475 0.2099
vn -0.8050 -0.5773 -0.1364
vn -0.8155 0.3463 0.4636
vn -0.7992 -0.4105 -0.4391
vn -0.7910 -0.0815 -0.6064
vn -0.8152 -0.0235 0.5786
vn -0.8143 0.5253 -0.2470
vn -0.8001 0.2716 -0.5349
vn -0.7885 -0.3684 0.4924
vn -0.8022 0.5790 0.1456
vn -0.7770 -0.5912 0.2163
vn -0.7780 -0.6127 -0.1386
vn -0.8020 0.3460 0.4869
vn -0.7842 -0.4284 -0.4489
vn -0.7822 -0.0924 -0.6162
vn -0.7902 -0.0320 0.6121
vn -0.7874 0.5548 -0.2688
vn -0.7850 0.2684 -0.5583
vn -0.5890 0.7857 0.1892
vn -0.5366 -0.7933 0.2876
vn -0.5384 -0.8205 -0.1919
vn -0.5838 0.4805 0.6545
vn -0.5479 -0.5612 -0.6204
vn -0.5445 -0.1069 -0.8319
vn -0.5552 -0.0147 0.8316
vn -0.5676 0.7479 -0.3442
vn -0.5493 0.3744 -0.7471
vn -0.5497 -0.4828 0.6818
vn -0.2031 -0.9182 0.3400
vn -0.1974 -0.9550 -0.2216
vn -0.2295 0.5920 0.7726
vn -0.1904 -0.6519 -0.7340
vn -0.1839 -0.1119 -0.9766
vn -0.2123 0.0137 0.9771
vn -0.2282 0.8915 -0.3914
vn -0.1945 0.4581 -0.8674
vn -0.2087 -0.5433 0.8132
vn -0.2427 0.9438 0.2245
vn 0.1719 -0.9607 -0.2179
vn 0.1530 0.6102 0.7774
vn 0.1909 -0.6533 -0.7326
vn 0.2009 -0.1041 -0.9741
vn 0.1570 0.0279 0.9872
vn 0.1493 0.9077 -0.3922
vn 0.1868 0.4679 -0.8638
vn 0.1531 -0.5407 0.8271
vn 0.1372 0.9637 0.2290
vn 0.1585 -0.9240 0.3479
vn 0.5344 0.5217 0.6651
vn 0.5611 -0.5597 -0.6098
vn 0.5709 -0.0890 -0.8162
vn 0.5279 0.0206 0.8490
vn 0.5327 0.7755 -0.3390
vn 0.5620 0.3953 -0.7265
vn 0.5155 -0.4699 0.7166
vn 0.5218 0.8291 0.2007
vn 0.5110 -0.8018 0.3099
vn 0.5305 -0.8299 -0.1728
vn 0.8074 -0.4135 -0.4209
vn 0.8213 -0.0711 -0.5661
vn 0.8005 -0.0040 0.5994
vn 0.8149 0.5320 -0.2300
vn 0.8230 0.2764 -0.4963
vn 0.7786 -0.3566 0.5164
vn 0.8085 0.5716 0.1398
vn 0.7637 -0.5987 0.2416
vn 0.7776 -0.6188 -0.1117
vn 0.8127 0.3552 0.4619
vn 0.9219 -0.0342 0.3859
vn 0.9385 0.3173 -0.1362
vn 0.9380 0.1582 -0.3083
vn 0.9042 -0.2630 0.3366
vn 0.9373 0.3354 0.0953
vn 0.8937 -0.4158 0.1683
vn 0.8986 -0.4347 -0.0598
vn 0.9357 0.1969 0.2927
vn 0.9160 -0.3026 -0.2635
vn 0.9325 -0.0741 -0.3536
vn 0.9841 0.1602 -0.0765
vn 0.9810 0.0630 -0.1833
vn 0.9618 -0.1883 0.1990
vn 0.9831 0.1714 0.0642
vn 0.9565 -0.2724 0.1041
vn 0.9591 -0.2817 -0.0264
vn 0.9790 0.0865 0.1845
vn 0.9664 -0.2105 -0.1476
vn 0.9738 -0.0806 -0.2125
vn 0.9713 -0.0543 0.2317
vn 0.9946 0.0036 -0.1039
vn 0.9823 -0.1414 0.1226
vn 0.9967 0.0677 0.0451
vn 0.9798 -0.1889 0.0660
vn 0.9808 -0.1945 -0.0118
vn 0.9931 0.0166 0.1164
vn 0.9847 -0.1531 -0.0838
vn 0.9897 -0.0775 -0.1200
vn 0.9876 -0.0639 0.1433
vn 0.9972 0.0618 -0.0411
vn 0.9930 -0.1028 0.0590
vn 0.9994 -0.0215 0.0270
vn 0.9920 -0.1206 0.0372
vn 0.9926 -0.1216 0.0064
vn 0.9975 -0.0419 0.0562
vn 0.9944 -0.1035 -0.0218
vn 0.9967 -0.0735 -0.0351
vn 0.9951 -0.0725 0.0669
vn 0.9997 -0.0244 -0.0086
vn 0.9985 -0.0460 -0.0309
vn 0.7272 0.0147 -0.6863
vn 0.4469 -0.0100 -0.8945
vn 0.1820 -0.0238 -0.9830
vn 0.2080 0.2065 0.9561
vn 0.5985 0.1887 0.7786
vn 0.8706 0.1501 0.4686
vn 0.9930 0.1049 0.0548
vn 0.9140 0.0497 -0.4027
vn 0.4958 0.6439 -0.5828
vn 0.3601 0.4860 -0.7963
vn 0.1169 0.4292 -0.8956
vn 0.0811 0.8176 0.5701
vn 0.2480 0.8370 0.4878
vn 0.3485 0.8688 0.3517
vn 0.3599 0.9267 0.1079
vn 0.4425 0.8445 -0.3017
vn 0.7355 0.5784 -0.3528
vn 0.6918 0.7212 0.0342
vn 0.5809 0.7267 0.3667
vn 0.4057 0.7059 0.5806
vn 0.1409 0.7069 0.6931
vn 0.1470 0.1992 -0.9689
vn 0.4209 0.2597 -0.8691
vn 0.6399 0.4027 -0.6545
vn 0.6668 0.4353 0.6049
vn 0.0988 0.4596 0.8826
vn 0.0993 0.4283 0.8982
vn 0.1004 0.3906 0.9150
vn 0.1020 0.3290 0.9388
vn 0.3096 0.3266 0.8930
vn 0.5831 0.3036 0.7536
vn 0.8244 0.2668 0.4992
vn 0.9514 0.1034 -0.2902
vn -0.5203 -0.8498 -0.0841
vn 0.6643 0.0904 -0.7420
vn 0.3659 0.0900 -0.9263
vn 0.1120 0.0320 -0.9932
vn 0.3054 0.3838 0.8715
vn 0.3012 0.4192 0.8565
vn 0.2988 0.4516 0.8407
vn 0.0941 0.5615 0.8221
vn 0.5642 0.3513 0.7471
vn 0.5422 0.3901 0.7442
vn 0.5329 0.4259 0.7312
vn 0.2969 0.5573 0.7754
vn 0.4793 0.6260 0.6151
vn 0.2891 0.6440 0.7083
vn 0.0915 0.6351 0.7670
vn 0.1155 0.3304 -0.9368
vn 0.3543 0.4127 -0.8392
vn 0.5113 0.4974 -0.7008
vn 0.1124 0.1525 -0.9819
vn 0.3516 0.2211 -0.9097
vn 0.5523 0.2801 -0.7852
vn 0.1102 0.0551 -0.9924
vn 0.3528 0.0866 -0.9317
vn 0.5880 0.1221 -0.7996
vn 0.1148 0.0232 -0.9931
vn 0.6421 0.0560 -0.7645
vn 0.3659 0.0330 -0.9301
vn 0.7951 0.3321 0.5075
vn 0.4464 -0.7980 -0.4050
vn 0.6586 0.0537 -0.7505
vn 0.3703 0.0166 -0.9287
vn 0.1272 0.0025 -0.9919
vn 0.4104 0.7577 0.5073
vn 0.9301 0.2075 0.3029
vn 0.8651 0.0887 -0.4937
vn 0.6680 0.0842 -0.7394
vn 0.3758 0.0198 -0.9265
vn 0.1245 0.0085 -0.9922
vn 0.2965 0.4985 0.8146
vn 0.0962 0.5051 0.8577
vn 0.7689 0.3541 0.5324
vn 0.8988 0.3034 0.3162
vn 0.2628 0.7607 0.5935
vn 0.0842 0.7425 0.6646
vn 0.8489 0.2281 0.4768
vn 0.3734 0.5303 -0.7611
vn 0.5913 0.1514 0.7921
vn 0.1815 0.5039 -0.8445
vn 0.1826 0.5139 -0.8382
vn 0.3918 0.7201 0.5727
vn 0.2234 0.4963 -0.8389
vn 0.2802 0.6377 0.7175
vn 0.2813 0.6623 0.6944
vn 0.3311 0.8700 -0.3654
vn 0.3390 0.6547 0.6756
vn 0.3788 0.8309 -0.4075
vn 0.3779 0.8204 -0.4291
vn 0.3274 0.9207 0.2123
vn 0.3440 0.8492 -0.4007
vn 0.4012 0.8932 0.2029
vn 0.4281 0.8938 0.1333
vn -0.0779 0.0965 -0.9923
vn -0.0844 0.0853 -0.9928
vn -0.3606 -0.3992 -0.8430
vn -0.3379 -0.4000 -0.8519
vn 0.0049 0.1901 0.9818
vn 0.1804 0.1934 0.9644
vn -0.2760 -0.3200 0.9063
vn -0.4228 -0.5936 0.6848
vn 0.4478 0.2330 -0.8632
vn 0.3792 0.8984 0.2216
vn 0.5676 0.0246 -0.8229
vn 0.1346 0.1081 -0.9850
vn 0.7465 -0.0789 -0.6607
vn 0.5262 0.5300 0.6650
vn 0.1347 -0.2826 -0.9497
vn -0.1465 -0.3572 0.9225
vn 0.7923 0.3597 0.4928
vn 0.5237 0.4755 0.7069
vn 0.3706 0.3337 0.8668
vn 0.8689 0.1127 -0.4820
vn 0.5105 0.5381 0.6706
vn 0.8815 0.1218 -0.4561
vn 0.0320 -0.7544 0.6557
vn -0.5443 -0.8370 -0.0573
vn 0.9721 0.2108 0.1031
vn 0.9673 0.2500 0.0426
vn 0.9856 0.1688 0.0139
vn 0.8950 0.3078 0.3229
vn -0.3312 -0.9278 -0.1717
vn 0.2593 -0.6270 -0.7346
vn 0.9449 0.1782 0.2745
vn 0.8720 -0.2872 0.3965
vn -0.4825 -0.7096 -0.5135
vn -0.5015 -0.7086 -0.4965
vn 0.7272 -0.6864 -0.0039
vn 0.9461 0.1450 -0.2894
vn 0.9495 0.1763 -0.2597
vn 0.9770 0.0830 -0.1964
vn -0.2067 -0.9525 0.2238
vn -0.5150 -0.7951 0.3203
vn 0.9906 0.1371 0.0019
vn 0.8447 0.1250 0.5204
vn -0.4644 -0.8331 0.3004
vn -0.3421 -0.7529 -0.5623
vn -0.5439 -0.8369 -0.0614
vn -0.3124 -0.6636 0.6797
vn 0.1620 -0.2501 0.9546
vn 0.0499 0.1599 0.9859
vn -0.2449 -0.4105 -0.8784
vn -0.0504 0.0681 -0.9964
vn 0.4213 0.8905 0.1716
vn 0.3893 0.8217 -0.4163
vn 0.3032 0.6342 0.7113
vn 0.1842 0.4921 -0.8508
vn -0.3344 -0.4181 -0.8446
vn 0.2976 0.6952 0.6543
vn -0.0528 0.1003 -0.9936
vn -0.2650 -0.2901 0.9196
vn 0.3873 0.8160 -0.4291
vn -0.4244 -0.5911 0.6860
vn -0.5414 -0.8383 -0.0636
vn 0.2001 0.5216 -0.8294
vn 0.0198 0.2375 0.9712
vn -0.5234 -0.7915 0.3156
vn -0.4879 -0.7252 -0.4858
vn 0.4352 0.8944 0.1038
vn 0.4032 -0.9143 -0.0374
vn -0.2503 -0.2840 0.9256
vn 0.2209 0.5272 -0.8205
vn -0.4155 -0.5894 0.6928
vn 0.3174 0.7216 0.6153
vn -0.5368 -0.8405 -0.0736
vn 0.3962 0.8154 -0.4221
vn -0.4731 -0.7319 -0.4905
vn 0.4379 0.8953 0.0812
vn -0.5234 -0.7917 0.3152
vn -0.0253 0.0956 -0.9951
vn -0.3119 -0.4351 -0.8446
vn 0.0476 0.2641 0.9633
vn 0.9335 -0.2959 -0.2026
vn 0.4387 0.8960 0.0685
vn -0.5196 -0.7939 0.3159
vn -0.0176 0.0796 -0.9967
vn -0.3034 -0.4462 -0.8420
vn 0.0714 0.2771 0.9582
vn -0.5349 -0.8409 -0.0825
vn -0.2378 -0.2790 0.9304
vn 0.2249 0.5246 -0.8211
vn -0.4082 -0.5860 0.7000
vn 0.3325 0.7363 0.5893
vn 0.5183 -0.7658 -0.3807
vn 0.3953 0.8180 -0.4178
vn -0.4658 -0.7314 -0.4980
vn -0.5204 -0.8490 -0.0915
vn -0.2253 -0.2703 0.9361
vn 0.2326 0.5148 -0.8251
vn -0.4023 -0.5824 0.7064
vn 0.3581 0.7395 0.5701
vn 0.4979 -0.8241 0.2701
vn 0.3991 0.8207 -0.4088
vn -0.4558 -0.7326 -0.5055
vn 0.4442 0.8933 0.0683
vn -0.5193 -0.7940 0.3160
vn -0.0047 0.0577 -0.9983
vn -0.2868 -0.4566 -0.8422
vn 0.1012 0.2975 0.9493
vn -0.4328 -0.7428 -0.5109
vn 0.4579 0.8856 0.0771
vn -0.5099 -0.8003 0.3155
vn -0.0013 0.0107 -0.9999
vn -0.2629 -0.4796 -0.8372
vn 0.1295 0.3059 0.9432
vn -0.7880 -0.6113 -0.0734
vn -0.2212 -0.2785 0.9346
vn 0.2384 0.4895 -0.8388
vn -0.3919 -0.5894 0.7064
vn 0.3829 0.7242 0.5735
vn 0.9211 -0.3469 0.1769
vn 0.4123 0.8124 -0.4123
vn -0.7505 -0.4907 -0.4427
vn -0.0380 0.9983 0.0443
vn -0.7520 -0.5942 0.2854
vn -0.3547 0.1546 -0.9221
vn -0.5988 -0.2620 -0.7568
vn -0.2231 0.4298 0.8749
vn -0.8393 -0.5407 -0.0572
vn -0.4747 -0.1265 0.8710
vn -0.1651 0.6114 -0.7739
vn -0.6467 -0.4067 0.6452
vn -0.0724 0.8495 0.5226
vn 0.4238 -0.8975 0.1221
vn -0.0613 0.9211 -0.3845
vn -0.2921 0.4310 0.8538
vn -0.7178 -0.6930 -0.0669
vn -0.5440 -0.0566 0.8372
vn -0.1905 0.5908 -0.7840
vn -0.7066 -0.3261 0.6280
vn -0.0871 0.8339 0.5450
vn 0.6713 -0.6020 -0.4323
vn -0.0249 0.9124 -0.4085
vn -0.7776 -0.4542 -0.4348
vn 0.0088 0.9979 0.0648
vn -0.8156 -0.5025 0.2869
vn -0.4051 0.1672 -0.8988
vn -0.6210 -0.2260 -0.7505
vn -0.6394 -0.5998 -0.4811
vn 0.2986 0.9511 0.0795
vn -0.6966 -0.6457 0.3128
vn -0.2257 0.0505 -0.9729
vn -0.4741 -0.3541 -0.8061
vn -0.0835 0.3196 0.9439
vn -0.4548 -0.8879 -0.0694
vn -0.3838 -0.1769 0.9063
vn 0.0460 0.4932 -0.8687
vn -0.5703 -0.4552 0.6838
vn 0.1832 0.7680 0.6137
vn 0.5985 -0.7239 0.3433
vn 0.2541 0.8489 -0.4635
vn -0.2379 -0.5280 -0.8152
vn 0.2271 0.1233 0.9660
vn -0.1527 -0.9870 -0.0496
vn -0.0993 -0.3733 0.9224
vn 0.3266 0.3184 -0.8899
vn -0.2800 -0.6611 0.6961
vn 0.5209 0.5753 0.6306
vn 0.8319 -0.4285 -0.3526
vn 0.5638 0.6728 -0.4790
vn -0.3925 -0.7782 -0.4903
vn 0.6344 0.7687 0.0816
vn -0.4147 -0.8534 0.3159
vn 0.0294 -0.1223 -0.9921
vn 0.1451 -0.9889 -0.0319
vn 0.8261 0.3703 -0.4248
vn -0.1220 -0.8923 -0.4346
vn 0.8860 0.4590 0.0651
vn -0.0939 -0.9551 0.2809
vn 0.2902 -0.3259 -0.8998
vn 0.0191 -0.6729 -0.7395
vn 0.5158 -0.1113 0.8495
vn 0.4339 -0.8715 -0.2284
vn 0.1883 -0.5581 0.8081
vn 0.5994 0.0622 -0.7980
vn 0.0336 -0.7986 0.6010
vn 0.7844 0.2835 0.5516
vn 0.3053 -0.7606 -0.5729
vn 0.7203 -0.3542 0.5965
vn 0.7864 -0.5274 0.3217
vn 0.4319 -0.6831 0.5889
vn 0.7929 -0.2344 -0.5625
vn 0.2880 -0.8445 0.4515
vn 0.9273 -0.0647 0.3686
vn 0.9649 -0.2617 -0.0235
vn 0.9545 -0.0160 -0.2979
vn 0.1805 -0.9254 -0.3331
vn 0.9981 0.0546 0.0273
vn 0.1841 -0.9584 0.2180
vn 0.5384 -0.5128 -0.6686
vn 0.9054 -0.0406 -0.4227
vn 0.5992 -0.7872 -0.1460
vn 0.6838 -0.7147 0.1473
vn 0.8652 -0.4826 -0.1363
vn 0.7248 -0.6433 -0.2466
vn 0.5823 -0.8114 -0.0514
vn 0.8098 -0.5491 -0.2069
vn 0.7842 -0.6077 0.1256
vn 0.8812 -0.4699 -0.0528
vn 0.6305 -0.7684 0.1100
vn 0.8556 -0.5157 0.0447
vn 0.5915 -0.8057 0.0293
vn 0.6438 -0.7327 -0.2208
vn 0.6995 -0.7146 0.0066
vn 0.7976 -0.6025 -0.0286
vn 0.6827 -0.7302 -0.0266
vn 0.7423 -0.6569 -0.1322
vn 0.7220 -0.6916 0.0186
vn 0.7805 -0.6147 -0.1139
vn 0.6850 -0.7226 -0.0929
vn 0.8074 -0.5866 -0.0627
vn 0.7673 -0.6413 0.0068
vn 0.6781 -0.7328 -0.0559
vn 0.8015 -0.5916 -0.0873
vn 0.7061 -0.6975 -0.1224
vn 0.3826 0.2666 -0.8846
vn 0.7139 0.2045 -0.6697
vn 0.1128 0.2016 0.9729
vn 0.6205 0.2073 0.7563
vn 0.9609 0.1102 0.2540
vn 0.3356 0.2114 0.9180
vn 0.9963 0.0855 -0.0011
vn 0.9578 0.0723 -0.2782
vn 0.8843 0.0992 -0.4562
vn 0.8772 0.1650 0.4509
vn 0.9089 0.0420 0.4149
vn 0.9991 0.0421 -0.0101
vn 0.1252 -0.0043 0.9921
vn 0.0482 0.1048 -0.9933
vn 0.9671 0.0537 -0.2486
vn 0.3764 0.0163 0.9263
vn 0.9172 0.1220 -0.3794
vn 0.7749 0.2308 -0.5884
vn 0.6738 0.0328 0.7382
vn 0.9754 0.0379 0.2173
vn 0.4122 0.2762 -0.8682
vn -0.0449 -0.6279 -0.7770
vn 0.9925 0.0489 -0.1120
vn 0.3372 -0.6674 0.6639
vn 0.9724 0.0188 -0.2326
vn 0.8750 -0.0667 -0.4795
vn 0.5919 -0.5335 0.6042
vn 0.9651 -0.0130 0.2617
vn 0.4933 -0.3506 -0.7960
vn 0.8338 -0.2665 0.4835
vn 0.9993 0.0387 0.0021
vn 0.1265 -0.7414 0.6590
vn 0.1220 -0.5690 0.8132
vn 0.9983 0.0382 -0.0435
vn 0.8977 -0.2148 0.3847
vn 0.4796 0.0170 -0.8773
vn 0.9864 -0.0228 0.1631
vn 0.6676 -0.3720 0.6449
vn 0.8492 0.1007 -0.5184
vn 0.9599 0.1108 -0.2576
vn 0.3688 -0.5000 0.7835
vn 0.9859 0.0603 -0.1559
vn -0.0384 -0.1576 -0.9868
vn -0.0015 -0.8916 0.4528
vn -0.1046 -0.9698 0.2205
vn -0.1651 -0.9731 -0.1609
vn 0.1280 -0.6981 0.7045
vn 0.9993 0.0206 -0.0316
vn 0.8732 -0.2627 0.4105
vn 0.4996 -0.1713 -0.8492
vn 0.9808 -0.0366 0.1914
vn 0.6353 -0.4960 0.5919
vn 0.8665 0.0291 -0.4984
vn 0.9703 0.0618 -0.2338
vn 0.3598 -0.6370 0.6818
vn 0.9911 0.0435 -0.1259
vn -0.0357 -0.3956 -0.9177
vn -0.0235 0.0713 -0.9972
vn 0.9775 0.0716 -0.1984
vn 0.3850 -0.2421 0.8906
vn 0.9435 0.1382 -0.3011
vn 0.8192 0.1840 -0.5432
vn 0.6885 -0.1670 0.7057
vn 0.9826 0.0082 0.1855
vn 0.4463 0.1755 -0.8775
vn 0.9141 -0.0826 0.3970
vn 0.9984 0.0520 -0.0243
vn 0.1247 -0.3079 0.9432
vn -0.0346 0.1453 -0.9888
vn -0.3912 -0.0473 -0.9191
vn -0.4574 -0.4748 -0.7519
vn -0.4385 -0.2530 -0.8624
vn -0.4537 -0.6546 -0.6047
vn 0.0790 0.2245 -0.9713
vn -0.2228 0.0936 -0.9704
vn 0.0280 0.2342 -0.9718
vn -0.3534 -0.8189 -0.4523
vn 0.8270 -0.2374 -0.5096
vn -0.7165 -0.5635 -0.4112
vn 0.4684 -0.4887 -0.7361
vn -0.9395 -0.1858 0.2876
vn 0.9492 -0.0506 -0.3107
vn -0.0499 -0.2225 0.9737
vn 0.9249 0.0391 0.3782
vn 0.3713 -0.1676 0.9133
vn -0.9489 -0.3067 -0.0743
vn -0.1127 -0.5785 -0.8078
vn 0.9977 0.0479 0.0483
vn 0.7190 -0.0368 0.6940
vn -0.7486 -0.1872 0.6360
vn 0.9884 0.0381 -0.1471
vn 0.4642 -0.0129 -0.8856
vn -0.3514 -0.0025 -0.9362
vn 0.0594 -0.0058 -0.9982
vn -0.7853 -0.0025 -0.6191
vn 0.8462 -0.0208 -0.5325
vn 0.8557 0.0196 0.5171
vn -0.0569 0.2277 0.9721
vn 0.9866 -0.0102 0.1630
vn 0.2918 0.2407 0.9257
vn -0.8369 0.0145 0.5471
vn 0.6931 0.1115 0.7122
vn -0.9759 -0.0102 0.2180
vn 0.9730 -0.0215 -0.2299
vn -0.9856 -0.0100 -0.1686
vn 0.9913 0.0547 -0.1196
vn -0.3283 -0.6941 0.6406
vn 0.7801 -0.1950 0.5945
vn 0.9980 0.0560 0.0299
vn -0.1071 -0.6614 -0.7424
vn -0.5449 -0.8279 -0.1326
vn 0.5057 -0.4319 0.7468
vn 0.9427 0.0177 0.3333
vn 0.1852 -0.5146 0.8372
vn 0.9658 -0.0191 -0.2586
vn -0.5329 -0.7766 0.3361
vn 0.4798 -0.4855 -0.7308
vn -0.4116 -0.8132 -0.4115
vn 0.8640 -0.1776 -0.4711
vn -0.9898 -0.0774 -0.1194
vn -0.9831 0.0028 -0.1831
vn -0.9782 0.0132 -0.2071
vn -0.9788 0.0132 -0.2045
vn 0.9781 0.0128 -0.2077
vn 0.9686 -0.0059 -0.2487
vn 0.9680 -0.0115 -0.2508
vn 0.9700 -0.0136 -0.2428
vn -0.9678 -0.0313 0.2496
vn -0.9797 0.0058 0.2004
vn -0.9844 0.0124 0.1756
vn -0.9838 0.0105 0.1792
vn 0.6706 0.0361 0.7409
vn 0.6629 0.0200 0.7484
vn 0.6747 0.0056 0.7381
vn 0.6875 -0.0032 0.7262
vn -0.8031 -0.0293 0.5951
vn -0.8342 -0.0033 0.5515
vn -0.8488 0.0036 0.5286
vn -0.8470 0.0054 0.5315
vn 0.2900 -0.0172 0.9569
vn 0.2942 0.0070 0.9557
vn 0.3201 -0.0023 0.9474
vn 0.3396 -0.0071 0.9405
vn 0.9962 0.0208 0.0842
vn 0.9932 -0.0029 0.1165
vn 0.9908 -0.0116 0.1347
vn 0.9888 -0.0138 0.1485
vn -0.0959 -0.0382 0.9947
vn -0.0585 -0.0034 0.9983
vn -0.0261 -0.0079 0.9996
vn -0.0024 -0.0091 1.0000
vn 0.9021 0.0310 0.4304
vn 0.8822 0.0073 0.4708
vn 0.8750 -0.0079 0.4841
vn 0.8711 -0.0124 0.4909
vn 0.9012 -0.0483 -0.4307
vn 0.8378 -0.0183 -0.5457
vn 0.8277 -0.0104 -0.5611
vn 0.8327 -0.0107 -0.5536
vn -0.8291 -0.3040 -0.4693
vn -0.7896 -0.0874 -0.6074
vn -0.7679 -0.0086 -0.6405
vn -0.7689 0.0066 -0.6394
vn 0.3555 -0.3616 -0.8619
vn 0.1391 -0.1420 -0.9800
vn 0.0694 -0.0324 -0.9971
vn 0.0698 -0.0103 -0.9975
vn -0.1531 -0.4618 -0.8737
vn -0.2867 -0.1702 -0.9428
vn -0.3359 -0.0282 -0.9415
vn -0.3400 -0.0072 -0.9404
vn 0.7199 -0.1954 -0.6660
vn 0.5307 -0.0768 -0.8441
vn 0.4657 -0.0246 -0.8846
vn 0.4659 -0.0136 -0.8848
vn 0.2408 0.5840 0.7752
vn 0.9980 -0.0577 0.0263
vn 0.0283 -0.1699 -0.9851
vn -0.3472 -0.1753 -0.9213
vn 0.8114 -0.1528 -0.5642
vn -0.7452 -0.1737 -0.6438
vn 0.9622 -0.1189 -0.2450
vn -0.9982 0.0171 0.0571
vn 0.9879 0.0494 0.1467
vn 0.4232 -0.1747 -0.8890
vn -0.1334 0.8259 0.5478
vn 0.2784 0.8097 0.5167
vn -0.9847 -0.0003 -0.1744
vn -0.9792 0.0070 -0.2029
vn 0.4484 0.0013 -0.8938
vn 0.4285 -0.0164 -0.9034
vn 0.8946 0.1109 0.4328
vn 0.9460 0.1786 0.2705
vn -0.9802 0.0206 0.1970
vn -0.9890 0.0742 0.1277
vn 0.9724 0.0031 -0.2334
vn 0.9700 0.0090 -0.2429
vn -0.7799 0.0038 -0.6258
vn -0.7668 -0.0196 -0.6416
vn 0.8380 -0.0005 -0.5456
vn 0.8241 -0.0062 -0.5663
vn -0.3512 -0.0001 -0.9363
vn -0.3497 -0.0271 -0.9365
vn 0.0465 0.0028 -0.9989
vn 0.0303 -0.0195 -0.9993
vn 0.9900 0.0196 0.1399
vn 0.9952 0.0485 0.0845
vn 0.7945 0.3295 0.5101
vn 0.7310 0.6058 0.3141
vn 0.8824 0.3794 0.2782
vn 0.8412 0.4966 0.2139
vn 0.2220 0.8580 0.4631
vn -0.2520 0.8506 0.4615
vn 0.7231 0.6218 0.3009
vn -0.4215 0.5742 0.7018
vn -0.9661 -0.1026 -0.2369
vn 0.9708 0.1749 0.1642
vn 0.9344 0.2681 0.2346
vn -0.8981 0.1334 0.4191
vn 0.8068 0.3657 0.4640
vn -0.7868 0.3628 0.4993
vn -0.9809 0.1611 0.1087
vn -0.6042 -0.0005 0.7968
vn -0.6139 -0.0034 0.7893
vn -0.6114 -0.0059 0.7913
vn -0.5954 -0.0270 0.8030
vn -0.1701 -0.6141 0.7707
vn -0.6177 0.0831 0.7820
vn -0.5435 -0.1853 0.8187
vn 0.0534 -0.8077 0.5871
vn -0.9481 0.2770 0.1562
vn -0.9467 0.2339 0.2215
vn 0.0955 -0.7390 0.6669
vn -0.3014 -0.1983 0.9327
vn -0.3023 0.1688 0.9381
vn -0.0014 -0.5561 0.8311
vn -0.3312 -0.0262 0.9432
vn -0.3092 -0.0048 0.9510
vn -0.2877 -0.0061 0.9577
vn -0.2680 -0.0051 0.9634
vn -0.5347 0.6562 0.5324
vn -0.8797 0.4261 0.2112
vn -0.7012 0.6522 0.2878
vn 0.6778 -0.7352 0.0117
vn -0.5267 -0.8489 0.0439
vn 0.2043 -0.8667 0.4551
vn 0.6146 -0.7885 -0.0251
vn -0.5150 -0.8230 0.2398
vn 0.7071 -0.7063 0.0339
vn -0.4481 -0.8939 -0.0133
vn 0.6830 -0.7163 0.1426
vn -0.3309 -0.9400 -0.0835
vn 0.5309 -0.8413 -0.1019
vn -0.0738 -0.9637 -0.2567
vn 0.2004 -0.9243 -0.3248
vn 0.5220 -0.7884 0.3256
vn -0.1869 -0.9628 -0.1950
vn 0.0162 -0.9502 -0.3112
vn 0.4053 -0.8853 -0.2280
vn -0.5603 -0.8208 0.1110
vn -0.2591 -0.8692 0.4211
vn 0.0215 -0.9997 -0.0071
vn 0.0392 -0.9965 -0.0741
vn 0.0687 -0.9973 -0.0268
vn -0.0423 -0.9984 -0.0384
vn 0.1748 -0.9846 -0.0084
vn 0.1429 -0.9879 -0.0602
vn 0.1431 -0.9897 -0.0010
vn 0.1857 -0.9825 -0.0151
vn 0.0734 -0.9972 -0.0165
vn 0.1848 -0.9827 -0.0096
vn 0.0083 -0.9895 -0.1441
vn 0.0314 -0.9992 -0.0227
vn 0.0261 -0.9997 -0.0019
vn 0.0672 -0.9926 -0.1012
vn 0.0197 -0.9995 -0.0228
vn 0.0255 -0.9997 0.0053
vn 0.1724 -0.9846 -0.0302
vn 0.0532 -0.9963 -0.0682
vn -0.0037 -0.9999 -0.0093
vn 0.0082 -1.0000 -0.0013
vn 0.0093 -1.0000 -0.0032
vn 0.0090 -0.9999 0.0095
vn 0.0045 -1.0000 0.0004
vn -0.0046 -0.9999 -0.0122
vn -0.0076 -0.9995 -0.0296
vn -0.0102 -0.9999 -0.0019
vn -0.0144 -0.9999 -0.0062
vn -0.0253 -0.9997 0.0044
vn -0.0164 -0.9998 0.0108
vn -0.0349 -0.9987 -0.0370
vn 0.0315 -0.9986 -0.0431
vn 0.0250 -0.9997 -0.0042
vn 0.0154 -0.9998 -0.0134
vn 0.0112 -0.9999 0.0022
vn 0.0082 -0.9998 0.0164
vn -0.0074 -0.9979 -0.0647
vn -0.5029 -0.0467 0.8631
vn -0.9738 -0.1349 0.1828
vn 0.7171 -0.5077 -0.4775
vn 0.0321 -0.5466 -0.8368
vn -0.6207 -0.5673 -0.5412
vn 0.8293 -0.0907 0.5513
vn 0.3818 -0.5440 -0.7472
vn -0.2966 -0.5707 -0.7657
vn 0.8681 -0.4527 -0.2038
vn -0.8436 -0.4896 -0.2204
vn 0.9622 -0.1352 0.2365
vn -0.9398 -0.3417 0.0018
vn 0.9733 -0.2068 0.0997
vn -0.8919 -0.0657 0.4475
vn 0.9263 -0.3766 -0.0093
vn 0.2880 -0.0720 0.9549
vn -0.9746 -0.2103 0.0772
vn 0.9552 -0.2863 0.0753
vn -0.2550 -0.0163 0.9668
vn -0.2418 -0.0357 0.9697
vn -0.5933 -0.0094 0.8049
vn -0.5772 -0.0247 0.8162
vn -0.9811 0.0082 -0.1932
vn -0.9834 -0.0035 -0.1815
vn 0.9722 -0.0153 -0.2336
vn 0.9728 -0.0201 -0.2307
vn -0.9822 0.0020 0.1876
vn -0.9796 -0.0062 0.2007
vn 0.6855 -0.0171 0.7279
vn 0.6686 -0.0210 0.7433
vn -0.8422 -0.0021 0.5391
vn -0.8323 -0.0124 0.5542
vn 0.3378 -0.0179 0.9410
vn 0.3215 -0.0222 0.9466
vn 0.9872 -0.0148 0.1587
vn 0.9863 -0.0158 0.1643
vn 0.0067 -0.0179 0.9998
vn -0.0068 -0.0319 0.9995
vn 0.8645 -0.0149 0.5024
vn 0.8538 -0.0141 0.5204
vn 0.8400 -0.0110 -0.5425
vn 0.8445 -0.0160 -0.5353
vn -0.7754 0.0074 -0.6315
vn -0.7810 -0.0002 -0.6245
vn 0.0716 -0.0101 -0.9974
vn 0.0666 -0.0097 -0.9977
vn -0.3443 -0.0029 -0.9389
vn -0.3484 -0.0036 -0.9373
vn 0.4717 -0.0064 -0.8818
vn 0.4694 -0.0090 -0.8830
vn -0.8391 0.3925 0.3766
vn -0.3269 0.2043 0.9227
vn -0.3325 0.0455 0.9420
vn -0.3333 -0.0696 0.9403
vn -0.3380 -0.1936 0.9210
vn -0.3450 -0.3567 0.8682
vn -0.3097 -0.9439 0.1145
vn -0.5433 0.1855 0.8188
vn -0.5526 0.0449 0.8323
vn -0.5497 -0.0684 0.8325
vn -0.5506 -0.1910 0.8126
vn -0.7440 0.1918 0.6401
vn -0.7497 0.0524 0.6597
vn -0.7384 -0.0618 0.6715
vn -0.7298 -0.1812 0.6593
vn -0.7220 -0.3280 0.6092
vn -0.4959 -0.5088 -0.7037
vn -0.1138 0.0476 0.9924
vn -0.1138 -0.1958 0.9740
vn -0.1125 0.2130 0.9706
vn -0.1138 -0.0696 0.9911
vn -0.8269 -0.2877 0.4831
vn -0.8481 -0.1691 0.5021
vn -0.8636 -0.0578 0.5008
vn -0.8832 0.0668 0.4641
vn -0.8751 0.2260 0.4279
vn -0.7714 0.4846 0.4124
vn -0.3047 0.4478 0.8406
vn -0.6906 0.3989 0.6033
vn -0.1148 -0.3608 0.9255
vn -0.5567 -0.3500 0.7534
vn -0.9703 -0.1042 0.2185
vn -0.9873 0.1343 0.0852
vn -0.9837 -0.0429 -0.1744
vn -0.9750 -0.2173 0.0476
vn -0.9754 -0.1734 0.1365
vn -0.9746 0.0342 0.2213
vn -0.9735 -0.1939 -0.1212
vn -0.9736 -0.2239 -0.0446
vn -0.9928 0.0731 -0.0950
vn -0.9757 -0.1357 -0.1718
vn -0.9728 -0.0960 0.2110
vn -0.9562 -0.2090 0.2049
vn -0.9826 -0.0178 0.1849
vn -0.9544 0.0374 0.2963
vn -0.9230 -0.1830 0.3385
vn -0.9372 -0.0773 0.3400
vn -0.9956 0.0468 0.0810
vn -0.9948 0.0535 -0.0867
vn -0.9708 0.0310 -0.2378
vn -0.9113 0.0242 -0.4111
vn -0.7941 0.0124 -0.6077
vn -0.4978 0.3873 0.7760
vn -0.3660 0.0008 -0.9306
vn -0.1080 0.4725 0.8747
vn -0.9338 0.2861 0.2147
vn -0.9602 0.1660 -0.2247
vn -0.7991 0.6011 0.0073
vn -0.7791 0.5984 -0.1871
vn -0.7424 0.5596 -0.3683
vn -0.6777 0.4958 -0.5431
vn -0.6005 -0.0005 -0.7997
vn -0.3089 0.5483 -0.7771
vn -0.1237 0.0135 -0.9922
vn -0.9774 0.1345 0.1631
vn -0.9851 0.1671 -0.0396
vn -0.9390 0.3439 -0.0029
vn -0.9118 0.3554 -0.2056
vn -0.8518 0.3409 -0.3978
vn -0.7448 0.3156 -0.5879
vn -0.5063 0.4929 -0.7076
vn -0.3373 0.3426 -0.8768
vn -0.1024 0.5682 -0.8165
vn -0.8030 0.5569 0.2123
vn -0.8967 0.1628 -0.4115
vn -0.7799 0.1563 -0.6060
vn -0.5592 0.3161 -0.7664
vn -0.3568 0.1632 -0.9198
vn -0.1111 0.3552 -0.9282
vn -0.1179 0.1745 -0.9776
vn -0.2954 0.8698 0.3951
vn -0.0939 0.9171 0.3875
vn -0.2948 0.9357 0.1936
vn -0.0932 0.9774 0.1895
vn -0.3009 0.9535 0.0156
vn -0.0969 0.9951 0.0220
vn -0.3124 0.9354 -0.1655
vn -0.1016 0.9815 -0.1621
vn -0.3135 0.8767 -0.3649
vn -0.3002 0.7508 -0.5884
vn -0.1012 0.9198 -0.3792
vn -0.5891 0.1538 -0.7933
vn -0.5000 0.6784 -0.5383
vn -0.5399 0.7639 -0.3536
vn -0.5498 0.8167 -0.1754
vn -0.5492 0.8357 0.0085
vn -0.2943 0.7135 0.6358
vn -0.0971 0.7788 -0.6197
vn -0.5505 0.8099 0.2026
vn -0.5404 0.7398 0.4008
vn -0.9645 -0.0623 -0.2567
vn -0.9075 -0.0883 -0.4107
vn -0.7893 -0.1208 -0.6020
vn -0.4975 0.6230 0.6036
vn -0.3641 -0.1565 -0.9181
vn -0.1006 0.7556 0.6473
vn -0.9492 -0.1721 -0.2633
vn -0.8864 -0.2153 -0.4097
vn -0.7602 -0.2710 -0.5904
vn -0.5955 -0.1483 -0.7896
vn -0.3442 -0.3344 -0.8774
vn -0.1239 -0.1498 -0.9809
vn -0.9010 -0.3029 0.3107
vn -0.8213 -0.4530 0.3469
vn -0.7124 -0.5291 0.4609
vn -0.5668 -0.3158 -0.7609
vn -0.3449 -0.5712 0.7448
vn -0.1167 -0.3254 -0.9384
vn -0.9172 -0.3622 0.1659
vn -0.7914 -0.5931 0.1481
vn -0.6309 -0.7488 0.2032
vn -0.5539 -0.5664 0.6102
vn -0.3022 -0.7935 0.5281
vn -0.1179 -0.5685 0.8142
vn -0.9199 -0.3107 -0.2395
vn -0.8355 -0.3783 -0.3986
vn -0.6898 -0.4503 -0.5669
vn -0.4782 -0.8003 0.3616
vn -0.2955 -0.5319 -0.7935
vn -0.1025 -0.7764 0.6219
vn -0.1016 -0.5194 -0.8485
vn -0.2175 -0.9314 0.2917
vn -0.1278 -0.9813 -0.1436
vn -0.0705 -0.9858 0.1522
vn -0.3818 -0.6895 -0.6154
vn -0.0671 -0.9124 0.4038
vn -0.3998 -0.9163 -0.0233
vn -0.9118 -0.4056 0.0638
vn -0.8917 -0.4427 -0.0943
vn -0.8420 -0.4889 -0.2281
vn -0.7203 -0.5738 -0.3897
vn -0.5575 -0.6429 -0.5252
vn -0.2593 -0.8129 -0.5215
vn -0.2228 -0.7045 -0.6739
vn -0.1144 -0.9075 -0.4041
vn -0.7477 -0.6630 0.0357
vn -0.7186 -0.6861 -0.1135
vn -0.6480 -0.7185 -0.2528
vn -0.5247 -0.7625 -0.3785
vn -0.3865 -0.7947 -0.4680
vn -0.1684 -0.8773 -0.4494
vn -0.1513 -0.8157 -0.5584
vn -0.0779 -0.6915 -0.7182
vn -0.4543 -0.8891 -0.0553
vn -0.4522 -0.8776 -0.1592
vn -0.4083 -0.8723 -0.2690
vn -0.3311 -0.8739 -0.3560
vn -0.2455 -0.8765 -0.4141
vn -0.1044 -0.9943 -0.0219
vn -0.1000 -0.8746 -0.4744
vn -0.0541 -0.8045 -0.5916
vn -0.0352 -0.8680 -0.4954
vn -0.1967 -0.9709 -0.1367
vn -0.2485 -0.9470 -0.2034
vn -0.2406 -0.9289 -0.2814
vn -0.2065 -0.9183 -0.3376
vn -0.1607 -0.9118 -0.3779
vn -0.0247 -0.8994 -0.4365
vn -0.0693 -0.9039 -0.4221
vn -0.2842 -0.8345 0.4719
vn -0.5553 -0.7925 0.2522
vn -0.6101 -0.7915 -0.0364
vn -0.5787 -0.7683 -0.2737
vn -0.4766 -0.7424 -0.4708
vn -0.3670 -0.7244 -0.5836
vn -0.2247 -0.7219 -0.6545
vn -0.1026 -0.7204 -0.6859
vn -0.9832 -0.1095 0.1460
vn -0.9745 -0.1432 -0.1730
vn -0.9960 0.0081 -0.0894
vn -0.9569 -0.2832 -0.0649
vn -0.9616 -0.2315 -0.1474
vn -0.9912 -0.0464 0.1241
vn -0.9736 -0.1851 0.1332
vn -0.9640 -0.2596 0.0572
vn -0.9837 -0.0589 -0.1697
vn -0.9991 0.0051 0.0429
vn -0.4692 -0.1501 -0.8702
vn -0.3577 -0.0365 0.9331
vn -0.3850 0.8373 -0.3881
vn -0.4460 0.3624 -0.8184
vn -0.4839 -0.5131 0.7089
vn -0.2875 0.9235 0.2540
vn -0.5456 -0.7943 0.2672
vn -0.5536 -0.8084 -0.1998
vn -0.2757 0.5529 0.7863
vn -0.5226 -0.5702 -0.6338
vn 0.0930 -0.1067 -0.9899
vn 0.0788 -0.0227 0.9966
vn 0.1051 0.9015 -0.4199
vn 0.1005 0.4637 -0.8802
vn 0.0750 -0.5854 0.8072
vn 0.0980 0.9670 0.2351
vn 0.0734 -0.9401 0.3330
vn 0.0754 -0.9630 -0.2589
vn 0.0873 0.5939 0.7998
vn 0.0805 -0.6441 -0.7607
vn 0.4574 -0.0090 0.8892
vn 0.4929 0.7915 -0.3613
vn 0.4690 0.4230 -0.7753
vn 0.4449 -0.5152 0.7326
vn 0.4785 0.8524 0.2107
vn 0.4508 -0.8361 0.3125
vn 0.4465 -0.8636 -0.2343
vn 0.4683 0.5406 0.6989
vn 0.4411 -0.5777 -0.6868
vn 0.4509 -0.0832 -0.8887
vn 0.8050 -0.3495 0.4794
vn 0.8153 0.5605 0.1452
vn 0.8101 -0.5475 0.2099
vn 0.8050 -0.5773 -0.1364
vn 0.8155 0.3463 0.4637
vn 0.7992 -0.4105 -0.4391
vn 0.7910 -0.0815 -0.6064
vn 0.8152 -0.0235 0.5786
vn 0.8143 0.5253 -0.2470
vn 0.8001 0.2716 -0.5349
vn 0.7885 -0.3684 0.4924
vn 0.8022 0.5790 0.1456
vn 0.7770 -0.5912 0.2163
vn 0.7780 -0.6127 -0.1386
vn 0.8020 0.3460 0.4869
vn 0.7842 -0.4284 -0.4489
vn 0.7822 -0.0924 -0.6162
vn 0.7902 -0.0320 0.6121
vn 0.7874 0.5548 -0.2688
vn 0.7850 0.2684 -0.5583
vn 0.5890 0.7857 0.1892
vn 0.5366 -0.7933 0.2876
vn 0.5384 -0.8205 -0.1919
vn 0.5838 0.4805 0.6545
vn 0.5479 -0.5612 -0.6204
vn 0.5445 -0.1069 -0.8319
vn 0.5552 -0.0147 0.8316
vn 0.5676 0.7479 -0.3442
vn 0.5493 0.3744 -0.7471
vn 0.5497 -0.4828 0.6818
vn 0.2031 -0.9182 0.3400
vn 0.1974 -0.9550 -0.2216
vn 0.2295 0.5920 0.7726
vn 0.1904 -0.6519 -0.7340
vn 0.1839 -0.1119 -0.9766
vn 0.2123 0.0137 0.9771
vn 0.2282 0.8915 -0.3914
vn 0.1945 0.4581 -0.8674
vn 0.2087 -0.5433 0.8132
vn 0.2427 0.9438 0.2245
vn -0.1719 -0.9607 -0.2179
vn -0.1530 0.6102 0.7774
vn -0.1909 -0.6533 -0.7326
vn -0.2009 -0.1041 -0.9741
vn -0.1570 0.0279 0.9872
vn -0.1493 0.9077 -0.3922
vn -0.1868 0.4679 -0.8638
vn -0.1531 -0.5407 0.8271
vn -0.1372 0.9637 0.2290
vn -0.1585 -0.9240 0.3479
vn -0.5344 0.5217 0.6651
vn -0.5611 -0.5597 -0.6098
vn -0.5709 -0.0890 -0.8162
vn -0.5279 0.0206 0.8490
vn -0.5327 0.7755 -0.3390
vn -0.5620 0.3953 -0.7265
vn -0.5155 -0.4699 0.7166
vn -0.5218 0.8291 0.2007
vn -0.5110 -0.8018 0.3099
vn -0.5305 -0.8299 -0.1728
vn -0.8074 -0.4135 -0.4209
vn -0.8213 -0.0711 -0.5661
vn -0.8005 -0.0040 0.5994
vn -0.8149 0.5320 -0.2300
vn -0.8230 0.2764 -0.4963
vn -0.7786 -0.3566 0.5163
vn -0.8085 0.5716 0.1398
vn -0.7637 -0.5986 0.2416
vn -0.7776 -0.6188 -0.1117
vn -0.8127 0.3552 0.4619
vn -0.9219 -0.0342 0.3859
vn -0.9385 0.3173 -0.1362
vn -0.9380 0.1582 -0.3083
vn -0.9042 -0.2630 0.3366
vn -0.9373 0.3354 0.0953
vn -0.8937 -0.4158 0.1683
vn -0.8986 -0.4347 -0.0598
vn -0.9357 0.1969 0.2927
vn -0.9160 -0.3025 -0.2635
vn -0.9325 -0.0741 -0.3536
vn -0.9841 0.1602 -0.0765
vn -0.9810 0.0630 -0.1833
vn -0.9618 -0.1883 0.1990
vn -0.9831 0.1714 0.0642
vn -0.9565 -0.2724 0.1041
vn -0.9591 -0.2817 -0.0264
vn -0.9790 0.0865 0.1845
vn -0.9664 -0.2105 -0.1476
vn -0.9738 -0.0806 -0.2125
vn -0.9713 -0.0543 0.2317
vn -0.9946 0.0036 -0.1039
vn -0.9823 -0.1413 0.1226
vn -0.9967 0.0677 0.0451
vn -0.9798 -0.1889 0.0660
vn -0.9808 -0.1945 -0.0118
vn -0.9931 0.0166 0.1164
vn -0.9847 -0.1531 -0.0838
vn -0.9897 -0.0775 -0.1200
vn -0.9876 -0.0639 0.1433
vn -0.9972 0.0618 -0.0411
vn -0.9930 -0.1027 0.0591
vn -0.9994 -0.0215 0.0270
vn -0.9920 -0.1206 0.0373
vn -0.9926 -0.1216 0.0064
vn -0.9975 -0.0419 0.0562
vn -0.9944 -0.1035 -0.0218
vn -0.9967 -0.0736 -0.0351
vn -0.9951 -0.0725 0.0669
vn -0.9997 -0.0244 -0.0086
vn -0.9985 -0.0460 -0.0309
vn -0.7272 0.0147 -0.6863
vn -0.4469 -0.0100 -0.8945
vn -0.1820 -0.0238 -0.9830
vn -0.2080 0.2065 0.9561
vn -0.5985 0.1887 0.7786
vn -0.8706 0.1501 0.4686
vn -0.9930 0.1049 0.0548
vn -0.9140 0.0497 -0.4027
vn -0.4958 0.6439 -0.5828
vn -0.3601 0.4860 -0.7963
vn -0.1169 0.4292 -0.8956
vn -0.0811 0.8176 0.5701
vn -0.2480 0.8370 0.4878
vn -0.3485 0.8688 0.3517
vn -0.3599 0.9267 0.1079
vn -0.4425 0.8445 -0.3017
vn -0.7355 0.5784 -0.3528
vn -0.6918 0.7212 0.0342
vn -0.5809 0.7267 0.3667
vn -0.4057 0.7059 0.5806
vn -0.1409 0.7069 0.6931
vn -0.1470 0.1992 -0.9689
vn -0.4209 0.2597 -0.8691
vn -0.6399 0.4027 -0.6545
vn -0.6668 0.4353 0.6049
vn -0.0988 0.4596 0.8826
vn -0.0993 0.4283 0.8982
vn -0.1004 0.3906 0.9150
vn -0.1020 0.3290 0.9388
vn -0.3096 0.3266 0.8930
vn -0.5831 0.3036 0.7536
vn -0.8244 0.2668 0.4992
vn -0.9514 0.1034 -0.2902
vn 0.5203 -0.8499 -0.0841
vn -0.6643 0.0904 -0.7420
vn -0.3659 0.0900 -0.9263
vn -0.1120 0.0320 -0.9932
vn -0.3054 0.3838 0.8715
vn -0.3012 0.4192 0.8565
vn -0.2988 0.4516 0.8407
vn -0.0941 0.5615 0.8221
vn -0.5642 0.3513 0.7471
vn -0.5422 0.3901 0.7442
vn -0.5329 0.4259 0.7312
vn -0.2969 0.5573 0.7754
vn -0.4793 0.6260 0.6151
vn -0.2891 0.6440 0.7083
vn -0.0915 0.6351 0.7670
vn -0.1155 0.3304 -0.9368
vn -0.3543 0.4127 -0.8392
vn -0.5113 0.4974 -0.7008
vn -0.1124 0.1525 -0.9819
vn -0.3516 0.2211 -0.9097
vn -0.5523 0.2801 -0.7852
vn -0.1102 0.0551 -0.9924
vn -0.3528 0.0866 -0.9317
vn -0.5880 0.1221 -0.7996
vn -0.1148 0.0232 -0.9931
vn -0.6421 0.0560 -0.7645
vn -0.3659 0.0330 -0.9301
vn -0.7951 0.3321 0.5075
vn -0.4464 -0.7980 -0.4050
vn -0.6586 0.0537 -0.7505
vn -0.3703 0.0166 -0.9287
vn -0.1272 0.0025 -0.9919
vn -0.4104 0.7577 0.5073
vn -0.9301 0.2075 0.3029
vn -0.8651 0.0887 -0.4937
vn -0.6680 0.0842 -0.7394
vn -0.3758 0.0198 -0.9265
vn -0.1245 0.0085 -0.9922
vn -0.2965 0.4985 0.8146
vn -0.0962 0.5051 0.8577
vn -0.7689 0.3541 0.5324
vn -0.8988 0.3034 0.3162
vn -0.2628 0.7607 0.5935
vn -0.0842 0.7425 0.6646
vn -0.8489 0.2281 0.4768
vn -0.3734 0.5303 -0.7611
vn -0.5913 0.1514 0.7921
vn -0.1815 0.5039 -0.8445
vn -0.1826 0.5139 -0.8382
vn -0.3918 0.7201 0.5727
vn -0.2234 0.4963 -0.8389
vn -0.2802 0.6377 0.7175
vn -0.2813 0.6623 0.6944
vn -0.3311 0.8700 -0.3654
vn -0.3390 0.6547 0.6756
vn -0.3788 0.8309 -0.4075
vn -0.3779 0.8204 -0.4291
vn -0.3274 0.9207 0.2123
vn -0.3440 0.8492 -0.4007
vn -0.4012 0.8932 0.2029
vn -0.4281 0.8938 0.1333
vn 0.0779 0.0965 -0.9923
vn 0.0844 0.0853 -0.9928
vn 0.3606 -0.3992 -0.8430
vn 0.3379 -0.4000 -0.8519
vn -0.0049 0.1901 0.9818
vn -0.1804 0.1934 0.9644
vn 0.2760 -0.3200 0.9063
vn 0.4227 -0.5936 0.6848
vn -0.4478 0.2330 -0.8632
vn -0.3792 0.8984 0.2216
vn -0.5676 0.0246 -0.8229
vn -0.1346 0.1081 -0.9850
vn -0.7465 -0.0789 -0.6607
vn -0.5262 0.5300 0.6650
vn -0.1347 -0.2826 -0.9497
vn 0.1465 -0.3572 0.9225
vn -0.7923 0.3597 0.4928
vn -0.5237 0.4755 0.7069
vn -0.3706 0.3337 0.8668
vn -0.8689 0.1127 -0.4820
vn -0.5105 0.5381 0.6706
vn -0.8815 0.1218 -0.4561
vn -0.0320 -0.7544 0.6557
vn 0.5443 -0.8370 -0.0573
vn -0.9721 0.2107 0.1031
vn -0.9673 0.2500 0.0426
vn -0.9856 0.1688 0.0139
vn -0.8950 0.3078 0.3229
vn 0.3312 -0.9278 -0.1717
vn -0.2593 -0.6270 -0.7346
vn -0.9449 0.1782 0.2745
vn -0.8720 -0.2872 0.3965
vn 0.4825 -0.7096 -0.5135
vn 0.5015 -0.7086 -0.4965
vn -0.7272 -0.6864 -0.0039
vn -0.9462 0.1450 -0.2894
vn -0.9495 0.1763 -0.2597
vn -0.9770 0.0830 -0.1964
vn 0.2067 -0.9525 0.2238
vn 0.5150 -0.7951 0.3203
vn -0.9906 0.1371 0.0019
vn -0.8447 0.1250 0.5204
vn 0.4644 -0.8331 0.3004
vn 0.3421 -0.7529 -0.5623
vn 0.5439 -0.8369 -0.0614
vn 0.3124 -0.6636 0.6797
vn -0.1620 -0.2501 0.9546
vn -0.0499 0.1599 0.9859
vn 0.2449 -0.4105 -0.8784
vn 0.0504 0.0681 -0.9964
vn -0.4213 0.8905 0.1716
vn -0.3893 0.8217 -0.4163
vn -0.3032 0.6342 0.7113
vn -0.1842 0.4921 -0.8508
vn 0.3344 -0.4181 -0.8446
vn -0.2976 0.6952 0.6543
vn 0.0528 0.1003 -0.9936
vn 0.2650 -0.2901 0.9196
vn -0.3873 0.8160 -0.4291
vn 0.4244 -0.5911 0.6860
vn 0.5414 -0.8383 -0.0636
vn -0.2001 0.5216 -0.8294
vn -0.0198 0.2375 0.9712
vn 0.5234 -0.7915 0.3156
vn 0.4879 -0.7252 -0.4858
vn -0.4352 0.8944 0.1038
vn -0.4032 -0.9143 -0.0374
vn 0.2503 -0.2840 0.9256
vn -0.2209 0.5272 -0.8205
vn 0.4155 -0.5894 0.6928
vn -0.3174 0.7216 0.6153
vn 0.5368 -0.8405 -0.0736
vn -0.3962 0.8154 -0.4221
vn 0.4731 -0.7319 -0.4905
vn -0.4379 0.8953 0.0812
vn 0.5234 -0.7917 0.3152
vn 0.0253 0.0956 -0.9951
vn 0.3119 -0.4351 -0.8446
vn -0.0476 0.2641 0.9633
vn -0.9335 -0.2959 -0.2026
vn -0.4387 0.8960 0.0685
vn 0.5196 -0.7939 0.3159
vn 0.0176 0.0796 -0.9967
vn 0.3034 -0.4462 -0.8419
vn -0.0714 0.2771 0.9582
vn 0.5349 -0.8409 -0.0825
vn 0.2378 -0.2790 0.9304
vn -0.2249 0.5246 -0.8211
vn 0.4082 -0.5860 0.7000
vn -0.3325 0.7363 0.5893
vn -0.5183 -0.7658 -0.3807
vn -0.3953 0.8180 -0.4178
vn 0.4658 -0.7314 -0.4980
vn 0.5204 -0.8490 -0.0915
vn 0.2253 -0.2703 0.9361
vn -0.2326 0.5148 -0.8251
vn 0.4023 -0.5824 0.7064
vn -0.3581 0.7395 0.5701
vn -0.4979 -0.8241 0.2701
vn -0.3991 0.8207 -0.4088
vn 0.4558 -0.7326 -0.5055
vn -0.4442 0.8933 0.0683
vn 0.5193 -0.7940 0.3160
vn 0.0047 0.0577 -0.9983
vn 0.2868 -0.4566 -0.8422
vn -0.1012 0.2975 0.9493
vn 0.4328 -0.7428 -0.5109
vn -0.4579 0.8856 0.0771
vn 0.5099 -0.8003 0.3155
vn 0.0013 0.0107 -0.9999
vn 0.2629 -0.4796 -0.8372
vn -0.1295 0.3059 0.9432
vn 0.7880 -0.6113 -0.0734
vn 0.2212 -0.2785 0.9346
vn -0.2384 0.4895 -0.8388
vn 0.3919 -0.5894 0.7064
vn -0.3828 0.7242 0.5735
vn -0.9211 -0.3469 0.1769
vn -0.4123 0.8124 -0.4123
vn 0.7505 -0.4907 -0.4427
vn 0.0380 0.9983 0.0443
vn 0.7520 -0.5942 0.2854
vn 0.3547 0.1546 -0.9221
vn 0.5988 -0.2620 -0.7568
vn 0.2231 0.4298 0.8749
vn 0.8393 -0.5407 -0.0572
vn 0.4747 -0.1265 0.8710
vn 0.1651 0.6114 -0.7739
vn 0.6467 -0.4067 0.6452
vn 0.0724 0.8495 0.5226
vn -0.4238 -0.8975 0.1221
vn 0.0613 0.9211 -0.3845
vn 0.2921 0.4310 0.8538
vn 0.7178 -0.6930 -0.0669
vn 0.5440 -0.0566 0.8372
vn 0.1905 0.5908 -0.7840
vn 0.7066 -0.3261 0.6280
vn 0.0871 0.8339 0.5450
vn -0.6713 -0.6020 -0.4323
vn 0.0249 0.9124 -0.4085
vn 0.7776 -0.4542 -0.4348
vn -0.0088 0.9979 0.0648
vn 0.8156 -0.5025 0.2869
vn 0.4051 0.1672 -0.8988
vn 0.6210 -0.2260 -0.7505
vn 0.6394 -0.5998 -0.4811
vn -0.2986 0.9511 0.0795
vn 0.6966 -0.6457 0.3128
vn 0.2257 0.0505 -0.9729
vn 0.4741 -0.3541 -0.8061
vn 0.0835 0.3196 0.9439
vn 0.4548 -0.8879 -0.0694
vn 0.3838 -0.1769 0.9063
vn -0.0460 0.4932 -0.8687
vn 0.5703 -0.4552 0.6838
vn -0.1832 0.7680 0.6137
vn -0.5985 -0.7239 0.3433
vn -0.2541 0.8489 -0.4635
vn 0.2379 -0.5280 -0.8152
vn -0.2271 0.1233 0.9660
vn 0.1527 -0.9870 -0.0496
vn 0.0993 -0.3733 0.9224
vn -0.3266 0.3184 -0.8899
vn 0.2800 -0.6611 0.6961
vn -0.5209 0.5753 0.6306
vn -0.8319 -0.4285 -0.3526
vn -0.5638 0.6728 -0.4790
vn 0.3925 -0.7782 -0.4903
vn -0.6344 0.7687 0.0816
vn 0.4147 -0.8534 0.3159
vn -0.0294 -0.1223 -0.9921
vn -0.1451 -0.9889 -0.0319
vn -0.8261 0.3703 -0.4248
vn 0.1220 -0.8923 -0.4346
vn -0.8860 0.4590 0.0651
vn 0.0939 -0.9551 0.2809
vn -0.2903 -0.3259 -0.8998
vn -0.0191 -0.6729 -0.7395
vn -0.5158 -0.1113 0.8495
vn -0.4339 -0.8715 -0.2284
vn -0.1883 -0.5581 0.8081
vn -0.5994 0.0622 -0.7980
vn -0.0336 -0.7986 0.6010
vn -0.7844 0.2835 0.5516
vn -0.3053 -0.7606 -0.5729
vn -0.7203 -0.3542 0.5965
vn -0.7864 -0.5274 0.3217
vn -0.4319 -0.6831 0.5889
vn -0.7929 -0.2344 -0.5625
vn -0.2880 -0.8445 0.4515
vn -0.9273 -0.0647 0.3686
vn -0.9649 -0.2617 -0.0235
vn -0.9545 -0.0160 -0.2979
vn -0.1805 -0.9254 -0.3331
vn -0.9981 0.0546 0.0273
vn -0.1841 -0.9584 0.2180
vn -0.5384 -0.5128 -0.6686
vn -0.9054 -0.0406 -0.4227
vn -0.5992 -0.7872 -0.1460
vn -0.6838 -0.7147 0.1473
vn -0.8652 -0.4826 -0.1363
vn -0.7248 -0.6433 -0.2466
vn -0.5823 -0.8114 -0.0514
vn -0.8098 -0.5491 -0.2069
vn -0.7842 -0.6077 0.1256
vn -0.8812 -0.4698 -0.0528
vn -0.6305 -0.7684 0.1100
vn -0.8556 -0.5157 0.0447
vn -0.5915 -0.8057 0.0293
vn -0.6438 -0.7327 -0.2208
vn -0.6995 -0.7146 0.0066
vn -0.7976 -0.6025 -0.0286
vn -0.6827 -0.7302 -0.0266
vn -0.7422 -0.6570 -0.1322
vn -0.7220 -0.6916 0.0186
vn -0.7805 -0.6147 -0.1139
vn -0.6850 -0.7226 -0.0929
vn -0.8074 -0.5866 -0.0627
vn -0.7673 -0.6413 0.0068
vn -0.6781 -0.7328 -0.0559
vn -0.8015 -0.5916 -0.0873
vn -0.7061 -0.6975 -0.1224
vn -0.3826 0.2666 -0.8846
vn -0.7139 0.2045 -0.6697
vn -0.1128 0.2016 0.9729
vn -0.6205 0.2073 0.7563
vn -0.9609 0.1102 0.2540
vn -0.3356 0.2114 0.9180
vn -0.9963 0.0855 -0.0011
vn -0.9578 0.0723 -0.2782
vn -0.8843 0.0992 -0.4562
vn -0.8772 0.1650 0.4509
vn -0.9089 0.0420 0.4149
vn -0.9991 0.0421 -0.0101
vn -0.1252 -0.0043 0.9921
vn -0.0482 0.1048 -0.9933
vn -0.9671 0.0537 -0.2486
vn -0.3764 0.0163 0.9263
vn -0.9172 0.1220 -0.3794
vn -0.7749 0.2308 -0.5884
vn -0.6738 0.0328 0.7382
vn -0.9754 0.0379 0.2173
vn -0.4122 0.2762 -0.8682
vn 0.0449 -0.6279 -0.7770
vn -0.9925 0.0489 -0.1120
vn -0.3372 -0.6674 0.6639
vn -0.9724 0.0188 -0.2326
vn -0.8750 -0.0667 -0.4795
vn -0.5919 -0.5335 0.6042
vn -0.9651 -0.0130 0.2617
vn -0.4933 -0.3506 -0.7960
vn -0.8338 -0.2665 0.4835
vn -0.9993 0.0387 0.0021
vn -0.1265 -0.7414 0.6590
vn -0.1220 -0.5690 0.8132
vn -0.9983 0.0382 -0.0435
vn -0.8977 -0.2148 0.3847
vn -0.4796 0.0170 -0.8773
vn -0.9864 -0.0228 0.1631
vn -0.6676 -0.3720 0.6449
vn -0.8492 0.1007 -0.5184
vn -0.9599 0.1108 -0.2576
vn -0.3688 -0.5000 0.7835
vn -0.9859 0.0603 -0.1559
vn 0.0384 -0.1576 -0.9868
vn 0.0015 -0.8916 0.4528
vn 0.1046 -0.9698 0.2205
vn 0.1651 -0.9731 -0.1609
vn -0.1280 -0.6981 0.7045
vn -0.9993 0.0206 -0.0316
vn -0.8732 -0.2627 0.4105
vn -0.4996 -0.1713 -0.8492
vn -0.9808 -0.0366 0.1914
vn -0.6353 -0.4960 0.5919
vn -0.8665 0.0291 -0.4984
vn -0.9703 0.0618 -0.2338
vn -0.3598 -0.6370 0.6818
vn -0.9911 0.0435 -0.1259
vn 0.0357 -0.3956 -0.9177
vn 0.0235 0.0713 -0.9972
vn -0.9775 0.0716 -0.1984
vn -0.3850 -0.2421 0.8906
vn -0.9435 0.1382 -0.3011
vn -0.8192 0.1840 -0.5432
vn -0.6885 -0.1670 0.7057
vn -0.9826 0.0082 0.1855
vn -0.4463 0.1755 -0.8775
vn -0.9141 -0.0826 0.3970
vn -0.9984 0.0520 -0.0243
vn -0.1247 -0.3079 0.9432
vn 0.0346 0.1453 -0.9888
vn 0.3912 -0.0473 -0.9191
vn 0.4574 -0.4748 -0.7519
vn 0.4385 -0.2530 -0.8624
vn 0.4537 -0.6546 -0.6047
vn -0.0790 0.2245 -0.9713
vn 0.2228 0.0936 -0.9704
vn -0.0280 0.2342 -0.9718
vn 0.3534 -0.8189 -0.4523
vn -0.8270 -0.2374 -0.5096
vn 0.7165 -0.5635 -0.4112
vn -0.4684 -0.4887 -0.7361
vn 0.9395 -0.1858 0.2876
vn -0.9492 -0.0506 -0.3107
vn 0.0499 -0.2225 0.9737
vn -0.9249 0.0391 0.3782
vn -0.3713 -0.1676 0.9133
vn 0.9489 -0.3067 -0.0743
vn 0.1127 -0.5785 -0.8078
vn -0.9977 0.0479 0.0483
vn -0.7190 -0.0368 0.6940
vn 0.7486 -0.1872 0.6360
vn -0.9884 0.0381 -0.1471
vn -0.4642 -0.0129 -0.8856
vn 0.3514 -0.0025 -0.9362
vn -0.0594 -0.0058 -0.9982
vn 0.7853 -0.0025 -0.6191
vn -0.8462 -0.0208 -0.5325
vn -0.8557 0.0196 0.5171
vn 0.0569 0.2277 0.9721
vn -0.9866 -0.0102 0.1630
vn -0.2918 0.2407 0.9257
vn 0.8369 0.0145 0.5471
vn -0.6931 0.1115 0.7122
vn 0.9759 -0.0102 0.2180
vn -0.9730 -0.0215 -0.2299
vn 0.9856 -0.0100 -0.1686
vn -0.9913 0.0547 -0.1196
vn 0.3283 -0.6941 0.6406
vn -0.7801 -0.1950 0.5945
vn -0.9980 0.0560 0.0299
vn 0.1071 -0.6614 -0.7424
vn 0.5449 -0.8279 -0.1326
vn -0.5057 -0.4319 0.7468
vn -0.9427 0.0177 0.3333
vn -0.1852 -0.5146 0.8372
vn -0.9658 -0.0191 -0.2586
vn 0.5329 -0.7766 0.3361
vn -0.4798 -0.4855 -0.7308
vn 0.4116 -0.8132 -0.4115
vn -0.8640 -0.1776 -0.4711
vn 0.9898 -0.0774 -0.1194
vn 0.9831 0.0028 -0.1831
vn 0.9782 0.0132 -0.2071
vn 0.9788 0.0132 -0.2045
vn -0.9781 0.0128 -0.2077
vn -0.9686 -0.0059 -0.2487
vn -0.9680 -0.0115 -0.2508
vn -0.9700 -0.0136 -0.2428
vn 0.9678 -0.0313 0.2496
vn 0.9797 0.0058 0.2004
vn 0.9844 0.0124 0.1756
vn 0.9838 0.0105 0.1792
vn -0.6706 0.0361 0.7409
vn -0.6629 0.0200 0.7484
vn -0.6747 0.0056 0.7381
vn -0.6875 -0.0032 0.7262
vn 0.8031 -0.0293 0.5951
vn 0.8342 -0.0033 0.5515
vn 0.8488 0.0036 0.5286
vn 0.8470 0.0054 0.5315
vn -0.2900 -0.0172 0.9569
vn -0.2942 0.0070 0.9557
vn -0.3201 -0.0023 0.9474
vn -0.3396 -0.0071 0.9405
vn -0.9962 0.0208 0.0842
vn -0.9932 -0.0029 0.1165
vn -0.9908 -0.0116 0.1347
vn -0.9888 -0.0138 0.1485
vn 0.0959 -0.0382 0.9947
vn 0.0585 -0.0034 0.9983
vn 0.0261 -0.0079 0.9996
vn 0.0024 -0.0091 1.0000
vn -0.9021 0.0310 0.4304
vn -0.8822 0.0073 0.4708
vn -0.8750 -0.0079 0.4841
vn -0.8711 -0.0124 0.4909
vn -0.9012 -0.0483 -0.4307
vn -0.8378 -0.0183 -0.5457
vn -0.8277 -0.0104 -0.5611
vn -0.8327 -0.0107 -0.5536
vn 0.8291 -0.3040 -0.4693
vn 0.7896 -0.0874 -0.6074
vn 0.7679 -0.0086 -0.6405
vn 0.7689 0.0066 -0.6394
vn -0.3555 -0.3616 -0.8619
vn -0.1391 -0.1420 -0.9800
vn -0.0694 -0.0324 -0.9971
vn -0.0698 -0.0103 -0.9975
vn 0.1531 -0.4618 -0.8737
vn 0.2867 -0.1702 -0.9428
vn 0.3359 -0.0282 -0.9415
vn 0.3400 -0.0072 -0.9404
vn -0.7199 -0.1954 -0.6660
vn -0.5307 -0.0768 -0.8441
vn -0.4657 -0.0246 -0.8846
vn -0.4659 -0.0136 -0.8848
vn -0.2408 0.5840 0.7752
vn -0.9980 -0.0577 0.0263
vn -0.0283 -0.1699 -0.9851
vn 0.3472 -0.1753 -0.9213
vn -0.8114 -0.1527 -0.5642
vn 0.7452 -0.1737 -0.6438
vn -0.9622 -0.1189 -0.2450
vn 0.9982 0.0171 0.0571
vn -0.9879 0.0494 0.1467
vn -0.4232 -0.1747 -0.8890
vn 0.1334 0.8259 0.5478
vn -0.2784 0.8097 0.5167
vn 0.9847 -0.0003 -0.1744
vn 0.9792 0.0070 -0.2029
vn -0.4484 0.0013 -0.8938
vn -0.4285 -0.0164 -0.9034
vn -0.8946 0.1109 0.4328
vn -0.9460 0.1786 0.2705
vn 0.9802 0.0206 0.1970
vn 0.9890 0.0742 0.1277
vn -0.9724 0.0031 -0.2334
vn -0.9700 0.0090 -0.2429
vn 0.7799 0.0038 -0.6258
vn 0.7668 -0.0196 -0.6416
vn -0.8380 -0.0005 -0.5456
vn -0.8241 -0.0062 -0.5663
vn 0.3512 -0.0001 -0.9363
vn 0.3497 -0.0271 -0.9365
vn -0.0465 0.0028 -0.9989
vn -0.0303 -0.0195 -0.9993
vn -0.9900 0.0196 0.1399
vn -0.9952 0.0485 0.0845
vn -0.7945 0.3295 0.5101
vn -0.7310 0.6058 0.3141
vn -0.8824 0.3794 0.2782
vn -0.8412 0.4966 0.2139
vn -0.2220 0.8580 0.4631
vn 0.2520 0.8506 0.4615
vn -0.7231 0.6218 0.3009
vn 0.4215 0.5742 0.7018
vn 0.9661 -0.1026 -0.2369
vn -0.9708 0.1749 0.1642
vn -0.9344 0.2681 0.2346
vn 0.8981 0.1334 0.4191
vn -0.8068 0.3657 0.4640
vn 0.7868 0.3628 0.4993
vn 0.9809 0.1611 0.1087
vn 0.6042 -0.0005 0.7968
vn 0.6139 -0.0034 0.7893
vn 0.6114 -0.0059 0.7913
vn 0.5954 -0.0270 0.8030
vn 0.1701 -0.6141 0.7707
vn 0.6177 0.0831 0.7820
vn 0.5435 -0.1853 0.8187
vn -0.0534 -0.8077 0.5871
vn 0.9481 0.2770 0.1562
vn 0.9467 0.2339 0.2215
vn -0.0955 -0.7390 0.6669
vn 0.3014 -0.1983 0.9327
vn 0.3023 0.1688 0.9381
vn 0.0014 -0.5561 0.8311
vn 0.3312 -0.0262 0.9432
vn 0.3092 -0.0048 0.9510
vn 0.2877 -0.0061 0.9577
vn 0.2680 -0.0051 0.9634
vn 0.5347 0.6562 0.5324
vn 0.8797 0.4261 0.2112
vn 0.7012 0.6522 0.2878
vn -0.6778 -0.7352 0.0117
vn 0.5267 -0.8489 0.0439
vn -0.2043 -0.8667 0.4551
vn -0.6146 -0.7885 -0.0251
vn 0.5150 -0.8230 0.2398
vn -0.7071 -0.7063 0.0339
vn 0.4481 -0.8939 -0.0133
vn -0.6830 -0.7163 0.1426
vn 0.3309 -0.9400 -0.0835
vn -0.5309 -0.8413 -0.1019
vn 0.0738 -0.9637 -0.2567
vn -0.2004 -0.9243 -0.3248
vn -0.5220 -0.7884 0.3256
vn 0.1869 -0.9628 -0.1950
vn -0.0162 -0.9502 -0.3112
vn -0.4053 -0.8853 -0.2280
vn 0.5603 -0.8208 0.1110
vn 0.2591 -0.8692 0.4211
vn -0.0215 -0.9997 -0.0071
vn -0.0392 -0.9965 -0.0741
vn -0.0687 -0.9973 -0.0268
vn 0.0423 -0.9984 -0.0384
vn -0.1748 -0.9846 -0.0084
vn -0.1429 -0.9879 -0.0602
vn -0.1431 -0.9897 -0.0010
vn -0.1857 -0.9825 -0.0151
vn -0.0734 -0.9972 -0.0165
vn -0.1848 -0.9827 -0.0096
vn -0.0083 -0.9895 -0.1441
vn -0.0314 -0.9992 -0.0227
vn -0.0261 -0.9997 -0.0019
vn -0.0672 -0.9926 -0.1012
vn -0.0197 -0.9995 -0.0228
vn -0.0255 -0.9997 0.0053
vn -0.1724 -0.9846 -0.0302
vn -0.0532 -0.9963 -0.0682
vn 0.0037 -0.9999 -0.0093
vn -0.0082 -1.0000 -0.0013
vn -0.0093 -1.0000 -0.0032
vn -0.0090 -0.9999 0.0095
vn -0.0045 -1.0000 0.0004
vn 0.0046 -0.9999 -0.0122
vn 0.0076 -0.9995 -0.0296
vn 0.0102 -0.9999 -0.0019
vn 0.0144 -0.9999 -0.0062
vn 0.0253 -0.9997 0.0044
vn 0.0164 -0.9998 0.0108
vn 0.0349 -0.9987 -0.0370
vn -0.0315 -0.9986 -0.0431
vn -0.0250 -0.9997 -0.0042
vn -0.0154 -0.9998 -0.0134
vn -0.0112 -0.9999 0.0022
vn -0.0082 -0.9998 0.0164
vn 0.0074 -0.9979 -0.0647
vn 0.5029 -0.0467 0.8631
vn 0.9738 -0.1349 0.1828
vn -0.7171 -0.5077 -0.4775
vn -0.0321 -0.5466 -0.8368
vn 0.6207 -0.5673 -0.5412
vn -0.8293 -0.0907 0.5513
vn -0.3818 -0.5440 -0.7472
vn 0.2966 -0.5707 -0.7657
vn -0.8681 -0.4527 -0.2038
vn 0.8436 -0.4896 -0.2204
vn -0.9622 -0.1352 0.2365
vn 0.9398 -0.3417 0.0018
vn -0.9733 -0.2068 0.0997
vn 0.8919 -0.0657 0.4475
vn -0.9263 -0.3766 -0.0093
vn -0.2880 -0.0720 0.9549
vn 0.9746 -0.2103 0.0772
vn -0.9552 -0.2863 0.0753
vn 0.2550 -0.0163 0.9668
vn 0.2418 -0.0357 0.9697
vn 0.5933 -0.0094 0.8049
vn 0.5772 -0.0247 0.8162
vn 0.9811 0.0082 -0.1932
vn 0.9834 -0.0035 -0.1815
vn -0.9722 -0.0153 -0.2336
vn -0.9728 -0.0201 -0.2307
vn 0.9822 0.0020 0.1876
vn 0.9796 -0.0062 0.2007
vn -0.6855 -0.0171 0.7279
vn -0.6686 -0.0210 0.7433
vn 0.8422 -0.0021 0.5391
vn 0.8323 -0.0124 0.5542
vn -0.3378 -0.0179 0.9410
vn -0.3215 -0.0222 0.9466
vn -0.9872 -0.0148 0.1587
vn -0.9863 -0.0158 0.1643
vn -0.0067 -0.0179 0.9998
vn 0.0068 -0.0319 0.9995
vn -0.8645 -0.0149 0.5024
vn -0.8538 -0.0141 0.5204
vn -0.8400 -0.0110 -0.5425
vn -0.8445 -0.0160 -0.5353
vn 0.7754 0.0074 -0.6315
vn 0.7810 -0.0002 -0.6245
vn -0.0716 -0.0101 -0.9974
vn -0.0666 -0.0097 -0.9977
vn 0.3443 -0.0029 -0.9389
vn 0.3484 -0.0036 -0.9373
vn -0.4717 -0.0064 -0.8818
vn -0.4694 -0.0090 -0.8830
vn 0.8391 0.3925 0.3766
vt 0.000000 0.000000
s 1
f 16/1/16 1972/1/1972 5899/1/5898 1975/1/1975
f 1972/1/1972 1/1/1 1961/1/1961 5899/1/5898
f 5899/1/5898 1961/1/1961 2/1/2 1992/1/1992
f 1975/1/1975 5899/1/5898 1992/1/1992 17/1/17
f 17/1/17 1992/1/1992 5900/1/5899 1976/1/1976
f 1992/1/1992 2/1/2 1990/1/1990 5900/1/5899
f 5900/1/5899 1990/1/1990 3/1/3 1974/1/1974
f 1976/1/1976 5900/1/5899 1974/1/1974 19/1/19
f 19/1/19 1974/1/1974 5901/1/5900 1977/1/1977
f 1974/1/1974 3/1/3 1962/1/1962 5901/1/5900
f 5901/1/5900 1962/1/1962 4/1/4 1991/1/1991
f 1977/1/1977 5901/1/5900 1991/1/1991 21/1/21
f 21/1/21 1991/1/1991 5902/1/5901 1978/1/1978
f 1991/1/1991 4/1/4 1963/1/1963 5902/1/5901
f 5902/1/5901 1963/1/1963 5/1/5 1973/1/1973
f 1978/1/1978 5902/1/5901 1973/1/1973 23/1/23
f 23/1/23 1973/1/1973 5903/1/5902 1979/1/1979
f 1973/1/1973 5/1/5 1989/1/1989 5903/1/5902
f 5903/1/5902 1989/1/1989 6/1/6 1964/1/1964
f 1979/1/1979 5903/1/5902 1964/1/1964 7/1/7
f 143/1/143 2224/1/2224 5904/1/5903 2228/1/2228
f 2224/1/2224 144/1/144 2200/1/2200 5904/1/5903
f 5904/1/5903 2200/1/2200 155/1/155 2230/1/2230
f 2228/1/2228 5904/1/5903 2230/1/2230 161/1/161
f 15/1/15 2204/1/2204 5905/1/5904 1980/1/1980
f 2204/1/2204 16/1/16 1975/1/1975 5905/1/5904
f 5905/1/5904 1975/1/1975 17/1/17 2205/1/2205
f 1980/1/1980 5905/1/5904 2205/1/2205 18/1/18
f 18/1/18 2205/1/2205 5906/1/5905 1981/1/1981
f 2205/1/2205 17/1/17 1976/1/1976 5906/1/5905
f 5906/1/5905 1976/1/1976 19/1/19 2206/1/2206
f 1981/1/1981 5906/1/5905 2206/1/2206 20/1/20
f 20/1/20 2206/1/2206 5907/1/5906 1982/1/1982
f 2206/1/2206 19/1/19 1977/1/1977 5907/1/5906
f 5907/1/5906 1977/1/1977 21/1/21 2207/1/2207
f 1982/1/1982 5907/1/5906 2207/1/2207 22/1/22
f 22/1/22 2207/1/2207 5908/1/5907 1983/1/1983
f 2207/1/2207 21/1/21 1978/1/1978 5908/1/5907
f 5908/1/5907 1978/1/1978 23/1/23 2208/1/2208
f 1983/1/1983 5908/1/5907 2208/1/2208 24/1/24
f 32/1/32 1971/1/1971 5909/1/5908 2008/1/2008
f 1971/1/1971 15/1/15 1980/1/1980 5909/1/5908
f 5909/1/5908 1980/1/1980 18/1/18 1985/1/1985
f 2008/1/2008 5909/1/5908 1985/1/1985 33/1/33
f 33/1/33 1985/1/1985 5910/1/5909 2007/1/2007
f 1985/1/1985 18/1/18 1981/1/1981 5910/1/5909
f 5910/1/5909 1981/1/1981 20/1/20 1986/1/1986
f 2007/1/2007 5910/1/5909 1986/1/1986 34/1/34
f 34/1/34 1986/1/1986 5911/1/5910 2006/1/2006
f 1986/1/1986 20/1/20 1982/1/1982 5911/1/5910
f 5911/1/5910 1982/1/1982 22/1/22 1987/1/1987
f 2006/1/2006 5911/1/5910 1987/1/1987 35/1/35
f 35/1/35 1987/1/1987 5912/1/5911 2005/1/2005
f 1987/1/1987 22/1/22 1983/1/1983 5912/1/5911
f 5912/1/5911 1983/1/1983 24/1/24 1988/1/1988
f 2005/1/2005 5912/1/5911 1988/1/1988 36/1/36
f 36/1/36 1988/1/1988 5913/1/5912 2004/1/2004
f 1988/1/1988 24/1/24 1984/1/1984 5913/1/5912
f 5913/1/5912 1984/1/1984 8/1/8 1998/1/1998
f 2004/1/2004 5913/1/5912 1998/1/1998 31/1/31
f 132/1/132 2222/1/2222 5914/1/5913 2193/1/2193
f 2222/1/2222 131/1/131 2192/1/2192 5914/1/5913
f 5914/1/5913 2192/1/2192 149/1/149 2225/1/2225
f 2193/1/2193 5914/1/5913 2225/1/2225 150/1/150
f 2/1/2 2289/1/2289 5915/1/5914 1990/1/1990
f 2289/1/2289 26/1/26 1997/1/1997 5915/1/5914
f 5915/1/5914 1997/1/1997 27/1/27 2288/1/2288
f 1990/1/1990 5915/1/5914 2288/1/2288 3/1/3
f 4/1/4 2291/1/2291 5916/1/5915 1963/1/1963
f 2291/1/2291 28/1/28 1995/1/1995 5916/1/5915
f 5916/1/5915 1995/1/1995 29/1/29 2290/1/2290
f 1963/1/1963 5916/1/5915 2290/1/2290 5/1/5
f 1/1/1 2292/1/2292 5917/1/5916 1961/1/1961
f 2292/1/2292 25/1/25 1993/1/1993 5917/1/5916
f 5917/1/5916 1993/1/1993 26/1/26 2289/1/2289
f 1961/1/1961 5917/1/5916 2289/1/2289 2/1/2
f 3/1/3 2288/1/2288 5918/1/5917 1962/1/1962
f 2288/1/2288 27/1/27 1994/1/1994 5918/1/5917
f 5918/1/5917 1994/1/1994 28/1/28 2291/1/2291
f 1962/1/1962 5918/1/5917 2291/1/2291 4/1/4
f 10/1/10 2003/1/2003 5919/1/5918 1966/1/1966
f 2003/1/2003 36/1/36 2004/1/2004 5919/1/5918
f 5919/1/5918 2004/1/2004 31/1/31 1965/1/1965
f 1966/1/1966 5919/1/5918 1965/1/1965 9/1/9
f 11/1/11 2002/1/2002 5920/1/5919 1967/1/1967
f 2002/1/2002 35/1/35 2005/1/2005 5920/1/5919
f 5920/1/5919 2005/1/2005 36/1/36 2003/1/2003
f 1967/1/1967 5920/1/5919 2003/1/2003 10/1/10
f 12/1/12 2001/1/2001 5921/1/5920 1968/1/1968
f 2001/1/2001 34/1/34 2006/1/2006 5921/1/5920
f 5921/1/5920 2006/1/2006 35/1/35 2002/1/2002
f 1968/1/1968 5921/1/5920 2002/1/2002 11/1/11
f 13/1/13 2000/1/2000 5922/1/5921 1969/1/1969
f 2000/1/2000 33/1/33 2007/1/2007 5922/1/5921
f 5922/1/5921 2007/1/2007 34/1/34 2001/1/2001
f 1969/1/1969 5922/1/5921 2001/1/2001 12/1/12
f 14/1/14 1999/1/1999 5923/1/5922 1970/1/1970
f 1999/1/1999 32/1/32 2008/1/2008 5923/1/5922
f 5923/1/5922 2008/1/2008 33/1/33 2000/1/2000
f 1970/1/1970 5923/1/5922 2000/1/2000 13/1/13
f 32/1/32 1999/1/1999 5924/1/5923 2013/1/2013
f 1999/1/1999 14/1/14 2012/1/2012 5924/1/5923
f 5924/1/5923 2012/1/2012 38/1/38 2011/1/2011
f 2013/1/2013 5924/1/5923 2011/1/2011 42/1/42
f 1/1/1 1972/1/1972 5925/1/5924 2015/1/2015
f 1972/1/1972 16/1/16 2014/1/2014 5925/1/5924
f 5925/1/5924 2014/1/2014 40/1/40 2010/1/2010
f 2015/1/2015 5925/1/5924 2010/1/2010 37/1/37
f 15/1/15 1971/1/1971 5926/1/5925 2016/1/2016
f 1971/1/1971 32/1/32 2013/1/2013 5926/1/5925
f 5926/1/5925 2013/1/2013 42/1/42 2009/1/2009
f 2016/1/2016 5926/1/5925 2009/1/2009 39/1/39
f 5/1/5 2290/1/2290 5927/1/5926 1989/1/1989
f 2290/1/2290 29/1/29 1996/1/1996 5927/1/5926
f 5927/1/5926 1996/1/1996 30/1/30 2293/1/2293
f 1989/1/1989 5927/1/5926 2293/1/2293 6/1/6
f 24/1/24 2208/1/2208 5928/1/5927 1984/1/1984
f 2208/1/2208 23/1/23 1979/1/1979 5928/1/5927
f 5928/1/5927 1979/1/1979 7/1/7 2203/1/2203
f 1984/1/1984 5928/1/5927 2203/1/2203 8/1/8
f 64/1/64 2058/1/2058 5929/1/5928 2053/1/2053
f 2058/1/2058 63/1/63 2018/1/2018 5929/1/5928
f 5929/1/5928 2018/1/2018 43/1/43 2025/1/2025
f 2053/1/2053 5929/1/5928 2025/1/2025 52/1/52
f 203/1/203 2339/1/2339 5930/1/5929 2357/1/2357
f 2339/1/2339 61/1/61 2033/1/2033 5930/1/5929
f 5930/1/5929 2033/1/2033 60/1/60 2040/1/2040
f 2357/1/2357 5930/1/5929 2040/1/2040 202/1/202
f 205/1/205 2341/1/2341 5931/1/5930 2356/1/2356
f 2341/1/2341 59/1/59 2039/1/2039 5931/1/5930
f 5931/1/5930 2039/1/2039 58/1/58 2042/1/2042
f 2356/1/2356 5931/1/5930 2042/1/2042 204/1/204
f 207/1/207 2343/1/2343 5932/1/5931 2355/1/2355
f 2343/1/2343 55/1/55 2030/1/2030 5932/1/5931
f 5932/1/5931 2030/1/2030 54/1/54 2044/1/2044
f 2355/1/2355 5932/1/5931 2044/1/2044 206/1/206
f 206/1/206 2044/1/2044 5933/1/5932 2354/1/2354
f 2044/1/2044 54/1/54 2036/1/2036 5933/1/5932
f 5933/1/5932 2036/1/2036 53/1/53 2046/1/2046
f 2354/1/2354 5933/1/5932 2046/1/2046 208/1/208
f 209/1/209 2345/1/2345 5934/1/5933 2353/1/2353
f 2345/1/2345 62/1/62 2034/1/2034 5934/1/5933
f 5934/1/5933 2034/1/2034 61/1/61 2339/1/2339
f 2353/1/2353 5934/1/5933 2339/1/2339 203/1/203
f 211/1/211 2347/1/2347 5935/1/5934 2352/1/2352
f 2347/1/2347 57/1/57 2031/1/2031 5935/1/5934
f 5935/1/5934 2031/1/2031 56/1/56 2048/1/2048
f 2352/1/2352 5935/1/5934 2048/1/2048 210/1/210
f 210/1/210 2048/1/2048 5936/1/5935 2351/1/2351
f 2048/1/2048 56/1/56 2037/1/2037 5936/1/5935
f 5936/1/5935 2037/1/2037 55/1/55 2343/1/2343
f 2351/1/2351 5936/1/5935 2343/1/2343 207/1/207
f 202/1/202 2040/1/2040 5937/1/5936 2350/1/2350
f 2040/1/2040 60/1/60 2032/1/2032 5937/1/5936
f 5937/1/5936 2032/1/2032 59/1/59 2341/1/2341
f 2350/1/2350 5937/1/5936 2341/1/2341 205/1/205
f 204/1/204 2042/1/2042 5938/1/5937 2349/1/2349
f 2042/1/2042 58/1/58 2038/1/2038 5938/1/5937
f 5938/1/5937 2038/1/2038 57/1/57 2347/1/2347
f 2349/1/2349 5938/1/5937 2347/1/2347 211/1/211
f 209/1/209 2348/1/2348 5939/1/5938 2345/1/2345
f 2348/1/2348 208/1/208 2046/1/2046 5939/1/5938
f 5939/1/5938 2046/1/2046 53/1/53 2035/1/2035
f 2345/1/2345 5939/1/5938 2035/1/2035 62/1/62
f 63/1/63 2057/1/2057 5940/1/5939 2018/1/2018
f 2057/1/2057 65/1/65 2050/1/2050 5940/1/5939
f 5940/1/5939 2050/1/2050 44/1/44 2026/1/2026
f 2018/1/2018 5940/1/5939 2026/1/2026 43/1/43
f 66/1/66 2056/1/2056 5941/1/5940 2051/1/2051
f 2056/1/2056 64/1/64 2053/1/2053 5941/1/5940
f 5941/1/5940 2053/1/2053 52/1/52 2023/1/2023
f 2051/1/2051 5941/1/5940 2023/1/2023 51/1/51
f 13/1/13 1969/1/1969 5942/1/5941 2055/1/2055
f 1969/1/1969 12/1/12 2024/1/2024 5942/1/5941
f 5942/1/5941 2024/1/2024 64/1/64 2056/1/2056
f 2055/1/2055 5942/1/5941 2056/1/2056 66/1/66
f 11/1/11 1967/1/1967 5943/1/5942 2052/1/2052
f 1967/1/1967 10/1/10 2054/1/2054 5943/1/5942
f 5943/1/5942 2054/1/2054 65/1/65 2057/1/2057
f 2052/1/2052 5943/1/5942 2057/1/2057 63/1/63
f 12/1/12 1968/1/1968 5944/1/5943 2024/1/2024
f 1968/1/1968 11/1/11 2052/1/2052 5944/1/5943
f 5944/1/5943 2052/1/2052 63/1/63 2058/1/2058
f 2024/1/2024 5944/1/5943 2058/1/2058 64/1/64
f 50/1/50 2061/1/2061 5945/1/5944 2022/1/2022
f 2061/1/2061 67/1/67 2059/1/2059 5945/1/5944
f 5945/1/5944 2059/1/2059 66/1/66 2051/1/2051
f 2022/1/2022 5945/1/5944 2051/1/2051 51/1/51
f 49/1/49 2062/1/2062 5946/1/5945 2021/1/2021
f 2062/1/2062 68/1/68 2060/1/2060 5946/1/5945
f 5946/1/5945 2060/1/2060 67/1/67 2061/1/2061
f 2021/1/2021 5946/1/5945 2061/1/2061 50/1/50
f 68/1/68 2062/1/2062 5947/1/5946 2065/1/2065
f 2062/1/2062 49/1/49 2064/1/2064 5947/1/5946
f 5947/1/5946 2064/1/2064 69/1/69 2063/1/2063
f 2065/1/2065 5947/1/5946 2063/1/2063 70/1/70
f 70/1/70 2063/1/2063 5948/1/5947 2068/1/2068
f 2063/1/2063 69/1/69 2067/1/2067 5948/1/5947
f 5948/1/5947 2067/1/2067 71/1/71 2066/1/2066
f 2068/1/2068 5948/1/5947 2066/1/2066 72/1/72
f 72/1/72 2066/1/2066 5949/1/5948 2071/1/2071
f 2066/1/2066 71/1/71 2070/1/2070 5949/1/5948
f 5949/1/5948 2070/1/2070 73/1/73 2069/1/2069
f 2071/1/2071 5949/1/5948 2069/1/2069 74/1/74
f 16/1/16 2204/1/2204 5950/1/5949 2014/1/2014
f 2204/1/2204 15/1/15 2016/1/2016 5950/1/5949
f 5950/1/5949 2016/1/2016 39/1/39 2209/1/2209
f 2014/1/2014 5950/1/5949 2209/1/2209 40/1/40
f 76/1/76 2072/1/2072 5951/1/5950 2075/1/2075
f 2072/1/2072 75/1/75 2074/1/2074 5951/1/5950
f 5951/1/5950 2074/1/2074 77/1/77 2073/1/2073
f 2075/1/2075 5951/1/5950 2073/1/2073 78/1/78
f 25/1/25 2292/1/2292 5952/1/5951 2017/1/2017
f 2292/1/2292 1/1/1 2015/1/2015 5952/1/5951
f 5952/1/5951 2015/1/2015 37/1/37 2294/1/2294
f 2017/1/2017 5952/1/5951 2294/1/2294 41/1/41
f 81/1/81 2081/1/2081 5953/1/5952 2108/1/2108
f 2081/1/2081 14/1/14 1970/1/1970 5953/1/5952
f 5953/1/5952 1970/1/1970 13/1/13 2101/1/2101
f 2108/1/2108 5953/1/5952 2101/1/2101 97/1/97
f 70/1/70 2078/1/2078 5954/1/5953 2065/1/2065
f 2078/1/2078 99/1/99 2103/1/2103 5954/1/5953
f 5954/1/5953 2103/1/2103 98/1/98 2079/1/2079
f 2065/1/2065 5954/1/5953 2079/1/2079 68/1/68
f 82/1/82 2080/1/2080 5955/1/5954 2085/1/2085
f 2080/1/2080 81/1/81 2084/1/2084 5955/1/5954
f 5955/1/5954 2084/1/2084 83/1/83 2083/1/2083
f 2085/1/2085 5955/1/5954 2083/1/2083 84/1/84
f 84/1/84 2083/1/2083 5956/1/5955 2088/1/2088
f 2083/1/2083 83/1/83 2087/1/2087 5956/1/5955
f 5956/1/5955 2087/1/2087 85/1/85 2086/1/2086
f 2088/1/2088 5956/1/5955 2086/1/2086 86/1/86
f 86/1/86 2086/1/2086 5957/1/5956 2091/1/2091
f 2086/1/2086 85/1/85 2090/1/2090 5957/1/5956
f 5957/1/5956 2090/1/2090 87/1/87 2089/1/2089
f 2091/1/2091 5957/1/5956 2089/1/2089 88/1/88
f 88/1/88 2089/1/2089 5958/1/5957 2094/1/2094
f 2089/1/2089 87/1/87 2093/1/2093 5958/1/5957
f 5958/1/5957 2093/1/2093 89/1/89 2092/1/2092
f 2094/1/2094 5958/1/5957 2092/1/2092 90/1/90
f 74/1/74 2069/1/2069 5959/1/5958 2211/1/2211
f 2069/1/2069 73/1/73 2210/1/2210 5959/1/5958
f 5959/1/5958 2210/1/2210 75/1/75 2072/1/2072
f 2211/1/2211 5959/1/5958 2072/1/2072 76/1/76
f 92/1/92 2095/1/2095 5960/1/5959 2098/1/2098
f 2095/1/2095 91/1/91 2097/1/2097 5960/1/5959
f 5960/1/5959 2097/1/2097 93/1/93 2096/1/2096
f 2098/1/2098 5960/1/5959 2096/1/2096 94/1/94
f 78/1/78 2073/1/2073 5961/1/5960 2296/1/2296
f 2073/1/2073 77/1/77 2295/1/2295 5961/1/5960
f 5961/1/5960 2295/1/2295 79/1/79 2076/1/2076
f 2296/1/2296 5961/1/5960 2076/1/2076 80/1/80
f 13/1/13 2055/1/2055 5962/1/5961 2101/1/2101
f 2055/1/2055 66/1/66 2059/1/2059 5962/1/5961
f 5962/1/5961 2059/1/2059 67/1/67 2100/1/2100
f 2101/1/2101 5962/1/5961 2100/1/2100 97/1/97
f 68/1/68 2079/1/2079 5963/1/5962 2060/1/2060
f 2079/1/2079 98/1/98 2102/1/2102 5963/1/5962
f 5963/1/5962 2102/1/2102 97/1/97 2100/1/2100
f 2060/1/2060 5963/1/5962 2100/1/2100 67/1/67
f 83/1/83 2084/1/2084 5964/1/5963 2109/1/2109
f 2084/1/2084 81/1/81 2108/1/2108 5964/1/5963
f 5964/1/5963 2108/1/2108 97/1/97 2102/1/2102
f 2109/1/2109 5964/1/5963 2102/1/2102 98/1/98
f 85/1/85 2087/1/2087 5965/1/5964 2110/1/2110
f 2087/1/2087 83/1/83 2109/1/2109 5965/1/5964
f 5965/1/5964 2109/1/2109 98/1/98 2103/1/2103
f 2110/1/2110 5965/1/5964 2103/1/2103 99/1/99
f 87/1/87 2090/1/2090 5966/1/5965 2111/1/2111
f 2090/1/2090 85/1/85 2110/1/2110 5966/1/5965
f 5966/1/5965 2110/1/2110 99/1/99 2104/1/2104
f 2111/1/2111 5966/1/5965 2104/1/2104 100/1/100
f 89/1/89 2093/1/2093 5967/1/5966 2112/1/2112
f 2093/1/2093 87/1/87 2111/1/2111 5967/1/5966
f 5967/1/5966 2111/1/2111 100/1/100 2105/1/2105
f 2112/1/2112 5967/1/5966 2105/1/2105 101/1/101
f 90/1/90 2092/1/2092 5968/1/5967 2213/1/2213
f 2092/1/2092 89/1/89 2212/1/2212 5968/1/5967
f 5968/1/5967 2212/1/2212 91/1/91 2095/1/2095
f 2213/1/2213 5968/1/5967 2095/1/2095 92/1/92
f 93/1/93 2097/1/2097 5969/1/5968 2114/1/2114
f 2097/1/2097 91/1/91 2113/1/2113 5969/1/5968
f 5969/1/5968 2113/1/2113 102/1/102 2106/1/2106
f 2114/1/2114 5969/1/5968 2106/1/2106 103/1/103
f 94/1/94 2096/1/2096 5970/1/5969 2298/1/2298
f 2096/1/2096 93/1/93 2297/1/2297 5970/1/5969
f 5970/1/5969 2297/1/2297 95/1/95 2099/1/2099
f 2298/1/2298 5970/1/5969 2099/1/2099 96/1/96
f 14/1/14 2081/1/2081 5971/1/5970 2012/1/2012
f 2081/1/2081 81/1/81 2080/1/2080 5971/1/5970
f 5971/1/5970 2080/1/2080 82/1/82 2082/1/2082
f 2012/1/2012 5971/1/5970 2082/1/2082 38/1/38
f 72/1/72 2107/1/2107 5972/1/5971 2068/1/2068
f 2107/1/2107 100/1/100 2104/1/2104 5972/1/5971
f 5972/1/5971 2104/1/2104 99/1/99 2078/1/2078
f 2068/1/2068 5972/1/5971 2078/1/2078 70/1/70
f 74/1/74 2077/1/2077 5973/1/5972 2071/1/2071
f 2077/1/2077 101/1/101 2105/1/2105 5973/1/5972
f 5973/1/5972 2105/1/2105 100/1/100 2107/1/2107
f 2071/1/2071 5973/1/5972 2107/1/2107 72/1/72
f 91/1/91 2212/1/2212 5974/1/5973 2113/1/2113
f 2212/1/2212 89/1/89 2112/1/2112 5974/1/5973
f 5974/1/5973 2112/1/2112 101/1/101 2214/1/2214
f 2113/1/2113 5974/1/5973 2214/1/2214 102/1/102
f 78/1/78 2117/1/2117 5975/1/5974 2075/1/2075
f 2117/1/2117 103/1/103 2106/1/2106 5975/1/5974
f 5975/1/5974 2106/1/2106 102/1/102 2116/1/2116
f 2075/1/2075 5975/1/5974 2116/1/2116 76/1/76
f 95/1/95 2297/1/2297 5976/1/5975 2115/1/2115
f 2297/1/2297 93/1/93 2114/1/2114 5976/1/5975
f 5976/1/5975 2114/1/2114 103/1/103 2299/1/2299
f 2115/1/2115 5976/1/5975 2299/1/2299 104/1/104
f 80/1/80 2118/1/2118 5977/1/5976 2296/1/2296
f 2118/1/2118 104/1/104 2299/1/2299 5977/1/5976
f 5977/1/5976 2299/1/2299 103/1/103 2117/1/2117
f 2296/1/2296 5977/1/5976 2117/1/2117 78/1/78
f 120/1/120 2145/1/2145 5978/1/5977 2120/1/2120
f 2145/1/2145 122/1/122 2122/1/2122 5978/1/5977
f 5978/1/5977 2122/1/2122 106/1/106 2119/1/2119
f 2120/1/2120 5978/1/5977 2119/1/2119 105/1/105
f 121/1/121 2305/1/2305 5979/1/5978 2143/1/2143
f 2305/1/2305 120/1/120 2120/1/2120 5979/1/5978
f 5979/1/5978 2120/1/2120 105/1/105 2300/1/2300
f 2143/1/2143 5979/1/5978 2300/1/2300 107/1/107
f 105/1/105 2119/1/2119 5980/1/5979 2124/1/2124
f 2119/1/2119 106/1/106 2126/1/2126 5980/1/5979
f 5980/1/5979 2126/1/2126 109/1/109 2123/1/2123
f 2124/1/2124 5980/1/5979 2123/1/2123 108/1/108
f 107/1/107 2300/1/2300 5981/1/5980 2125/1/2125
f 2300/1/2300 105/1/105 2124/1/2124 5981/1/5980
f 5981/1/5980 2124/1/2124 108/1/108 2301/1/2301
f 2125/1/2125 5981/1/5980 2301/1/2301 110/1/110
f 108/1/108 2123/1/2123 5982/1/5981 2128/1/2128
f 2123/1/2123 109/1/109 2130/1/2130 5982/1/5981
f 5982/1/5981 2130/1/2130 112/1/112 2127/1/2127
f 2128/1/2128 5982/1/5981 2127/1/2127 111/1/111
f 110/1/110 2301/1/2301 5983/1/5982 2129/1/2129
f 2301/1/2301 108/1/108 2128/1/2128 5983/1/5982
f 5983/1/5982 2128/1/2128 111/1/111 2302/1/2302
f 2129/1/2129 5983/1/5982 2302/1/2302 113/1/113
f 111/1/111 2127/1/2127 5984/1/5983 2132/1/2132
f 2127/1/2127 112/1/112 2134/1/2134 5984/1/5983
f 5984/1/5983 2134/1/2134 115/1/115 2131/1/2131
f 2132/1/2132 5984/1/5983 2131/1/2131 114/1/114
f 113/1/113 2302/1/2302 5985/1/5984 2133/1/2133
f 2302/1/2302 111/1/111 2132/1/2132 5985/1/5984
f 5985/1/5984 2132/1/2132 114/1/114 2303/1/2303
f 2133/1/2133 5985/1/5984 2303/1/2303 116/1/116
f 118/1/118 2136/1/2136 5986/1/5985 2141/1/2141
f 2136/1/2136 114/1/114 2131/1/2131 5986/1/5985
f 5986/1/5985 2131/1/2131 115/1/115 2137/1/2137
f 2141/1/2141 5986/1/5985 2137/1/2137 119/1/119
f 94/1/94 2139/1/2139 5987/1/5986 2098/1/2098
f 2139/1/2139 118/1/118 2141/1/2141 5987/1/5986
f 5987/1/5986 2141/1/2141 119/1/119 2140/1/2140
f 2098/1/2098 5987/1/5986 2140/1/2140 92/1/92
f 118/1/118 2304/1/2304 5988/1/5987 2136/1/2136
f 2304/1/2304 117/1/117 2135/1/2135 5988/1/5987
f 5988/1/5987 2135/1/2135 116/1/116 2303/1/2303
f 2136/1/2136 5988/1/5987 2303/1/2303 114/1/114
f 76/1/76 2116/1/2116 5989/1/5988 2211/1/2211
f 2116/1/2116 102/1/102 2214/1/2214 5989/1/5988
f 5989/1/5988 2214/1/2214 101/1/101 2077/1/2077
f 2211/1/2211 5989/1/5988 2077/1/2077 74/1/74
f 88/1/88 2094/1/2094 5990/1/5989 2215/1/2215
f 2094/1/2094 90/1/90 2213/1/2213 5990/1/5989
f 5990/1/5989 2213/1/2213 92/1/92 2140/1/2140
f 2215/1/2215 5990/1/5989 2140/1/2140 119/1/119
f 86/1/86 2091/1/2091 5991/1/5990 2216/1/2216
f 2091/1/2091 88/1/88 2215/1/2215 5991/1/5990
f 5991/1/5990 2215/1/2215 119/1/119 2137/1/2137
f 2216/1/2216 5991/1/5990 2137/1/2137 115/1/115
f 86/1/86 2216/1/2216 5992/1/5991 2088/1/2088
f 2216/1/2216 115/1/115 2134/1/2134 5992/1/5991
f 5992/1/5991 2134/1/2134 112/1/112 2217/1/2217
f 2088/1/2088 5992/1/5991 2217/1/2217 84/1/84
f 84/1/84 2217/1/2217 5993/1/5992 2085/1/2085
f 2217/1/2217 112/1/112 2130/1/2130 5993/1/5992
f 5993/1/5992 2130/1/2130 109/1/109 2218/1/2218
f 2085/1/2085 5993/1/5992 2218/1/2218 82/1/82
f 37/1/37 2010/1/2010 5994/1/5993 2142/1/2142
f 2010/1/2010 40/1/40 2144/1/2144 5994/1/5993
f 5994/1/5993 2144/1/2144 122/1/122 2145/1/2145
f 2142/1/2142 5994/1/5993 2145/1/2145 120/1/120
f 94/1/94 2298/1/2298 5995/1/5994 2139/1/2139
f 2298/1/2298 96/1/96 2138/1/2138 5995/1/5994
f 5995/1/5994 2138/1/2138 117/1/117 2304/1/2304
f 2139/1/2139 5995/1/5994 2304/1/2304 118/1/118
f 82/1/82 2218/1/2218 5996/1/5995 2082/1/2082
f 2218/1/2218 109/1/109 2126/1/2126 5996/1/5995
f 5996/1/5995 2126/1/2126 106/1/106 2219/1/2219
f 2082/1/2082 5996/1/5995 2219/1/2219 38/1/38
f 38/1/38 2219/1/2219 5997/1/5996 2011/1/2011
f 2219/1/2219 106/1/106 2122/1/2122 5997/1/5996
f 5997/1/5996 2122/1/2122 122/1/122 2220/1/2220
f 2011/1/2011 5997/1/5996 2220/1/2220 42/1/42
f 48/1/48 2146/1/2146 5998/1/5997 2029/1/2029
f 2146/1/2146 123/1/123 2150/1/2150 5998/1/5997
f 5998/1/5997 2150/1/2150 69/1/69 2064/1/2064
f 2029/1/2029 5998/1/5997 2064/1/2064 49/1/49
f 71/1/71 2067/1/2067 5999/1/5998 2151/1/2151
f 2067/1/2067 69/1/69 2150/1/2150 5999/1/5998
f 5999/1/5998 2150/1/2150 123/1/123 2147/1/2147
f 2151/1/2151 5999/1/5998 2147/1/2147 124/1/124
f 73/1/73 2070/1/2070 6000/1/5999 2152/1/2152
f 2070/1/2070 71/1/71 2151/1/2151 6000/1/5999
f 6000/1/5999 2151/1/2151 124/1/124 2148/1/2148
f 2152/1/2152 6000/1/5999 2148/1/2148 125/1/125
f 42/1/42 2220/1/2220 6001/1/6000 2009/1/2009
f 2220/1/2220 122/1/122 2144/1/2144 6001/1/6000
f 6001/1/6000 2144/1/2144 40/1/40 2209/1/2209
f 2009/1/2009 6001/1/6000 2209/1/2209 39/1/39
f 77/1/77 2074/1/2074 6002/1/6001 2154/1/2154
f 2074/1/2074 75/1/75 2153/1/2153 6002/1/6001
f 6002/1/6001 2153/1/2153 126/1/126 2149/1/2149
f 2154/1/2154 6002/1/6001 2149/1/2149 127/1/127
f 41/1/41 2294/1/2294 6003/1/6002 2121/1/2121
f 2294/1/2294 37/1/37 2142/1/2142 6003/1/6002
f 6003/1/6002 2142/1/2142 120/1/120 2305/1/2305
f 2121/1/2121 6003/1/6002 2305/1/2305 121/1/121
f 47/1/47 2156/1/2156 6004/1/6003 2028/1/2028
f 2156/1/2156 129/1/129 2160/1/2160 6004/1/6003
f 6004/1/6003 2160/1/2160 123/1/123 2146/1/2146
f 2028/1/2028 6004/1/6003 2146/1/2146 48/1/48
f 124/1/124 2147/1/2147 6005/1/6004 2161/1/2161
f 2147/1/2147 123/1/123 2160/1/2160 6005/1/6004
f 6005/1/6004 2160/1/2160 129/1/129 2157/1/2157
f 2161/1/2161 6005/1/6004 2157/1/2157 130/1/130
f 125/1/125 2148/1/2148 6006/1/6005 2162/1/2162
f 2148/1/2148 124/1/124 2161/1/2161 6006/1/6005
f 6006/1/6005 2161/1/2161 130/1/130 2158/1/2158
f 2162/1/2162 6006/1/6005 2158/1/2158 131/1/131
f 75/1/75 2210/1/2210 6007/1/6006 2153/1/2153
f 2210/1/2210 73/1/73 2152/1/2152 6007/1/6006
f 6007/1/6006 2152/1/2152 125/1/125 2221/1/2221
f 2153/1/2153 6007/1/6006 2221/1/2221 126/1/126
f 127/1/127 2149/1/2149 6008/1/6007 2164/1/2164
f 2149/1/2149 126/1/126 2163/1/2163 6008/1/6007
f 6008/1/6007 2163/1/2163 132/1/132 2159/1/2159
f 2164/1/2164 6008/1/6007 2159/1/2159 133/1/133
f 79/1/79 2295/1/2295 6009/1/6008 2155/1/2155
f 2295/1/2295 77/1/77 2154/1/2154 6009/1/6008
f 6009/1/6008 2154/1/2154 127/1/127 2306/1/2306
f 2155/1/2155 6009/1/6008 2306/1/2306 128/1/128
f 9/1/9 2170/1/2170 6010/1/6009 1966/1/1966
f 2170/1/2170 135/1/135 2166/1/2166 6010/1/6009
f 6010/1/6009 2166/1/2166 65/1/65 2054/1/2054
f 1966/1/1966 6010/1/6009 2054/1/2054 10/1/10
f 31/1/31 2171/1/2171 6011/1/6010 1965/1/1965
f 2171/1/2171 136/1/136 2167/1/2167 6011/1/6010
f 6011/1/6010 2167/1/2167 135/1/135 2170/1/2170
f 1965/1/1965 6011/1/6010 2170/1/2170 9/1/9
f 8/1/8 2172/1/2172 6012/1/6011 1998/1/1998
f 2172/1/2172 137/1/137 2168/1/2168 6012/1/6011
f 6012/1/6011 2168/1/2168 136/1/136 2171/1/2171
f 1998/1/1998 6012/1/6011 2171/1/2171 31/1/31
f 126/1/126 2221/1/2221 6013/1/6012 2163/1/2163
f 2221/1/2221 125/1/125 2162/1/2162 6013/1/6012
f 6013/1/6012 2162/1/2162 131/1/131 2222/1/2222
f 2163/1/2163 6013/1/6012 2222/1/2222 132/1/132
f 6/1/6 2174/1/2174 6014/1/6013 1964/1/1964
f 2174/1/2174 139/1/139 2169/1/2169 6014/1/6013
f 6014/1/6013 2169/1/2169 138/1/138 2173/1/2173
f 1964/1/1964 6014/1/6013 2173/1/2173 7/1/7
f 128/1/128 2306/1/2306 6015/1/6014 2165/1/2165
f 2306/1/2306 127/1/127 2164/1/2164 6015/1/6014
f 6015/1/6014 2164/1/2164 133/1/133 2307/1/2307
f 2165/1/2165 6015/1/6014 2307/1/2307 134/1/134
f 44/1/44 2050/1/2050 6016/1/6015 2176/1/2176
f 2050/1/2050 65/1/65 2166/1/2166 6016/1/6015
f 6016/1/6015 2166/1/2166 135/1/135 2180/1/2180
f 2176/1/2176 6016/1/6015 2180/1/2180 141/1/141
f 136/1/136 2181/1/2181 6017/1/6016 2167/1/2167
f 2181/1/2181 142/1/142 2177/1/2177 6017/1/6016
f 6017/1/6016 2177/1/2177 141/1/141 2180/1/2180
f 2167/1/2167 6017/1/6016 2180/1/2180 135/1/135
f 137/1/137 2182/1/2182 6018/1/6017 2168/1/2168
f 2182/1/2182 143/1/143 2178/1/2178 6018/1/6017
f 6018/1/6017 2178/1/2178 142/1/142 2181/1/2181
f 2168/1/2168 6018/1/6017 2181/1/2181 136/1/136
f 7/1/7 2173/1/2173 6019/1/6018 2203/1/2203
f 2173/1/2173 138/1/138 2223/1/2223 6019/1/6018
f 6019/1/6018 2223/1/2223 137/1/137 2172/1/2172
f 2203/1/2203 6019/1/6018 2172/1/2172 8/1/8
f 139/1/139 2184/1/2184 6020/1/6019 2169/1/2169
f 2184/1/2184 145/1/145 2179/1/2179 6020/1/6019
f 6020/1/6019 2179/1/2179 144/1/144 2183/1/2183
f 2169/1/2169 6020/1/6019 2183/1/2183 138/1/138
f 30/1/30 2175/1/2175 6021/1/6020 2293/1/2293
f 2175/1/2175 140/1/140 2308/1/2308 6021/1/6020
f 6021/1/6020 2308/1/2308 139/1/139 2174/1/2174
f 2293/1/2293 6021/1/6020 2174/1/2174 6/1/6
f 46/1/46 2186/1/2186 6022/1/6021 2020/1/2020
f 2186/1/2186 147/1/147 2190/1/2190 6022/1/6021
f 6022/1/6021 2190/1/2190 129/1/129 2156/1/2156
f 2020/1/2020 6022/1/6021 2156/1/2156 47/1/47
f 130/1/130 2157/1/2157 6023/1/6022 2191/1/2191
f 2157/1/2157 129/1/129 2190/1/2190 6023/1/6022
f 6023/1/6022 2190/1/2190 147/1/147 2187/1/2187
f 2191/1/2191 6023/1/6022 2187/1/2187 148/1/148
f 131/1/131 2158/1/2158 6024/1/6023 2192/1/2192
f 2158/1/2158 130/1/130 2191/1/2191 6024/1/6023
f 6024/1/6023 2191/1/2191 148/1/148 2188/1/2188
f 2192/1/2192 6024/1/6023 2188/1/2188 149/1/149
f 138/1/138 2183/1/2183 6025/1/6024 2223/1/2223
f 2183/1/2183 144/1/144 2224/1/2224 6025/1/6024
f 6025/1/6024 2224/1/2224 143/1/143 2182/1/2182
f 2223/1/2223 6025/1/6024 2182/1/2182 137/1/137
f 133/1/133 2159/1/2159 6026/1/6025 2194/1/2194
f 2159/1/2159 132/1/132 2193/1/2193 6026/1/6025
f 6026/1/6025 2193/1/2193 150/1/150 2189/1/2189
f 2194/1/2194 6026/1/6025 2189/1/2189 151/1/151
f 140/1/140 2185/1/2185 6027/1/6026 2308/1/2308
f 2185/1/2185 146/1/146 2309/1/2309 6027/1/6026
f 6027/1/6026 2309/1/2309 145/1/145 2184/1/2184
f 2308/1/2308 6027/1/6026 2184/1/2184 139/1/139
f 134/1/134 2307/1/2307 6028/1/6027 2195/1/2195
f 2307/1/2307 133/1/133 2194/1/2194 6028/1/6027
f 6028/1/6027 2194/1/2194 151/1/151 2310/1/2310
f 2195/1/2195 6028/1/6027 2310/1/2310 152/1/152
f 144/1/144 2179/1/2179 6029/1/6028 2200/1/2200
f 2179/1/2179 145/1/145 2199/1/2199 6029/1/6028
f 6029/1/6028 2199/1/2199 156/1/156 2198/1/2198
f 2200/1/2200 6029/1/6028 2198/1/2198 155/1/155
f 162/1/162 2229/1/2229 6030/1/6029 2314/1/2314
f 2229/1/2229 161/1/161 2311/1/2311 6030/1/6029
f 6030/1/6029 2311/1/2311 154/1/154 2196/1/2196
f 2314/1/2314 6030/1/6029 2196/1/2196 153/1/153
f 155/1/155 2198/1/2198 6031/1/6030 2313/1/2313
f 2198/1/2198 156/1/156 2312/1/2312 6031/1/6030
f 6031/1/6030 2312/1/2312 158/1/158 2201/1/2201
f 2313/1/2313 6031/1/6030 2201/1/2201 157/1/157
f 150/1/150 2225/1/2225 6032/1/6031 2245/1/2245
f 2225/1/2225 149/1/149 2244/1/2244 6032/1/6031
f 6032/1/6031 2244/1/2244 167/1/167 2238/1/2238
f 2245/1/2245 6032/1/6031 2238/1/2238 169/1/169
f 146/1/146 2202/1/2202 6033/1/6032 2309/1/2309
f 2202/1/2202 158/1/158 2312/1/2312 6033/1/6032
f 6033/1/6032 2312/1/2312 156/1/156 2199/1/2199
f 2309/1/2309 6033/1/6032 2199/1/2199 145/1/145
f 142/1/142 2178/1/2178 6034/1/6033 2197/1/2197
f 2178/1/2178 143/1/143 2228/1/2228 6034/1/6033
f 6034/1/6033 2228/1/2228 161/1/161 2229/1/2229
f 2197/1/2197 6034/1/6033 2229/1/2229 162/1/162
f 45/1/45 2019/1/2019 6035/1/6034 2240/1/2240
f 2019/1/2019 44/1/44 2176/1/2176 6035/1/6034
f 6035/1/6034 2176/1/2176 141/1/141 2232/1/2232
f 2240/1/2240 6035/1/6034 2232/1/2232 163/1/163
f 46/1/46 2027/1/2027 6036/1/6035 2241/1/2241
f 2027/1/2027 45/1/45 2240/1/2240 6036/1/6035
f 6036/1/6035 2240/1/2240 163/1/163 2233/1/2233
f 2241/1/2241 6036/1/6035 2233/1/2233 164/1/164
f 147/1/147 2186/1/2186 6037/1/6036 2242/1/2242
f 2186/1/2186 46/1/46 2241/1/2241 6037/1/6036
f 6037/1/6036 2241/1/2241 164/1/164 2234/1/2234
f 2242/1/2242 6037/1/6036 2234/1/2234 165/1/165
f 148/1/148 2187/1/2187 6038/1/6037 2243/1/2243
f 2187/1/2187 147/1/147 2242/1/2242 6038/1/6037
f 6038/1/6037 2242/1/2242 165/1/165 2235/1/2235
f 2243/1/2243 6038/1/6037 2235/1/2235 166/1/166
f 149/1/149 2188/1/2188 6039/1/6038 2244/1/2244
f 2188/1/2188 148/1/148 2243/1/2243 6039/1/6038
f 6039/1/6038 2243/1/2243 166/1/166 2236/1/2236
f 2244/1/2244 6039/1/6038 2236/1/2236 167/1/167
f 169/1/169 2238/1/2238 6040/1/6039 2261/1/2261
f 2238/1/2238 167/1/167 2260/1/2260 6040/1/6039
f 6040/1/6039 2260/1/2260 176/1/176 2254/1/2254
f 2261/1/2261 6040/1/6039 2254/1/2254 178/1/178
f 151/1/151 2189/1/2189 6041/1/6040 2246/1/2246
f 2189/1/2189 150/1/150 2245/1/2245 6041/1/6040
f 6041/1/6040 2245/1/2245 169/1/169 2239/1/2239
f 2246/1/2246 6041/1/6040 2239/1/2239 170/1/170
f 185/1/185 2323/1/2323 6042/1/6041 2270/1/2270
f 2323/1/2323 194/1/194 2286/1/2286 6042/1/6041
f 6042/1/6041 2286/1/2286 196/1/196 2324/1/2324
f 2270/1/2270 6042/1/6041 2324/1/2324 187/1/187
f 142/1/142 2248/1/2248 6043/1/6042 2177/1/2177
f 2248/1/2248 172/1/172 2256/1/2256 6043/1/6042
f 6043/1/6042 2256/1/2256 163/1/163 2232/1/2232
f 2177/1/2177 6043/1/6042 2232/1/2232 141/1/141
f 164/1/164 2233/1/2233 6044/1/6043 2257/1/2257
f 2233/1/2233 163/1/163 2256/1/2256 6044/1/6043
f 6044/1/6043 2256/1/2256 172/1/172 2249/1/2249
f 2257/1/2257 6044/1/6043 2249/1/2249 173/1/173
f 165/1/165 2234/1/2234 6045/1/6044 2258/1/2258
f 2234/1/2234 164/1/164 2257/1/2257 6045/1/6044
f 6045/1/6044 2257/1/2257 173/1/173 2250/1/2250
f 2258/1/2258 6045/1/6044 2250/1/2250 174/1/174
f 166/1/166 2235/1/2235 6046/1/6045 2259/1/2259
f 2235/1/2235 165/1/165 2258/1/2258 6046/1/6045
f 6046/1/6045 2258/1/2258 174/1/174 2251/1/2251
f 2259/1/2259 6046/1/6045 2251/1/2251 175/1/175
f 167/1/167 2236/1/2236 6047/1/6046 2260/1/2260
f 2236/1/2236 166/1/166 2259/1/2259 6047/1/6046
f 6047/1/6046 2259/1/2259 175/1/175 2252/1/2252
f 2260/1/2260 6047/1/6046 2252/1/2252 176/1/176
f 178/1/178 2254/1/2254 6048/1/6047 2277/1/2277
f 2254/1/2254 176/1/176 2276/1/2276 6048/1/6047
f 6048/1/6047 2276/1/2276 185/1/185 2270/1/2270
f 2277/1/2277 6048/1/6047 2270/1/2270 187/1/187
f 170/1/170 2239/1/2239 6049/1/6048 2262/1/2262
f 2239/1/2239 169/1/169 2261/1/2261 6049/1/6048
f 6049/1/6048 2261/1/2261 178/1/178 2255/1/2255
f 2262/1/2262 6049/1/6048 2255/1/2255 179/1/179
f 152/1/152 2310/1/2310 6050/1/6049 2247/1/2247
f 2310/1/2310 151/1/151 2246/1/2246 6050/1/6049
f 6050/1/6049 2246/1/2246 170/1/170 2315/1/2315
f 2247/1/2247 6050/1/6049 2315/1/2315 171/1/171
f 162/1/162 2264/1/2264 6051/1/6050 2197/1/2197
f 2264/1/2264 181/1/181 2272/1/2272 6051/1/6050
f 6051/1/6050 2272/1/2272 172/1/172 2248/1/2248
f 2197/1/2197 6051/1/6050 2248/1/2248 142/1/142
f 173/1/173 2249/1/2249 6052/1/6051 2273/1/2273
f 2249/1/2249 172/1/172 2272/1/2272 6052/1/6051
f 6052/1/6051 2272/1/2272 181/1/181 2265/1/2265
f 2273/1/2273 6052/1/6051 2265/1/2265 182/1/182
f 174/1/174 2250/1/2250 6053/1/6052 2274/1/2274
f 2250/1/2250 173/1/173 2273/1/2273 6053/1/6052
f 6053/1/6052 2273/1/2273 182/1/182 2266/1/2266
f 2274/1/2274 6053/1/6052 2266/1/2266 183/1/183
f 175/1/175 2251/1/2251 6054/1/6053 2275/1/2275
f 2251/1/2251 174/1/174 2274/1/2274 6054/1/6053
f 6054/1/6053 2274/1/2274 183/1/183 2267/1/2267
f 2275/1/2275 6054/1/6053 2267/1/2267 184/1/184
f 176/1/176 2252/1/2252 6055/1/6054 2276/1/2276
f 2252/1/2252 175/1/175 2275/1/2275 6055/1/6054
f 6055/1/6054 2275/1/2275 184/1/184 2268/1/2268
f 2276/1/2276 6055/1/6054 2268/1/2268 185/1/185
f 155/1/155 2313/1/2313 6056/1/6055 2230/1/2230
f 2313/1/2313 157/1/157 2231/1/2231 6056/1/6055
f 6056/1/6055 2231/1/2231 154/1/154 2311/1/2311
f 2230/1/2230 6056/1/6055 2311/1/2311 161/1/161
f 179/1/179 2255/1/2255 6057/1/6056 2278/1/2278
f 2255/1/2255 178/1/178 2277/1/2277 6057/1/6056
f 6057/1/6056 2277/1/2277 187/1/187 2271/1/2271
f 2278/1/2278 6057/1/6056 2271/1/2271 188/1/188
f 171/1/171 2315/1/2315 6058/1/6057 2263/1/2263
f 2315/1/2315 170/1/170 2262/1/2262 6058/1/6057
f 6058/1/6057 2262/1/2262 179/1/179 2316/1/2316
f 2263/1/2263 6058/1/6057 2316/1/2316 180/1/180
f 180/1/180 2316/1/2316 6059/1/6058 2279/1/2279
f 2316/1/2316 179/1/179 2278/1/2278 6059/1/6058
f 6059/1/6058 2278/1/2278 188/1/188 2317/1/2317
f 2279/1/2279 6059/1/6058 2317/1/2317 189/1/189
f 190/1/190 2318/1/2318 6060/1/6059 2280/1/2280
f 2318/1/2318 181/1/181 2264/1/2264 6060/1/6059
f 6060/1/6059 2264/1/2264 162/1/162 2314/1/2314
f 2280/1/2280 6060/1/6059 2314/1/2314 153/1/153
f 182/1/182 2265/1/2265 6061/1/6060 2320/1/2320
f 2265/1/2265 181/1/181 2318/1/2318 6061/1/6060
f 6061/1/6060 2318/1/2318 190/1/190 2281/1/2281
f 2320/1/2320 6061/1/6060 2281/1/2281 191/1/191
f 183/1/183 2266/1/2266 6062/1/6061 2321/1/2321
f 2266/1/2266 182/1/182 2320/1/2320 6062/1/6061
f 6062/1/6061 2320/1/2320 191/1/191 2282/1/2282
f 2321/1/2321 6062/1/6061 2282/1/2282 192/1/192
f 184/1/184 2267/1/2267 6063/1/6062 2322/1/2322
f 2267/1/2267 183/1/183 2321/1/2321 6063/1/6062
f 6063/1/6062 2321/1/2321 192/1/192 2283/1/2283
f 2322/1/2322 6063/1/6062 2283/1/2283 193/1/193
f 185/1/185 2268/1/2268 6064/1/6063 2323/1/2323
f 2268/1/2268 184/1/184 2322/1/2322 6064/1/6063
f 6064/1/6063 2322/1/2322 193/1/193 2284/1/2284
f 2323/1/2323 6064/1/6063 2284/1/2284 194/1/194
f 189/1/189 2317/1/2317 6065/1/6064 2326/1/2326
f 2317/1/2317 188/1/188 2325/1/2325 6065/1/6064
f 6065/1/6064 2325/1/2325 197/1/197 2319/1/2319
f 2326/1/2326 6065/1/6064 2319/1/2319 198/1/198
f 188/1/188 2271/1/2271 6066/1/6065 2325/1/2325
f 2271/1/2271 187/1/187 2324/1/2324 6066/1/6065
f 6066/1/6065 2324/1/2324 196/1/196 2287/1/2287
f 2325/1/2325 6066/1/6065 2287/1/2287 197/1/197
f 190/1/190 2280/1/2280 6067/1/6066 2269/1/2269
f 2280/1/2280 153/1/153 2285/1/2285 6067/1/6066
f 6067/1/6066 2285/1/2285 195/1/195 2330/1/2330
f 2269/1/2269 6067/1/6066 2330/1/2330 186/1/186
f 191/1/191 2281/1/2281 6068/1/6067 2253/1/2253
f 2281/1/2281 190/1/190 2269/1/2269 6068/1/6067
f 6068/1/6067 2269/1/2269 186/1/186 2331/1/2331
f 2253/1/2253 6068/1/6067 2331/1/2331 177/1/177
f 192/1/192 2282/1/2282 6069/1/6068 2237/1/2237
f 2282/1/2282 191/1/191 2253/1/2253 6069/1/6068
f 6069/1/6068 2253/1/2253 177/1/177 2332/1/2332
f 2237/1/2237 6069/1/6068 2332/1/2332 168/1/168
f 193/1/193 2283/1/2283 6070/1/6069 2227/1/2227
f 2283/1/2283 192/1/192 2237/1/2237 6070/1/6069
f 6070/1/6069 2237/1/2237 168/1/168 2333/1/2333
f 2227/1/2227 6070/1/6069 2333/1/2333 160/1/160
f 194/1/194 2284/1/2284 6071/1/6070 2226/1/2226
f 2284/1/2284 193/1/193 2227/1/2227 6071/1/6070
f 6071/1/6070 2227/1/2227 160/1/160 2334/1/2334
f 2226/1/2226 6071/1/6070 2334/1/2334 159/1/159
f 159/1/159 2335/1/2335 6072/1/6071 2226/1/2226
f 2335/1/2335 199/1/199 2327/1/2327 6072/1/6071
f 6072/1/6071 2327/1/2327 196/1/196 2286/1/2286
f 2226/1/2226 6072/1/6071 2286/1/2286 194/1/194
f 197/1/197 2287/1/2287 6073/1/6072 2328/1/2328
f 2287/1/2287 196/1/196 2327/1/2327 6073/1/6072
f 6073/1/6072 2327/1/2327 199/1/199 2336/1/2336
f 2328/1/2328 6073/1/6072 2336/1/2336 200/1/200
f 198/1/198 2319/1/2319 6074/1/6073 2329/1/2329
f 2319/1/2319 197/1/197 2328/1/2328 6074/1/6073
f 6074/1/6073 2328/1/2328 200/1/200 2337/1/2337
f 2329/1/2329 6074/1/6073 2337/1/2337 201/1/201
f 52/1/52 2025/1/2025 6075/1/6074 2047/1/2047
f 2025/1/2025 43/1/43 2344/1/2344 6075/1/6074
f 6075/1/6074 2344/1/2344 208/1/208 2348/1/2348
f 2047/1/2047 6075/1/6074 2348/1/2348 209/1/209
f 48/1/48 2340/1/2340 6076/1/6075 2028/1/2028
f 2340/1/2340 204/1/204 2349/1/2349 6076/1/6075
f 6076/1/6075 2349/1/2349 211/1/211 2049/1/2049
f 2028/1/2028 6076/1/6075 2049/1/2049 47/1/47
f 50/1/50 2338/1/2338 6077/1/6076 2021/1/2021
f 2338/1/2338 202/1/202 2350/1/2350 6077/1/6076
f 6077/1/6076 2350/1/2350 205/1/205 2043/1/2043
f 2021/1/2021 6077/1/6076 2043/1/2043 49/1/49
f 46/1/46 2346/1/2346 6078/1/6077 2027/1/2027
f 2346/1/2346 210/1/210 2351/1/2351 6078/1/6077
f 6078/1/6077 2351/1/2351 207/1/207 2045/1/2045
f 2027/1/2027 6078/1/6077 2045/1/2045 45/1/45
f 47/1/47 2049/1/2049 6079/1/6078 2020/1/2020
f 2049/1/2049 211/1/211 2352/1/2352 6079/1/6078
f 6079/1/6078 2352/1/2352 210/1/210 2346/1/2346
f 2020/1/2020 6079/1/6078 2346/1/2346 46/1/46
f 52/1/52 2047/1/2047 6080/1/6079 2023/1/2023
f 2047/1/2047 209/1/209 2353/1/2353 6080/1/6079
f 6080/1/6079 2353/1/2353 203/1/203 2041/1/2041
f 2023/1/2023 6080/1/6079 2041/1/2041 51/1/51
f 44/1/44 2342/1/2342 6081/1/6080 2026/1/2026
f 2342/1/2342 206/1/206 2354/1/2354 6081/1/6080
f 6081/1/6080 2354/1/2354 208/1/208 2344/1/2344
f 2026/1/2026 6081/1/6080 2344/1/2344 43/1/43
f 45/1/45 2045/1/2045 6082/1/6081 2019/1/2019
f 2045/1/2045 207/1/207 2355/1/2355 6082/1/6081
f 6082/1/6081 2355/1/2355 206/1/206 2342/1/2342
f 2019/1/2019 6082/1/6081 2342/1/2342 44/1/44
f 49/1/49 2043/1/2043 6083/1/6082 2029/1/2029
f 2043/1/2043 205/1/205 2356/1/2356 6083/1/6082
f 6083/1/6082 2356/1/2356 204/1/204 2340/1/2340
f 2029/1/2029 6083/1/6082 2340/1/2340 48/1/48
f 51/1/51 2041/1/2041 6084/1/6083 2022/1/2022
f 2041/1/2041 203/1/203 2357/1/2357 6084/1/6083
f 6084/1/6083 2357/1/2357 202/1/202 2338/1/2338
f 2022/1/2022 6084/1/6083 2338/1/2338 50/1/50
f 57/1/57 2038/1/2038 6085/1/6084 2369/1/2369
f 2038/1/2038 58/1/58 2368/1/2368 6085/1/6084
f 6085/1/6084 2368/1/2368 217/1/217 2366/1/2366
f 2369/1/2369 6085/1/6084 2366/1/2366 216/1/216
f 62/1/62 2035/1/2035 6086/1/6085 2371/1/2371
f 2035/1/2035 53/1/53 2370/1/2370 6086/1/6085
f 6086/1/6085 2370/1/2370 212/1/212 2363/1/2363
f 2371/1/2371 6086/1/6085 2363/1/2363 221/1/221
f 59/1/59 2032/1/2032 6087/1/6086 2373/1/2373
f 2032/1/2032 60/1/60 2372/1/2372 6087/1/6086
f 6087/1/6086 2372/1/2372 219/1/219 2360/1/2360
f 2373/1/2373 6087/1/6086 2360/1/2360 218/1/218
f 58/1/58 2039/1/2039 6088/1/6087 2368/1/2368
f 2039/1/2039 59/1/59 2373/1/2373 6088/1/6087
f 6088/1/6087 2373/1/2373 218/1/218 2367/1/2367
f 2368/1/2368 6088/1/6087 2367/1/2367 217/1/217
f 53/1/53 2036/1/2036 6089/1/6088 2370/1/2370
f 2036/1/2036 54/1/54 2374/1/2374 6089/1/6088
f 6089/1/6088 2374/1/2374 213/1/213 2364/1/2364
f 2370/1/2370 6089/1/6088 2364/1/2364 212/1/212
f 60/1/60 2033/1/2033 6090/1/6089 2372/1/2372
f 2033/1/2033 61/1/61 2375/1/2375 6090/1/6089
f 6090/1/6089 2375/1/2375 220/1/220 2361/1/2361
f 2372/1/2372 6090/1/6089 2361/1/2361 219/1/219
f 54/1/54 2030/1/2030 6091/1/6090 2374/1/2374
f 2030/1/2030 55/1/55 2376/1/2376 6091/1/6090
f 6091/1/6090 2376/1/2376 214/1/214 2358/1/2358
f 2374/1/2374 6091/1/6090 2358/1/2358 213/1/213
f 55/1/55 2037/1/2037 6092/1/6091 2376/1/2376
f 2037/1/2037 56/1/56 2377/1/2377 6092/1/6091
f 6092/1/6091 2377/1/2377 215/1/215 2365/1/2365
f 2376/1/2376 6092/1/6091 2365/1/2365 214/1/214
f 61/1/61 2034/1/2034 6093/1/6092 2375/1/2375
f 2034/1/2034 62/1/62 2371/1/2371 6093/1/6092
f 6093/1/6092 2371/1/2371 221/1/221 2362/1/2362
f 2375/1/2375 6093/1/6092 2362/1/2362 220/1/220
f 56/1/56 2031/1/2031 6094/1/6093 2377/1/2377
f 2031/1/2031 57/1/57 2369/1/2369 6094/1/6093
f 6094/1/6093 2369/1/2369 216/1/216 2359/1/2359
f 2377/1/2377 6094/1/6093 2359/1/2359 215/1/215
f 216/1/216 2366/1/2366 6095/1/6094 2389/1/2389
f 2366/1/2366 217/1/217 2388/1/2388 6095/1/6094
f 6095/1/6094 2388/1/2388 227/1/227 2386/1/2386
f 2389/1/2389 6095/1/6094 2386/1/2386 226/1/226
f 221/1/221 2363/1/2363 6096/1/6095 2391/1/2391
f 2363/1/2363 212/1/212 2390/1/2390 6096/1/6095
f 6096/1/6095 2390/1/2390 222/1/222 2383/1/2383
f 2391/1/2391 6096/1/6095 2383/1/2383 231/1/231
f 218/1/218 2360/1/2360 6097/1/6096 2393/1/2393
f 2360/1/2360 219/1/219 2392/1/2392 6097/1/6096
f 6097/1/6096 2392/1/2392 229/1/229 2380/1/2380
f 2393/1/2393 6097/1/6096 2380/1/2380 228/1/228
f 217/1/217 2367/1/2367 6098/1/6097 2388/1/2388
f 2367/1/2367 218/1/218 2393/1/2393 6098/1/6097
f 6098/1/6097 2393/1/2393 228/1/228 2387/1/2387
f 2388/1/2388 6098/1/6097 2387/1/2387 227/1/227
f 212/1/212 2364/1/2364 6099/1/6098 2390/1/2390
f 2364/1/2364 213/1/213 2394/1/2394 6099/1/6098
f 6099/1/6098 2394/1/2394 223/1/223 2384/1/2384
f 2390/1/2390 6099/1/6098 2384/1/2384 222/1/222
f 219/1/219 2361/1/2361 6100/1/6099 2392/1/2392
f 2361/1/2361 220/1/220 2395/1/2395 6100/1/6099
f 6100/1/6099 2395/1/2395 230/1/230 2381/1/2381
f 2392/1/2392 6100/1/6099 2381/1/2381 229/1/229
f 213/1/213 2358/1/2358 6101/1/6100 2394/1/2394
f 2358/1/2358 214/1/214 2396/1/2396 6101/1/6100
f 6101/1/6100 2396/1/2396 224/1/224 2378/1/2378
f 2394/1/2394 6101/1/6100 2378/1/2378 223/1/223
f 214/1/214 2365/1/2365 6102/1/6101 2396/1/2396
f 2365/1/2365 215/1/215 2397/1/2397 6102/1/6101
f 6102/1/6101 2397/1/2397 225/1/225 2385/1/2385
f 2396/1/2396 6102/1/6101 2385/1/2385 224/1/224
f 220/1/220 2362/1/2362 6103/1/6102 2395/1/2395
f 2362/1/2362 221/1/221 2391/1/2391 6103/1/6102
f 6103/1/6102 2391/1/2391 231/1/231 2382/1/2382
f 2395/1/2395 6103/1/6102 2382/1/2382 230/1/230
f 215/1/215 2359/1/2359 6104/1/6103 2397/1/2397
f 2359/1/2359 216/1/216 2389/1/2389 6104/1/6103
f 6104/1/6103 2389/1/2389 226/1/226 2379/1/2379
f 2397/1/2397 6104/1/6103 2379/1/2379 225/1/225
f 231/1/231 2383/1/2383 6105/1/6104 2409/1/2409
f 2383/1/2383 222/1/222 2408/1/2408 6105/1/6104
f 6105/1/6104 2408/1/2408 232/1/232 2403/1/2403
f 2409/1/2409 6105/1/6104 2403/1/2403 241/1/241
f 228/1/228 2380/1/2380 6106/1/6105 2411/1/2411
f 2380/1/2380 229/1/229 2410/1/2410 6106/1/6105
f 6106/1/6105 2410/1/2410 239/1/239 2400/1/2400
f 2411/1/2411 6106/1/6105 2400/1/2400 238/1/238
f 227/1/227 2387/1/2387 6107/1/6106 2412/1/2412
f 2387/1/2387 228/1/228 2411/1/2411 6107/1/6106
f 6107/1/6106 2411/1/2411 238/1/238 2407/1/2407
f 2412/1/2412 6107/1/6106 2407/1/2407 237/1/237
f 222/1/222 2384/1/2384 6108/1/6107 2408/1/2408
f 2384/1/2384 223/1/223 2413/1/2413 6108/1/6107
f 6108/1/6107 2413/1/2413 233/1/233 2404/1/2404
f 2408/1/2408 6108/1/6107 2404/1/2404 232/1/232
f 229/1/229 2381/1/2381 6109/1/6108 2410/1/2410
f 2381/1/2381 230/1/230 2414/1/2414 6109/1/6108
f 6109/1/6108 2414/1/2414 240/1/240 2401/1/2401
f 2410/1/2410 6109/1/6108 2401/1/2401 239/1/239
f 223/1/223 2378/1/2378 6110/1/6109 2413/1/2413
f 2378/1/2378 224/1/224 2415/1/2415 6110/1/6109
f 6110/1/6109 2415/1/2415 234/1/234 2398/1/2398
f 2413/1/2413 6110/1/6109 2398/1/2398 233/1/233
f 224/1/224 2385/1/2385 6111/1/6110 2415/1/2415
f 2385/1/2385 225/1/225 2416/1/2416 6111/1/6110
f 6111/1/6110 2416/1/2416 235/1/235 2405/1/2405
f 2415/1/2415 6111/1/6110 2405/1/2405 234/1/234
f 230/1/230 2382/1/2382 6112/1/6111 2414/1/2414
f 2382/1/2382 231/1/231 2409/1/2409 6112/1/6111
f 6112/1/6111 2409/1/2409 241/1/241 2402/1/2402
f 2414/1/2414 6112/1/6111 2402/1/2402 240/1/240
f 225/1/225 2379/1/2379 6113/1/6112 2416/1/2416
f 2379/1/2379 226/1/226 2417/1/2417 6113/1/6112
f 6113/1/6112 2417/1/2417 236/1/236 2399/1/2399
f 2416/1/2416 6113/1/6112 2399/1/2399 235/1/235
f 226/1/226 2386/1/2386 6114/1/6113 2417/1/2417
f 2386/1/2386 227/1/227 2412/1/2412 6114/1/6113
f 6114/1/6113 2412/1/2412 237/1/237 2406/1/2406
f 2417/1/2417 6114/1/6113 2406/1/2406 236/1/236
f 232/1/232 2404/1/2404 6115/1/6114 2429/1/2429
f 2404/1/2404 233/1/233 2428/1/2428 6115/1/6114
f 6115/1/6114 2428/1/2428 243/1/243 2424/1/2424
f 2429/1/2429 6115/1/6114 2424/1/2424 242/1/242
f 239/1/239 2401/1/2401 6116/1/6115 2431/1/2431
f 2401/1/2401 240/1/240 2430/1/2430 6116/1/6115
f 6116/1/6115 2430/1/2430 250/1/250 2421/1/2421
f 2431/1/2431 6116/1/6115 2421/1/2421 249/1/249
f 233/1/233 2398/1/2398 6117/1/6116 2428/1/2428
f 2398/1/2398 234/1/234 2432/1/2432 6117/1/6116
f 6117/1/6116 2432/1/2432 244/1/244 2418/1/2418
f 2428/1/2428 6117/1/6116 2418/1/2418 243/1/243
f 234/1/234 2405/1/2405 6118/1/6117 2432/1/2432
f 2405/1/2405 235/1/235 2433/1/2433 6118/1/6117
f 6118/1/6117 2433/1/2433 245/1/245 2425/1/2425
f 2432/1/2432 6118/1/6117 2425/1/2425 244/1/244
f 240/1/240 2402/1/2402 6119/1/6118 2430/1/2430
f 2402/1/2402 241/1/241 2434/1/2434 6119/1/6118
f 6119/1/6118 2434/1/2434 251/1/251 2422/1/2422
f 2430/1/2430 6119/1/6118 2422/1/2422 250/1/250
f 235/1/235 2399/1/2399 6120/1/6119 2433/1/2433
f 2399/1/2399 236/1/236 2435/1/2435 6120/1/6119
f 6120/1/6119 2435/1/2435 246/1/246 2419/1/2419
f 2433/1/2433 6120/1/6119 2419/1/2419 245/1/245
f 236/1/236 2406/1/2406 6121/1/6120 2435/1/2435
f 2406/1/2406 237/1/237 2436/1/2436 6121/1/6120
f 6121/1/6120 2436/1/2436 247/1/247 2426/1/2426
f 2435/1/2435 6121/1/6120 2426/1/2426 246/1/246
f 241/1/241 2403/1/2403 6122/1/6121 2434/1/2434
f 2403/1/2403 232/1/232 2429/1/2429 6122/1/6121
f 6122/1/6121 2429/1/2429 242/1/242 2423/1/2423
f 2434/1/2434 6122/1/6121 2423/1/2423 251/1/251
f 238/1/238 2400/1/2400 6123/1/6122 2437/1/2437
f 2400/1/2400 239/1/239 2431/1/2431 6123/1/6122
f 6123/1/6122 2431/1/2431 249/1/249 2420/1/2420
f 2437/1/2437 6123/1/6122 2420/1/2420 248/1/248
f 237/1/237 2407/1/2407 6124/1/6123 2436/1/2436
f 2407/1/2407 238/1/238 2437/1/2437 6124/1/6123
f 6124/1/6123 2437/1/2437 248/1/248 2427/1/2427
f 2436/1/2436 6124/1/6123 2427/1/2427 247/1/247
f 242/1/242 2424/1/2424 6125/1/6124 2449/1/2449
f 2424/1/2424 243/1/243 2448/1/2448 6125/1/6124
f 6125/1/6124 2448/1/2448 253/1/253 2444/1/2444
f 2449/1/2449 6125/1/6124 2444/1/2444 252/1/252
f 249/1/249 2421/1/2421 6126/1/6125 2451/1/2451
f 2421/1/2421 250/1/250 2450/1/2450 6126/1/6125
f 6126/1/6125 2450/1/2450 260/1/260 2441/1/2441
f 2451/1/2451 6126/1/6125 2441/1/2441 259/1/259
f 243/1/243 2418/1/2418 6127/1/6126 2448/1/2448
f 2418/1/2418 244/1/244 2452/1/2452 6127/1/6126
f 6127/1/6126 2452/1/2452 254/1/254 2438/1/2438
f 2448/1/2448 6127/1/6126 2438/1/2438 253/1/253
f 244/1/244 2425/1/2425 6128/1/6127 2452/1/2452
f 2425/1/2425 245/1/245 2453/1/2453 6128/1/6127
f 6128/1/6127 2453/1/2453 255/1/255 2445/1/2445
f 2452/1/2452 6128/1/6127 2445/1/2445 254/1/254
f 250/1/250 2422/1/2422 6129/1/6128 2450/1/2450
f 2422/1/2422 251/1/251 2454/1/2454 6129/1/6128
f 6129/1/6128 2454/1/2454 261/1/261 2442/1/2442
f 2450/1/2450 6129/1/6128 2442/1/2442 260/1/260
f 245/1/245 2419/1/2419 6130/1/6129 2453/1/2453
f 2419/1/2419 246/1/246 2455/1/2455 6130/1/6129
f 6130/1/6129 2455/1/2455 256/1/256 2439/1/2439
f 2453/1/2453 6130/1/6129 2439/1/2439 255/1/255
f 246/1/246 2426/1/2426 6131/1/6130 2455/1/2455
f 2426/1/2426 247/1/247 2456/1/2456 6131/1/6130
f 6131/1/6130 2456/1/2456 257/1/257 2446/1/2446
f 2455/1/2455 6131/1/6130 2446/1/2446 256/1/256
f 251/1/251 2423/1/2423 6132/1/6131 2454/1/2454
f 2423/1/2423 242/1/242 2449/1/2449 6132/1/6131
f 6132/1/6131 2449/1/2449 252/1/252 2443/1/2443
f 2454/1/2454 6132/1/6131 2443/1/2443 261/1/261
f 248/1/248 2420/1/2420 6133/1/6132 2457/1/2457
f 2420/1/2420 249/1/249 2451/1/2451 6133/1/6132
f 6133/1/6132 2451/1/2451 259/1/259 2440/1/2440
f 2457/1/2457 6133/1/6132 2440/1/2440 258/1/258
f 247/1/247 2427/1/2427 6134/1/6133 2456/1/2456
f 2427/1/2427 248/1/248 2457/1/2457 6134/1/6133
f 6134/1/6133 2457/1/2457 258/1/258 2447/1/2447
f 2456/1/2456 6134/1/6133 2447/1/2447 257/1/257
f 259/1/259 2441/1/2441 6135/1/6134 2469/1/2469
f 2441/1/2441 260/1/260 2468/1/2468 6135/1/6134
f 6135/1/6134 2468/1/2468 270/1/270 2461/1/2461
f 2469/1/2469 6135/1/6134 2461/1/2461 269/1/269
f 253/1/253 2438/1/2438 6136/1/6135 2471/1/2471
f 2438/1/2438 254/1/254 2470/1/2470 6136/1/6135
f 6136/1/6135 2470/1/2470 264/1/264 2458/1/2458
f 2471/1/2471 6136/1/6135 2458/1/2458 263/1/263
f 254/1/254 2445/1/2445 6137/1/6136 2470/1/2470
f 2445/1/2445 255/1/255 2472/1/2472 6137/1/6136
f 6137/1/6136 2472/1/2472 265/1/265 2465/1/2465
f 2470/1/2470 6137/1/6136 2465/1/2465 264/1/264
f 260/1/260 2442/1/2442 6138/1/6137 2468/1/2468
f 2442/1/2442 261/1/261 2473/1/2473 6138/1/6137
f 6138/1/6137 2473/1/2473 271/1/271 2462/1/2462
f 2468/1/2468 6138/1/6137 2462/1/2462 270/1/270
f 255/1/255 2439/1/2439 6139/1/6138 2472/1/2472
f 2439/1/2439 256/1/256 2474/1/2474 6139/1/6138
f 6139/1/6138 2474/1/2474 266/1/266 2459/1/2459
f 2472/1/2472 6139/1/6138 2459/1/2459 265/1/265
f 256/1/256 2446/1/2446 6140/1/6139 2474/1/2474
f 2446/1/2446 257/1/257 2475/1/2475 6140/1/6139
f 6140/1/6139 2475/1/2475 267/1/267 2466/1/2466
f 2474/1/2474 6140/1/6139 2466/1/2466 266/1/266
f 261/1/261 2443/1/2443 6141/1/6140 2473/1/2473
f 2443/1/2443 252/1/252 2476/1/2476 6141/1/6140
f 6141/1/6140 2476/1/2476 262/1/262 2463/1/2463
f 2473/1/2473 6141/1/6140 2463/1/2463 271/1/271
f 258/1/258 2440/1/2440 6142/1/6141 2477/1/2477
f 2440/1/2440 259/1/259 2469/1/2469 6142/1/6141
f 6142/1/6141 2469/1/2469 269/1/269 2460/1/2460
f 2477/1/2477 6142/1/6141 2460/1/2460 268/1/268
f 257/1/257 2447/1/2447 6143/1/6142 2475/1/2475
f 2447/1/2447 258/1/258 2477/1/2477 6143/1/6142
f 6143/1/6142 2477/1/2477 268/1/268 2467/1/2467
f 2475/1/2475 6143/1/6142 2467/1/2467 267/1/267
f 252/1/252 2444/1/2444 6144/1/6143 2476/1/2476
f 2444/1/2444 253/1/253 2471/1/2471 6144/1/6143
f 6144/1/6143 2471/1/2471 263/1/263 2464/1/2464
f 2476/1/2476 6144/1/6143 2464/1/2464 262/1/262
f 263/1/263 2458/1/2458 6145/1/6144 2489/1/2489
f 2458/1/2458 264/1/264 2488/1/2488 6145/1/6144
f 6145/1/6144 2488/1/2488 274/1/274 2478/1/2478
f 2489/1/2489 6145/1/6144 2478/1/2478 273/1/273
f 264/1/264 2465/1/2465 6146/1/6145 2488/1/2488
f 2465/1/2465 265/1/265 2490/1/2490 6146/1/6145
f 6146/1/6145 2490/1/2490 275/1/275 2485/1/2485
f 2488/1/2488 6146/1/6145 2485/1/2485 274/1/274
f 270/1/270 2462/1/2462 6147/1/6146 2492/1/2492
f 2462/1/2462 271/1/271 2491/1/2491 6147/1/6146
f 6147/1/6146 2491/1/2491 281/1/281 2482/1/2482
f 2492/1/2492 6147/1/6146 2482/1/2482 280/1/280
f 265/1/265 2459/1/2459 6148/1/6147 2490/1/2490
f 2459/1/2459 266/1/266 2493/1/2493 6148/1/6147
f 6148/1/6147 2493/1/2493 276/1/276 2479/1/2479
f 2490/1/2490 6148/1/6147 2479/1/2479 275/1/275
f 266/1/266 2466/1/2466 6149/1/6148 2493/1/2493
f 2466/1/2466 267/1/267 2494/1/2494 6149/1/6148
f 6149/1/6148 2494/1/2494 277/1/277 2486/1/2486
f 2493/1/2493 6149/1/6148 2486/1/2486 276/1/276
f 271/1/271 2463/1/2463 6150/1/6149 2491/1/2491
f 2463/1/2463 262/1/262 2495/1/2495 6150/1/6149
f 6150/1/6149 2495/1/2495 272/1/272 2483/1/2483
f 2491/1/2491 6150/1/6149 2483/1/2483 281/1/281
f 268/1/268 2460/1/2460 6151/1/6150 2497/1/2497
f 2460/1/2460 269/1/269 2496/1/2496 6151/1/6150
f 6151/1/6150 2496/1/2496 279/1/279 2480/1/2480
f 2497/1/2497 6151/1/6150 2480/1/2480 278/1/278
f 267/1/267 2467/1/2467 6152/1/6151 2494/1/2494
f 2467/1/2467 268/1/268 2497/1/2497 6152/1/6151
f 6152/1/6151 2497/1/2497 278/1/278 2487/1/2487
f 2494/1/2494 6152/1/6151 2487/1/2487 277/1/277
f 262/1/262 2464/1/2464 6153/1/6152 2495/1/2495
f 2464/1/2464 263/1/263 2489/1/2489 6153/1/6152
f 6153/1/6152 2489/1/2489 273/1/273 2484/1/2484
f 2495/1/2495 6153/1/6152 2484/1/2484 272/1/272
f 269/1/269 2461/1/2461 6154/1/6153 2496/1/2496
f 2461/1/2461 270/1/270 2492/1/2492 6154/1/6153
f 6154/1/6153 2492/1/2492 280/1/280 2481/1/2481
f 2496/1/2496 6154/1/6153 2481/1/2481 279/1/279
f 274/1/274 2485/1/2485 6155/1/6154 2509/1/2509
f 2485/1/2485 275/1/275 2508/1/2508 6155/1/6154
f 6155/1/6154 2508/1/2508 285/1/285 2505/1/2505
f 2509/1/2509 6155/1/6154 2505/1/2505 284/1/284
f 280/1/280 2482/1/2482 6156/1/6155 2511/1/2511
f 2482/1/2482 281/1/281 2510/1/2510 6156/1/6155
f 6156/1/6155 2510/1/2510 291/1/291 2502/1/2502
f 2511/1/2511 6156/1/6155 2502/1/2502 290/1/290
f 275/1/275 2479/1/2479 6157/1/6156 2508/1/2508
f 2479/1/2479 276/1/276 2512/1/2512 6157/1/6156
f 6157/1/6156 2512/1/2512 286/1/286 2499/1/2499
f 2508/1/2508 6157/1/6156 2499/1/2499 285/1/285
f 276/1/276 2486/1/2486 6158/1/6157 2512/1/2512
f 2486/1/2486 277/1/277 2513/1/2513 6158/1/6157
f 6158/1/6157 2513/1/2513 287/1/287 2506/1/2506
f 2512/1/2512 6158/1/6157 2506/1/2506 286/1/286
f 281/1/281 2483/1/2483 6159/1/6158 2510/1/2510
f 2483/1/2483 272/1/272 2514/1/2514 6159/1/6158
f 6159/1/6158 2514/1/2514 282/1/282 2503/1/2503
f 2510/1/2510 6159/1/6158 2503/1/2503 291/1/291
f 278/1/278 2480/1/2480 6160/1/6159 2516/1/2516
f 2480/1/2480 279/1/279 2515/1/2515 6160/1/6159
f 6160/1/6159 2515/1/2515 289/1/289 2500/1/2500
f 2516/1/2516 6160/1/6159 2500/1/2500 288/1/288
f 277/1/277 2487/1/2487 6161/1/6160 2513/1/2513
f 2487/1/2487 278/1/278 2516/1/2516 6161/1/6160
f 6161/1/6160 2516/1/2516 288/1/288 2507/1/2507
f 2513/1/2513 6161/1/6160 2507/1/2507 287/1/287
f 272/1/272 2484/1/2484 6162/1/6161 2514/1/2514
f 2484/1/2484 273/1/273 2517/1/2517 6162/1/6161
f 6162/1/6161 2517/1/2517 283/1/283 2504/1/2504
f 2514/1/2514 6162/1/6161 2504/1/2504 282/1/282
f 279/1/279 2481/1/2481 6163/1/6162 2515/1/2515
f 2481/1/2481 280/1/280 2511/1/2511 6163/1/6162
f 6163/1/6162 2511/1/2511 290/1/290 2501/1/2501
f 2515/1/2515 6163/1/6162 2501/1/2501 289/1/289
f 273/1/273 2478/1/2478 6164/1/6163 2517/1/2517
f 2478/1/2478 274/1/274 2509/1/2509 6164/1/6163
f 6164/1/6163 2509/1/2509 284/1/284 2498/1/2498
f 2517/1/2517 6164/1/6163 2498/1/2498 283/1/283
f 290/1/290 2502/1/2502 6165/1/6164 2529/1/2529
f 2502/1/2502 291/1/291 2528/1/2528 6165/1/6164
f 6165/1/6164 2528/1/2528 301/1/301 2522/1/2522
f 2529/1/2529 6165/1/6164 2522/1/2522 300/1/300
f 285/1/285 2499/1/2499 6166/1/6165 2531/1/2531
f 2499/1/2499 286/1/286 2530/1/2530 6166/1/6165
f 6166/1/6165 2530/1/2530 296/1/296 2519/1/2519
f 2531/1/2531 6166/1/6165 2519/1/2519 295/1/295
f 286/1/286 2506/1/2506 6167/1/6166 2530/1/2530
f 2506/1/2506 287/1/287 2532/1/2532 6167/1/6166
f 6167/1/6166 2532/1/2532 297/1/297 2526/1/2526
f 2530/1/2530 6167/1/6166 2526/1/2526 296/1/296
f 291/1/291 2503/1/2503 6168/1/6167 2528/1/2528
f 2503/1/2503 282/1/282 2533/1/2533 6168/1/6167
f 6168/1/6167 2533/1/2533 292/1/292 2523/1/2523
f 2528/1/2528 6168/1/6167 2523/1/2523 301/1/301
f 288/1/288 2500/1/2500 6169/1/6168 2535/1/2535
f 2500/1/2500 289/1/289 2534/1/2534 6169/1/6168
f 6169/1/6168 2534/1/2534 299/1/299 2520/1/2520
f 2535/1/2535 6169/1/6168 2520/1/2520 298/1/298
f 287/1/287 2507/1/2507 6170/1/6169 2532/1/2532
f 2507/1/2507 288/1/288 2535/1/2535 6170/1/6169
f 6170/1/6169 2535/1/2535 298/1/298 2527/1/2527
f 2532/1/2532 6170/1/6169 2527/1/2527 297/1/297
f 282/1/282 2504/1/2504 6171/1/6170 2533/1/2533
f 2504/1/2504 283/1/283 2536/1/2536 6171/1/6170
f 6171/1/6170 2536/1/2536 293/1/293 2524/1/2524
f 2533/1/2533 6171/1/6170 2524/1/2524 292/1/292
f 289/1/289 2501/1/2501 6172/1/6171 2534/1/2534
f 2501/1/2501 290/1/290 2529/1/2529 6172/1/6171
f 6172/1/6171 2529/1/2529 300/1/300 2521/1/2521
f 2534/1/2534 6172/1/6171 2521/1/2521 299/1/299
f 283/1/283 2498/1/2498 6173/1/6172 2536/1/2536
f 2498/1/2498 284/1/284 2537/1/2537 6173/1/6172
f 6173/1/6172 2537/1/2537 294/1/294 2518/1/2518
f 2536/1/2536 6173/1/6172 2518/1/2518 293/1/293
f 284/1/284 2505/1/2505 6174/1/6173 2537/1/2537
f 2505/1/2505 285/1/285 2531/1/2531 6174/1/6173
f 6174/1/6173 2531/1/2531 295/1/295 2525/1/2525
f 2537/1/2537 6174/1/6173 2525/1/2525 294/1/294
f 295/1/295 2519/1/2519 6175/1/6174 2549/1/2549
f 2519/1/2519 296/1/296 2548/1/2548 6175/1/6174
f 6175/1/6174 2548/1/2548 306/1/306 2539/1/2539
f 2549/1/2549 6175/1/6174 2539/1/2539 305/1/305
f 296/1/296 2526/1/2526 6176/1/6175 2548/1/2548
f 2526/1/2526 297/1/297 2550/1/2550 6176/1/6175
f 6176/1/6175 2550/1/2550 307/1/307 2546/1/2546
f 2548/1/2548 6176/1/6175 2546/1/2546 306/1/306
f 301/1/301 2523/1/2523 6177/1/6176 2552/1/2552
f 2523/1/2523 292/1/292 2551/1/2551 6177/1/6176
f 6177/1/6176 2551/1/2551 302/1/302 2543/1/2543
f 2552/1/2552 6177/1/6176 2543/1/2543 311/1/311
f 298/1/298 2520/1/2520 6178/1/6177 2554/1/2554
f 2520/1/2520 299/1/299 2553/1/2553 6178/1/6177
f 6178/1/6177 2553/1/2553 309/1/309 2540/1/2540
f 2554/1/2554 6178/1/6177 2540/1/2540 308/1/308
f 297/1/297 2527/1/2527 6179/1/6178 2550/1/2550
f 2527/1/2527 298/1/298 2554/1/2554 6179/1/6178
f 6179/1/6178 2554/1/2554 308/1/308 2547/1/2547
f 2550/1/2550 6179/1/6178 2547/1/2547 307/1/307
f 292/1/292 2524/1/2524 6180/1/6179 2551/1/2551
f 2524/1/2524 293/1/293 2555/1/2555 6180/1/6179
f 6180/1/6179 2555/1/2555 303/1/303 2544/1/2544
f 2551/1/2551 6180/1/6179 2544/1/2544 302/1/302
f 299/1/299 2521/1/2521 6181/1/6180 2553/1/2553
f 2521/1/2521 300/1/300 2556/1/2556 6181/1/6180
f 6181/1/6180 2556/1/2556 310/1/310 2541/1/2541
f 2553/1/2553 6181/1/6180 2541/1/2541 309/1/309
f 293/1/293 2518/1/2518 6182/1/6181 2555/1/2555
f 2518/1/2518 294/1/294 2557/1/2557 6182/1/6181
f 6182/1/6181 2557/1/2557 304/1/304 2538/1/2538
f 2555/1/2555 6182/1/6181 2538/1/2538 303/1/303
f 294/1/294 2525/1/2525 6183/1/6182 2557/1/2557
f 2525/1/2525 295/1/295 2549/1/2549 6183/1/6182
f 6183/1/6182 2549/1/2549 305/1/305 2545/1/2545
f 2557/1/2557 6183/1/6182 2545/1/2545 304/1/304
f 300/1/300 2522/1/2522 6184/1/6183 2556/1/2556
f 2522/1/2522 301/1/301 2552/1/2552 6184/1/6183
f 6184/1/6183 2552/1/2552 311/1/311 2542/1/2542
f 2556/1/2556 6184/1/6183 2542/1/2542 310/1/310
f 311/1/311 2543/1/2543 6185/1/6184 2569/1/2569
f 2543/1/2543 302/1/302 2568/1/2568 6185/1/6184
f 6185/1/6184 2568/1/2568 312/1/312 2563/1/2563
f 2569/1/2569 6185/1/6184 2563/1/2563 321/1/321
f 308/1/308 2540/1/2540 6186/1/6185 2571/1/2571
f 2540/1/2540 309/1/309 2570/1/2570 6186/1/6185
f 6186/1/6185 2570/1/2570 319/1/319 2560/1/2560
f 2571/1/2571 6186/1/6185 2560/1/2560 318/1/318
f 307/1/307 2547/1/2547 6187/1/6186 2572/1/2572
f 2547/1/2547 308/1/308 2571/1/2571 6187/1/6186
f 6187/1/6186 2571/1/2571 318/1/318 2567/1/2567
f 2572/1/2572 6187/1/6186 2567/1/2567 317/1/317
f 302/1/302 2544/1/2544 6188/1/6187 2568/1/2568
f 2544/1/2544 303/1/303 2573/1/2573 6188/1/6187
f 6188/1/6187 2573/1/2573 313/1/313 2564/1/2564
f 2568/1/2568 6188/1/6187 2564/1/2564 312/1/312
f 309/1/309 2541/1/2541 6189/1/6188 2570/1/2570
f 2541/1/2541 310/1/310 2574/1/2574 6189/1/6188
f 6189/1/6188 2574/1/2574 320/1/320 2561/1/2561
f 2570/1/2570 6189/1/6188 2561/1/2561 319/1/319
f 303/1/303 2538/1/2538 6190/1/6189 2573/1/2573
f 2538/1/2538 304/1/304 2575/1/2575 6190/1/6189
f 6190/1/6189 2575/1/2575 314/1/314 2558/1/2558
f 2573/1/2573 6190/1/6189 2558/1/2558 313/1/313
f 304/1/304 2545/1/2545 6191/1/6190 2575/1/2575
f 2545/1/2545 305/1/305 2576/1/2576 6191/1/6190
f 6191/1/6190 2576/1/2576 315/1/315 2565/1/2565
f 2575/1/2575 6191/1/6190 2565/1/2565 314/1/314
f 310/1/310 2542/1/2542 6192/1/6191 2574/1/2574
f 2542/1/2542 311/1/311 2569/1/2569 6192/1/6191
f 6192/1/6191 2569/1/2569 321/1/321 2562/1/2562
f 2574/1/2574 6192/1/6191 2562/1/2562 320/1/320
f 305/1/305 2539/1/2539 6193/1/6192 2576/1/2576
f 2539/1/2539 306/1/306 2577/1/2577 6193/1/6192
f 6193/1/6192 2577/1/2577 316/1/316 2559/1/2559
f 2576/1/2576 6193/1/6192 2559/1/2559 315/1/315
f 306/1/306 2546/1/2546 6194/1/6193 2577/1/2577
f 2546/1/2546 307/1/307 2572/1/2572 6194/1/6193
f 6194/1/6193 2572/1/2572 317/1/317 2566/1/2566
f 2577/1/2577 6194/1/6193 2566/1/2566 316/1/316
f 318/1/318 2560/1/2560 6195/1/6194 2589/1/2589
f 2560/1/2560 319/1/319 2588/1/2588 6195/1/6194
f 6195/1/6194 2588/1/2588 329/1/329 2580/1/2580
f 2589/1/2589 6195/1/6194 2580/1/2580 328/1/328
f 317/1/317 2567/1/2567 6196/1/6195 2590/1/2590
f 2567/1/2567 318/1/318 2589/1/2589 6196/1/6195
f 6196/1/6195 2589/1/2589 328/1/328 2587/1/2587
f 2590/1/2590 6196/1/6195 2587/1/2587 327/1/327
f 312/1/312 2564/1/2564 6197/1/6196 2592/1/2592
f 2564/1/2564 313/1/313 2591/1/2591 6197/1/6196
f 6197/1/6196 2591/1/2591 323/1/323 2584/1/2584
f 2592/1/2592 6197/1/6196 2584/1/2584 322/1/322
f 319/1/319 2561/1/2561 6198/1/6197 2588/1/2588
f 2561/1/2561 320/1/320 2593/1/2593 6198/1/6197
f 6198/1/6197 2593/1/2593 330/1/330 2581/1/2581
f 2588/1/2588 6198/1/6197 2581/1/2581 329/1/329
f 313/1/313 2558/1/2558 6199/1/6198 2591/1/2591
f 2558/1/2558 314/1/314 2594/1/2594 6199/1/6198
f 6199/1/6198 2594/1/2594 324/1/324 2578/1/2578
f 2591/1/2591 6199/1/6198 2578/1/2578 323/1/323
f 314/1/314 2565/1/2565 6200/1/6199 2594/1/2594
f 2565/1/2565 315/1/315 2595/1/2595 6200/1/6199
f 6200/1/6199 2595/1/2595 325/1/325 2585/1/2585
f 2594/1/2594 6200/1/6199 2585/1/2585 324/1/324
f 320/1/320 2562/1/2562 6201/1/6200 2593/1/2593
f 2562/1/2562 321/1/321 2596/1/2596 6201/1/6200
f 6201/1/6200 2596/1/2596 331/1/331 2582/1/2582
f 2593/1/2593 6201/1/6200 2582/1/2582 330/1/330
f 315/1/315 2559/1/2559 6202/1/6201 2595/1/2595
f 2559/1/2559 316/1/316 2597/1/2597 6202/1/6201
f 6202/1/6201 2597/1/2597 326/1/326 2579/1/2579
f 2595/1/2595 6202/1/6201 2579/1/2579 325/1/325
f 316/1/316 2566/1/2566 6203/1/6202 2597/1/2597
f 2566/1/2566 317/1/317 2590/1/2590 6203/1/6202
f 6203/1/6202 2590/1/2590 327/1/327 2586/1/2586
f 2597/1/2597 6203/1/6202 2586/1/2586 326/1/326
f 321/1/321 2563/1/2563 6204/1/6203 2596/1/2596
f 2563/1/2563 312/1/312 2592/1/2592 6204/1/6203
f 6204/1/6203 2592/1/2592 322/1/322 2583/1/2583
f 2596/1/2596 6204/1/6203 2583/1/2583 331/1/331
f 327/1/327 2587/1/2587 6205/1/6204 2609/1/2609
f 2587/1/2587 328/1/328 2608/1/2608 6205/1/6204
f 6205/1/6204 2608/1/2608 338/1/338 2607/1/2607
f 2609/1/2609 6205/1/6204 2607/1/2607 337/1/337
f 322/1/322 2584/1/2584 6206/1/6205 2611/1/2611
f 2584/1/2584 323/1/323 2610/1/2610 6206/1/6205
f 6206/1/6205 2610/1/2610 333/1/333 2604/1/2604
f 2611/1/2611 6206/1/6205 2604/1/2604 332/1/332
f 329/1/329 2581/1/2581 6207/1/6206 2613/1/2613
f 2581/1/2581 330/1/330 2612/1/2612 6207/1/6206
f 6207/1/6206 2612/1/2612 340/1/340 2601/1/2601
f 2613/1/2613 6207/1/6206 2601/1/2601 339/1/339
f 323/1/323 2578/1/2578 6208/1/6207 2610/1/2610
f 2578/1/2578 324/1/324 2614/1/2614 6208/1/6207
f 6208/1/6207 2614/1/2614 334/1/334 2598/1/2598
f 2610/1/2610 6208/1/6207 2598/1/2598 333/1/333
f 324/1/324 2585/1/2585 6209/1/6208 2614/1/2614
f 2585/1/2585 325/1/325 2615/1/2615 6209/1/6208
f 6209/1/6208 2615/1/2615 335/1/335 2605/1/2605
f 2614/1/2614 6209/1/6208 2605/1/2605 334/1/334
f 330/1/330 2582/1/2582 6210/1/6209 2612/1/2612
f 2582/1/2582 331/1/331 2616/1/2616 6210/1/6209
f 6210/1/6209 2616/1/2616 341/1/341 2602/1/2602
f 2612/1/2612 6210/1/6209 2602/1/2602 340/1/340
f 325/1/325 2579/1/2579 6211/1/6210 2615/1/2615
f 2579/1/2579 326/1/326 2617/1/2617 6211/1/6210
f 6211/1/6210 2617/1/2617 336/1/336 2599/1/2599
f 2615/1/2615 6211/1/6210 2599/1/2599 335/1/335
f 326/1/326 2586/1/2586 6212/1/6211 2617/1/2617
f 2586/1/2586 327/1/327 2609/1/2609 6212/1/6211
f 6212/1/6211 2609/1/2609 337/1/337 2606/1/2606
f 2617/1/2617 6212/1/6211 2606/1/2606 336/1/336
f 331/1/331 2583/1/2583 6213/1/6212 2616/1/2616
f 2583/1/2583 322/1/322 2611/1/2611 6213/1/6212
f 6213/1/6212 2611/1/2611 332/1/332 2603/1/2603
f 2616/1/2616 6213/1/6212 2603/1/2603 341/1/341
f 328/1/328 2580/1/2580 6214/1/6213 2608/1/2608
f 2580/1/2580 329/1/329 2613/1/2613 6214/1/6213
f 6214/1/6213 2613/1/2613 339/1/339 2600/1/2600
f 2608/1/2608 6214/1/6213 2600/1/2600 338/1/338
f 332/1/332 2604/1/2604 6215/1/6214 2618/1/2618
f 333/1/333 2619/1/2619 6215/1/6214 2604/1/2604
f 342/1/342 2618/1/2618 6215/1/6214 2619/1/2619
f 339/1/339 2601/1/2601 6216/1/6215 2621/1/2621
f 340/1/340 2620/1/2620 6216/1/6215 2601/1/2601
f 342/1/342 2621/1/2621 6216/1/6215 2620/1/2620
f 333/1/333 2598/1/2598 6217/1/6216 2619/1/2619
f 334/1/334 2622/1/2622 6217/1/6216 2598/1/2598
f 342/1/342 2619/1/2619 6217/1/6216 2622/1/2622
f 334/1/334 2605/1/2605 6218/1/6217 2622/1/2622
f 335/1/335 2623/1/2623 6218/1/6217 2605/1/2605
f 342/1/342 2622/1/2622 6218/1/6217 2623/1/2623
f 340/1/340 2602/1/2602 6219/1/6218 2620/1/2620
f 341/1/341 2624/1/2624 6219/1/6218 2602/1/2602
f 342/1/342 2620/1/2620 6219/1/6218 2624/1/2624
f 335/1/335 2599/1/2599 6220/1/6219 2623/1/2623
f 336/1/336 2625/1/2625 6220/1/6219 2599/1/2599
f 342/1/342 2623/1/2623 6220/1/6219 2625/1/2625
f 336/1/336 2606/1/2606 6221/1/6220 2625/1/2625
f 337/1/337 2626/1/2626 6221/1/6220 2606/1/2606
f 342/1/342 2625/1/2625 6221/1/6220 2626/1/2626
f 341/1/341 2603/1/2603 6222/1/6221 2624/1/2624
f 332/1/332 2618/1/2618 6222/1/6221 2603/1/2603
f 342/1/342 2624/1/2624 6222/1/6221 2618/1/2618
f 338/1/338 2600/1/2600 6223/1/6222 2627/1/2627
f 339/1/339 2621/1/2621 6223/1/6222 2600/1/2600
f 342/1/342 2627/1/2627 6223/1/6222 2621/1/2621
f 337/1/337 2607/1/2607 6224/1/6223 2626/1/2626
f 338/1/338 2627/1/2627 6224/1/6223 2607/1/2607
f 342/1/342 2626/1/2626 6224/1/6223 2627/1/2627
f 199/1/199 2335/1/2335 6225/1/6224 2637/1/2637
f 2335/1/2335 159/1/159 2636/1/2636 6225/1/6224
f 6225/1/6224 2636/1/2636 343/1/343 2633/1/2633
f 2637/1/2637 6225/1/6224 2633/1/2633 349/1/349
f 200/1/200 2336/1/2336 6226/1/6225 2640/1/2640
f 2336/1/2336 199/1/199 2637/1/2637 6226/1/6225
f 6226/1/6225 2637/1/2637 349/1/349 2634/1/2634
f 2640/1/2640 6226/1/6225 2634/1/2634 350/1/350
f 201/1/201 2337/1/2337 6227/1/6226 2638/1/2638
f 2337/1/2337 200/1/200 2640/1/2640 6227/1/6226
f 6227/1/6226 2640/1/2640 350/1/350 2635/1/2635
f 2638/1/2638 6227/1/6226 2635/1/2635 351/1/351
f 186/1/186 2330/1/2330 6228/1/6227 2641/1/2641
f 2330/1/2330 195/1/195 2639/1/2639 6228/1/6227
f 6228/1/6227 2639/1/2639 348/1/348 2628/1/2628
f 2641/1/2641 6228/1/6227 2628/1/2628 347/1/347
f 177/1/177 2331/1/2331 6229/1/6228 2642/1/2642
f 2331/1/2331 186/1/186 2641/1/2641 6229/1/6228
f 6229/1/6228 2641/1/2641 347/1/347 2629/1/2629
f 2642/1/2642 6229/1/6228 2629/1/2629 346/1/346
f 168/1/168 2332/1/2332 6230/1/6229 2643/1/2643
f 2332/1/2332 177/1/177 2642/1/2642 6230/1/6229
f 6230/1/6229 2642/1/2642 346/1/346 2630/1/2630
f 2643/1/2643 6230/1/6229 2630/1/2630 345/1/345
f 160/1/160 2333/1/2333 6231/1/6230 2644/1/2644
f 2333/1/2333 168/1/168 2643/1/2643 6231/1/6230
f 6231/1/6230 2643/1/2643 345/1/345 2631/1/2631
f 2644/1/2644 6231/1/6230 2631/1/2631 344/1/344
f 159/1/159 2334/1/2334 6232/1/6231 2636/1/2636
f 2334/1/2334 160/1/160 2644/1/2644 6232/1/6231
f 6232/1/6231 2644/1/2644 344/1/344 2632/1/2632
f 2636/1/2636 6232/1/6231 2632/1/2632 343/1/343
f 362/1/362 2678/1/2678 6233/1/6232 2663/1/2663
f 2678/1/2678 361/1/361 2653/1/2653 6233/1/6232
f 6233/1/6232 2653/1/2653 352/1/352 2650/1/2650
f 2663/1/2663 6233/1/6232 2650/1/2650 358/1/358
f 363/1/363 2677/1/2677 6234/1/6233 2664/1/2664
f 2677/1/2677 362/1/362 2663/1/2663 6234/1/6233
f 6234/1/6233 2663/1/2663 358/1/358 2651/1/2651
f 2664/1/2664 6234/1/6233 2651/1/2651 359/1/359
f 364/1/364 2676/1/2676 6235/1/6234 2665/1/2665
f 2676/1/2676 363/1/363 2664/1/2664 6235/1/6234
f 6235/1/6234 2664/1/2664 359/1/359 2652/1/2652
f 2665/1/2665 6235/1/6234 2652/1/2652 360/1/360
f 366/1/366 2675/1/2675 6236/1/6235 2667/1/2667
f 2675/1/2675 365/1/365 2657/1/2657 6236/1/6235
f 6236/1/6235 2657/1/2657 357/1/357 2645/1/2645
f 2667/1/2667 6236/1/6235 2645/1/2645 356/1/356
f 367/1/367 2674/1/2674 6237/1/6236 2668/1/2668
f 2674/1/2674 366/1/366 2667/1/2667 6237/1/6236
f 6237/1/6236 2667/1/2667 356/1/356 2646/1/2646
f 2668/1/2668 6237/1/6236 2646/1/2646 355/1/355
f 368/1/368 2673/1/2673 6238/1/6237 2669/1/2669
f 2673/1/2673 367/1/367 2668/1/2668 6238/1/6237
f 6238/1/6237 2668/1/2668 355/1/355 2647/1/2647
f 2669/1/2669 6238/1/6237 2647/1/2647 354/1/354
f 369/1/369 2672/1/2672 6239/1/6238 2670/1/2670
f 2672/1/2672 368/1/368 2669/1/2669 6239/1/6238
f 6239/1/6238 2669/1/2669 354/1/354 2648/1/2648
f 2670/1/2670 6239/1/6238 2648/1/2648 353/1/353
f 361/1/361 2671/1/2671 6240/1/6239 2653/1/2653
f 2671/1/2671 369/1/369 2670/1/2670 6240/1/6239
f 6240/1/6239 2670/1/2670 353/1/353 2649/1/2649
f 2653/1/2653 6240/1/6239 2649/1/2649 352/1/352
f 343/1/343 2632/1/2632 6241/1/6240 2662/1/2662
f 2632/1/2632 344/1/344 2661/1/2661 6241/1/6240
f 6241/1/6240 2661/1/2661 369/1/369 2671/1/2671
f 2662/1/2662 6241/1/6240 2671/1/2671 361/1/361
f 344/1/344 2631/1/2631 6242/1/6241 2661/1/2661
f 2631/1/2631 345/1/345 2660/1/2660 6242/1/6241
f 6242/1/6241 2660/1/2660 368/1/368 2672/1/2672
f 2661/1/2661 6242/1/6241 2672/1/2672 369/1/369
f 345/1/345 2630/1/2630 6243/1/6242 2660/1/2660
f 2630/1/2630 346/1/346 2659/1/2659 6243/1/6242
f 6243/1/6242 2659/1/2659 367/1/367 2673/1/2673
f 2660/1/2660 6243/1/6242 2673/1/2673 368/1/368
f 346/1/346 2629/1/2629 6244/1/6243 2659/1/2659
f 2629/1/2629 347/1/347 2658/1/2658 6244/1/6243
f 6244/1/6243 2658/1/2658 366/1/366 2674/1/2674
f 2659/1/2659 6244/1/6243 2674/1/2674 367/1/367
f 347/1/347 2628/1/2628 6245/1/6244 2658/1/2658
f 2628/1/2628 348/1/348 2666/1/2666 6245/1/6244
f 6245/1/6244 2666/1/2666 365/1/365 2675/1/2675
f 2658/1/2658 6245/1/6244 2675/1/2675 366/1/366
f 351/1/351 2635/1/2635 6246/1/6245 2656/1/2656
f 2635/1/2635 350/1/350 2655/1/2655 6246/1/6245
f 6246/1/6245 2655/1/2655 363/1/363 2676/1/2676
f 2656/1/2656 6246/1/6245 2676/1/2676 364/1/364
f 350/1/350 2634/1/2634 6247/1/6246 2655/1/2655
f 2634/1/2634 349/1/349 2654/1/2654 6247/1/6246
f 6247/1/6246 2654/1/2654 362/1/362 2677/1/2677
f 2655/1/2655 6247/1/6246 2677/1/2677 363/1/363
f 349/1/349 2633/1/2633 6248/1/6247 2654/1/2654
f 2633/1/2633 343/1/343 2662/1/2662 6248/1/6247
f 6248/1/6247 2662/1/2662 361/1/361 2678/1/2678
f 2654/1/2654 6248/1/6247 2678/1/2678 362/1/362
f 472/1/472 2860/1/2860 6249/1/6248 2864/1/2864
f 2860/1/2860 405/1/405 2792/1/2792 6249/1/6248
f 6249/1/6248 2792/1/2792 401/1/401 2724/1/2724
f 2864/1/2864 6249/1/6248 2724/1/2724 474/1/474
f 434/1/434 2800/1/2800 6250/1/6249 2795/1/2795
f 2800/1/2800 433/1/433 2682/1/2682 6250/1/6249
f 6250/1/6249 2682/1/2682 373/1/373 2681/1/2681
f 2795/1/2795 6250/1/6249 2681/1/2681 372/1/372
f 372/1/372 2681/1/2681 6251/1/6250 2685/1/2685
f 2681/1/2681 373/1/373 2684/1/2684 6251/1/6250
f 6251/1/6250 2684/1/2684 375/1/375 2683/1/2683
f 2685/1/2685 6251/1/6250 2683/1/2683 374/1/374
f 374/1/374 2683/1/2683 6252/1/6251 2688/1/2688
f 2683/1/2683 375/1/375 2687/1/2687 6252/1/6251
f 6252/1/6251 2687/1/2687 377/1/377 2686/1/2686
f 2688/1/2688 6252/1/6251 2686/1/2686 376/1/376
f 376/1/376 2686/1/2686 6253/1/6252 2691/1/2691
f 2686/1/2686 377/1/377 2690/1/2690 6253/1/6252
f 6253/1/6252 2690/1/2690 379/1/379 2689/1/2689
f 2691/1/2691 6253/1/6252 2689/1/2689 378/1/378
f 376/1/376 2691/1/2691 6254/1/6253 2694/1/2694
f 2691/1/2691 378/1/378 2693/1/2693 6254/1/6253
f 6254/1/6253 2693/1/2693 381/1/381 2692/1/2692
f 2694/1/2694 6254/1/6253 2692/1/2692 380/1/380
f 380/1/380 2692/1/2692 6255/1/6254 2697/1/2697
f 2692/1/2692 381/1/381 2696/1/2696 6255/1/6254
f 6255/1/6254 2696/1/2696 383/1/383 2695/1/2695
f 2697/1/2697 6255/1/6254 2695/1/2695 382/1/382
f 384/1/384 2772/1/2772 6256/1/6255 2702/1/2702
f 2772/1/2772 424/1/424 2766/1/2766 6256/1/6255
f 6256/1/6255 2766/1/2766 399/1/399 2722/1/2722
f 2702/1/2702 6256/1/6255 2722/1/2722 382/1/382
f 495/1/495 2925/1/2925 6257/1/6256 2918/1/2918
f 2925/1/2925 488/1/488 2704/1/2704 6257/1/6256
f 6257/1/6256 2704/1/2704 387/1/387 2703/1/2703
f 2918/1/2918 6257/1/6256 2703/1/2703 386/1/386
f 506/1/506 2936/1/2936 6258/1/6257 2941/1/2941
f 2936/1/2936 486/1/486 2871/1/2871 6258/1/6257
f 6258/1/6257 2871/1/2871 478/1/478 2935/1/2935
f 2941/1/2941 6258/1/6257 2935/1/2935 505/1/505
f 388/1/388 2705/1/2705 6259/1/6258 2710/1/2710
f 2705/1/2705 389/1/389 2709/1/2709 6259/1/6258
f 6259/1/6258 2709/1/2709 391/1/391 2708/1/2708
f 2710/1/2710 6259/1/6258 2708/1/2708 390/1/390
f 390/1/390 2708/1/2708 6260/1/6259 2713/1/2713
f 2708/1/2708 391/1/391 2712/1/2712 6260/1/6259
f 6260/1/6259 2712/1/2712 393/1/393 2711/1/2711
f 2713/1/2713 6260/1/6259 2711/1/2711 392/1/392
f 392/1/392 2711/1/2711 6261/1/6260 2716/1/2716
f 2711/1/2711 393/1/393 2715/1/2715 6261/1/6260
f 6261/1/6260 2715/1/2715 395/1/395 2714/1/2714
f 2716/1/2716 6261/1/6260 2714/1/2714 394/1/394
f 374/1/374 2688/1/2688 6262/1/6261 2719/1/2719
f 2688/1/2688 376/1/376 2694/1/2694 6262/1/6261
f 6262/1/6261 2694/1/2694 380/1/380 2717/1/2717
f 2719/1/2719 6262/1/6261 2717/1/2717 396/1/396
f 372/1/372 2685/1/2685 6263/1/6262 2720/1/2720
f 2685/1/2685 374/1/374 2719/1/2719 6263/1/6262
f 6263/1/6262 2719/1/2719 396/1/396 2718/1/2718
f 2720/1/2720 6263/1/6262 2718/1/2718 397/1/397
f 434/1/434 2795/1/2795 6264/1/6263 2799/1/2799
f 2795/1/2795 372/1/372 2720/1/2720 6264/1/6263
f 6264/1/6263 2720/1/2720 397/1/397 2796/1/2796
f 2799/1/2799 6264/1/6263 2796/1/2796 435/1/435
f 403/1/403 2734/1/2734 6265/1/6264 2793/1/2793
f 2734/1/2734 402/1/402 2790/1/2790 6265/1/6264
f 6265/1/6264 2790/1/2790 371/1/371 2679/1/2679
f 2793/1/2793 6265/1/6264 2679/1/2679 370/1/370
f 382/1/382 2722/1/2722 6266/1/6265 2697/1/2697
f 2722/1/2722 399/1/399 2725/1/2725 6266/1/6265
f 6266/1/6265 2725/1/2725 396/1/396 2717/1/2717
f 2697/1/2697 6266/1/6265 2717/1/2717 380/1/380
f 397/1/397 2718/1/2718 6267/1/6266 2726/1/2726
f 2718/1/2718 396/1/396 2725/1/2725 6267/1/6266
f 6267/1/6266 2725/1/2725 399/1/399 2723/1/2723
f 2726/1/2726 6267/1/6266 2723/1/2723 400/1/400
f 435/1/435 2796/1/2796 6268/1/6267 2798/1/2798
f 2796/1/2796 397/1/397 2726/1/2726 6268/1/6267
f 6268/1/6267 2726/1/2726 400/1/400 2797/1/2797
f 2798/1/2798 6268/1/6267 2797/1/2797 436/1/436
f 404/1/404 2733/1/2733 6269/1/6268 2791/1/2791
f 2733/1/2733 403/1/403 2793/1/2793 6269/1/6268
f 6269/1/6268 2793/1/2793 370/1/370 2721/1/2721
f 2791/1/2791 6269/1/6268 2721/1/2721 398/1/398
f 409/1/409 2781/1/2781 6270/1/6269 2731/1/2731
f 2781/1/2781 429/1/429 2730/1/2730 6270/1/6269
f 6270/1/6269 2730/1/2730 404/1/404 2732/1/2732
f 2731/1/2731 6270/1/6269 2732/1/2732 405/1/405
f 429/1/429 2801/1/2801 6271/1/6270 2730/1/2730
f 2801/1/2801 437/1/437 2777/1/2777 6271/1/6270
f 6271/1/6270 2777/1/2777 403/1/403 2733/1/2733
f 2730/1/2730 6271/1/6270 2733/1/2733 404/1/404
f 437/1/437 2802/1/2802 6272/1/6271 2777/1/2777
f 2802/1/2802 432/1/432 2728/1/2728 6272/1/6271
f 6272/1/6271 2728/1/2728 402/1/402 2734/1/2734
f 2777/1/2777 6272/1/6271 2734/1/2734 403/1/403
f 410/1/410 2741/1/2741 6273/1/6272 2740/1/2740
f 2741/1/2741 406/1/406 2735/1/2735 6273/1/6272
f 6273/1/6272 2735/1/2735 360/1/360 2652/1/2652
f 2740/1/2740 6273/1/6272 2652/1/2652 359/1/359
f 358/1/358 2744/1/2744 6274/1/6273 2651/1/2651
f 2744/1/2744 411/1/411 2742/1/2742 6274/1/6273
f 6274/1/6273 2742/1/2742 410/1/410 2740/1/2740
f 2651/1/2651 6274/1/6273 2740/1/2740 359/1/359
f 412/1/412 2743/1/2743 6275/1/6274 2745/1/2745
f 2743/1/2743 411/1/411 2744/1/2744 6275/1/6274
f 6275/1/6274 2744/1/2744 358/1/358 2650/1/2650
f 2745/1/2745 6275/1/6274 2650/1/2650 352/1/352
f 407/1/407 2736/1/2736 6276/1/6275 2747/1/2747
f 2736/1/2736 406/1/406 2741/1/2741 6276/1/6275
f 6276/1/6275 2741/1/2741 410/1/410 2746/1/2746
f 2747/1/2747 6276/1/6275 2746/1/2746 413/1/413
f 411/1/411 2750/1/2750 6277/1/6276 2742/1/2742
f 2750/1/2750 414/1/414 2748/1/2748 6277/1/6276
f 6277/1/6276 2748/1/2748 413/1/413 2746/1/2746
f 2742/1/2742 6277/1/6276 2746/1/2746 410/1/410
f 412/1/412 2751/1/2751 6278/1/6277 2743/1/2743
f 2751/1/2751 415/1/415 2749/1/2749 6278/1/6277
f 6278/1/6277 2749/1/2749 414/1/414 2750/1/2750
f 2743/1/2743 6278/1/6277 2750/1/2750 411/1/411
f 408/1/408 2737/1/2737 6279/1/6278 2754/1/2754
f 2737/1/2737 407/1/407 2747/1/2747 6279/1/6278
f 6279/1/6278 2747/1/2747 413/1/413 2752/1/2752
f 2754/1/2754 6279/1/6278 2752/1/2752 416/1/416
f 414/1/414 2753/1/2753 6280/1/6279 2748/1/2748
f 2753/1/2753 417/1/417 2755/1/2755 6280/1/6279
f 6280/1/6279 2755/1/2755 416/1/416 2752/1/2752
f 2748/1/2748 6280/1/6279 2752/1/2752 413/1/413
f 415/1/415 2757/1/2757 6281/1/6280 2749/1/2749
f 2757/1/2757 418/1/418 2756/1/2756 6281/1/6280
f 6281/1/6280 2756/1/2756 417/1/417 2753/1/2753
f 2749/1/2749 6281/1/6280 2753/1/2753 414/1/414
f 416/1/416 2760/1/2760 6282/1/6281 2754/1/2754
f 2760/1/2760 421/1/421 2761/1/2761 6282/1/6281
f 6282/1/6281 2761/1/2761 419/1/419 2758/1/2758
f 2754/1/2754 6282/1/6281 2758/1/2758 408/1/408
f 418/1/418 2765/1/2765 6283/1/6282 2756/1/2756
f 2765/1/2765 423/1/423 2763/1/2763 6283/1/6282
f 6283/1/6282 2763/1/2763 422/1/422 2764/1/2764
f 2756/1/2756 6283/1/6282 2764/1/2764 417/1/417
f 417/1/417 2764/1/2764 6284/1/6283 2755/1/2755
f 2764/1/2764 422/1/422 2762/1/2762 6284/1/6283
f 6284/1/6283 2762/1/2762 421/1/421 2760/1/2760
f 2755/1/2755 6284/1/6283 2760/1/2760 416/1/416
f 424/1/424 2782/1/2782 6285/1/6284 2766/1/2766
f 2782/1/2782 430/1/430 2778/1/2778 6285/1/6284
f 6285/1/6284 2778/1/2778 400/1/400 2723/1/2723
f 2766/1/2766 6285/1/6284 2723/1/2723 399/1/399
f 487/1/487 2874/1/2874 6286/1/6285 2868/1/2868
f 2874/1/2874 479/1/479 2891/1/2891 6286/1/6285
f 6286/1/6285 2891/1/2891 475/1/475 2886/1/2886
f 2868/1/2868 6286/1/6285 2886/1/2886 471/1/471
f 390/1/390 2775/1/2775 6287/1/6286 2710/1/2710
f 2775/1/2775 427/1/427 2769/1/2769 6287/1/6286
f 6287/1/6286 2769/1/2769 426/1/426 2774/1/2774
f 2710/1/2710 6287/1/6286 2774/1/2774 388/1/388
f 392/1/392 2776/1/2776 6288/1/6287 2713/1/2713
f 2776/1/2776 428/1/428 2770/1/2770 6288/1/6287
f 6288/1/6287 2770/1/2770 427/1/427 2775/1/2775
f 2713/1/2713 6288/1/6287 2775/1/2775 390/1/390
f 392/1/392 2716/1/2716 6289/1/6288 2776/1/2776
f 2716/1/2716 394/1/394 2759/1/2759 6289/1/6288
f 6289/1/6288 2759/1/2759 420/1/420 2771/1/2771
f 2776/1/2776 6289/1/6288 2771/1/2771 428/1/428
f 354/1/354 2647/1/2647 6290/1/6289 2699/1/2699
f 2647/1/2647 355/1/355 2698/1/2698 6290/1/6289
f 6290/1/6289 2698/1/2698 429/1/429 2781/1/2781
f 2699/1/2699 6290/1/6289 2781/1/2781 409/1/409
f 481/1/481 2879/1/2879 6291/1/6290 2897/1/2897
f 2879/1/2879 482/1/482 2908/1/2908 6291/1/6290
f 6291/1/6290 2908/1/2908 424/1/424 2772/1/2772
f 2897/1/2897 6291/1/6290 2772/1/2772 384/1/384
f 386/1/386 2703/1/2703 6292/1/6291 2889/1/2889
f 2703/1/2703 387/1/387 2881/1/2881 6292/1/6291
f 6292/1/6291 2881/1/2881 389/1/389 2705/1/2705
f 2889/1/2889 6292/1/6291 2705/1/2705 388/1/388
f 422/1/422 2763/1/2763 6293/1/6292 2785/1/2785
f 2763/1/2763 423/1/423 2784/1/2784 6293/1/6292
f 6293/1/6292 2784/1/2784 426/1/426 2769/1/2769
f 2785/1/2785 6293/1/6292 2769/1/2769 427/1/427
f 421/1/421 2762/1/2762 6294/1/6293 2786/1/2786
f 2762/1/2762 422/1/422 2785/1/2785 6294/1/6293
f 6294/1/6293 2785/1/2785 427/1/427 2770/1/2770
f 2786/1/2786 6294/1/6293 2770/1/2770 428/1/428
f 420/1/420 2739/1/2739 6295/1/6294 2771/1/2771
f 2739/1/2739 419/1/419 2761/1/2761 6295/1/6294
f 6295/1/6294 2761/1/2761 421/1/421 2786/1/2786
f 2771/1/2771 6295/1/6294 2786/1/2786 428/1/428
f 370/1/370 2787/1/2787 6296/1/6295 2721/1/2721
f 2787/1/2787 434/1/434 2799/1/2799 6296/1/6295
f 6296/1/6295 2799/1/2799 435/1/435 2788/1/2788
f 2721/1/2721 6296/1/6295 2788/1/2788 398/1/398
f 371/1/371 2794/1/2794 6297/1/6296 2679/1/2679
f 2794/1/2794 433/1/433 2800/1/2800 6297/1/6296
f 6297/1/6296 2800/1/2800 434/1/434 2787/1/2787
f 2679/1/2679 6297/1/6296 2787/1/2787 370/1/370
f 474/1/474 2724/1/2724 6298/1/6297 2863/1/2863
f 2724/1/2724 401/1/401 2789/1/2789 6298/1/6297
f 6298/1/6297 2789/1/2789 436/1/436 2866/1/2866
f 2863/1/2863 6298/1/6297 2866/1/2866 473/1/473
f 482/1/482 2878/1/2878 6299/1/6298 2908/1/2908
f 2878/1/2878 483/1/483 2909/1/2909 6299/1/6298
f 6299/1/6298 2909/1/2909 430/1/430 2782/1/2782
f 2908/1/2908 6299/1/6298 2782/1/2782 424/1/424
f 355/1/355 2646/1/2646 6300/1/6299 2698/1/2698
f 2646/1/2646 356/1/356 2680/1/2680 6300/1/6299
f 6300/1/6299 2680/1/2680 437/1/437 2801/1/2801
f 2698/1/2698 6300/1/6299 2801/1/2801 429/1/429
f 356/1/356 2645/1/2645 6301/1/6300 2680/1/2680
f 2645/1/2645 357/1/357 2738/1/2738 6301/1/6300
f 6301/1/6300 2738/1/2738 432/1/432 2802/1/2802
f 2680/1/2680 6301/1/6300 2802/1/2802 437/1/437
f 383/1/383 2701/1/2701 6302/1/6301 2695/1/2695
f 2701/1/2701 385/1/385 2700/1/2700 6302/1/6301
f 6302/1/6301 2700/1/2700 384/1/384 2702/1/2702
f 2695/1/2695 6302/1/6301 2702/1/2702 382/1/382
f 412/1/412 2745/1/2745 6303/1/6302 2805/1/2805
f 2745/1/2745 352/1/352 2804/1/2804 6303/1/6302
f 6303/1/6302 2804/1/2804 438/1/438 2803/1/2803
f 2805/1/2805 6303/1/6302 2803/1/2803 439/1/439
f 476/1/476 2729/1/2729 6304/1/6303 2906/1/2906
f 2729/1/2729 464/1/464 2905/1/2905 6304/1/6303
f 6304/1/6303 2905/1/2905 472/1/472 2864/1/2864
f 2906/1/2906 6304/1/6303 2864/1/2864 474/1/474
f 497/1/497 2950/1/2950 6305/1/6304 2927/1/2927
f 2950/1/2950 496/1/496 2808/1/2808 6305/1/6304
f 6305/1/6304 2808/1/2808 442/1/442 2807/1/2807
f 2927/1/2927 6305/1/6304 2807/1/2807 443/1/443
f 443/1/443 2807/1/2807 6306/1/6305 2812/1/2812
f 2807/1/2807 442/1/442 2811/1/2811 6306/1/6305
f 6306/1/6305 2811/1/2811 444/1/444 2810/1/2810
f 2812/1/2812 6306/1/6305 2810/1/2810 445/1/445
f 354/1/354 2699/1/2699 6307/1/6306 2815/1/2815
f 2699/1/2699 409/1/409 2814/1/2814 6307/1/6306
f 6307/1/6306 2814/1/2814 447/1/447 2813/1/2813
f 2815/1/2815 6307/1/6306 2813/1/2813 446/1/446
f 439/1/439 2803/1/2803 6308/1/6307 2899/1/2899
f 2803/1/2803 438/1/438 2898/1/2898 6308/1/6307
f 6308/1/6307 2898/1/2898 440/1/440 2806/1/2806
f 2899/1/2899 6308/1/6307 2806/1/2806 441/1/441
f 499/1/499 2949/1/2949 6309/1/6308 2929/1/2929
f 2949/1/2949 498/1/498 2818/1/2818 6309/1/6308
f 6309/1/6308 2818/1/2818 451/1/451 2817/1/2817
f 2929/1/2929 6309/1/6308 2817/1/2817 450/1/450
f 450/1/450 2817/1/2817 6310/1/6309 2822/1/2822
f 2817/1/2817 451/1/451 2821/1/2821 6310/1/6309
f 6310/1/6309 2821/1/2821 453/1/453 2820/1/2820
f 2822/1/2822 6310/1/6309 2820/1/2820 452/1/452
f 353/1/353 2823/1/2823 6311/1/6310 2649/1/2649
f 2823/1/2823 454/1/454 2826/1/2826 6311/1/6310
f 6311/1/6310 2826/1/2826 438/1/438 2804/1/2804
f 2649/1/2649 6311/1/6310 2804/1/2804 352/1/352
f 446/1/446 2813/1/2813 6312/1/6311 2901/1/2901
f 2813/1/2813 447/1/447 2900/1/2900 6312/1/6311
f 6312/1/6311 2900/1/2900 449/1/449 2816/1/2816
f 2901/1/2901 6312/1/6311 2816/1/2816 448/1/448
f 496/1/496 2926/1/2926 6313/1/6312 2948/1/2948
f 2926/1/2926 440/1/440 2827/1/2827 6313/1/6312
f 6313/1/6312 2827/1/2827 455/1/455 2930/1/2930
f 2948/1/2948 6313/1/6312 2930/1/2930 500/1/500
f 444/1/444 2811/1/2811 6314/1/6313 2829/1/2829
f 2811/1/2811 442/1/442 2828/1/2828 6314/1/6313
f 6314/1/6313 2828/1/2828 456/1/456 2825/1/2825
f 2829/1/2829 6314/1/6313 2825/1/2825 457/1/457
f 353/1/353 2648/1/2648 6315/1/6314 2823/1/2823
f 2648/1/2648 354/1/354 2815/1/2815 6315/1/6314
f 6315/1/6314 2815/1/2815 446/1/446 2830/1/2830
f 2823/1/2823 6315/1/6314 2830/1/2830 454/1/454
f 440/1/440 2898/1/2898 6316/1/6315 2827/1/2827
f 2898/1/2898 438/1/438 2826/1/2826 6316/1/6315
f 6316/1/6315 2826/1/2826 454/1/454 2902/1/2902
f 2827/1/2827 6316/1/6315 2902/1/2902 455/1/455
f 499/1/499 2947/1/2947 6317/1/6316 2819/1/2819
f 2947/1/2947 500/1/500 2930/1/2930 6317/1/6316
f 6317/1/6316 2930/1/2930 455/1/455 2831/1/2831
f 2819/1/2819 6317/1/6316 2831/1/2831 448/1/448
f 452/1/452 2833/1/2833 6318/1/6317 2822/1/2822
f 2833/1/2833 457/1/457 2825/1/2825 6318/1/6317
f 6318/1/6317 2825/1/2825 456/1/456 2832/1/2832
f 2822/1/2822 6318/1/6317 2832/1/2832 450/1/450
f 443/1/443 2812/1/2812 6319/1/6318 2837/1/2837
f 2812/1/2812 445/1/445 2836/1/2836 6319/1/6318
f 6319/1/6318 2836/1/2836 460/1/460 2835/1/2835
f 2837/1/2837 6319/1/6318 2835/1/2835 459/1/459
f 497/1/497 2927/1/2927 6320/1/6319 2946/1/2946
f 2927/1/2927 443/1/443 2837/1/2837 6320/1/6319
f 6320/1/6319 2837/1/2837 459/1/459 2931/1/2931
f 2946/1/2946 6320/1/6319 2931/1/2931 501/1/501
f 459/1/459 2835/1/2835 6321/1/6320 2842/1/2842
f 2835/1/2835 460/1/460 2841/1/2841 6321/1/6320
f 6321/1/6320 2841/1/2841 463/1/463 2840/1/2840
f 2842/1/2842 6321/1/6320 2840/1/2840 462/1/462
f 501/1/501 2931/1/2931 6322/1/6321 2945/1/2945
f 2931/1/2931 459/1/459 2842/1/2842 6322/1/6321
f 6322/1/6321 2842/1/2842 462/1/462 2932/1/2932
f 2945/1/2945 6322/1/6321 2932/1/2932 502/1/502
f 453/1/453 2821/1/2821 6323/1/6322 2847/1/2847
f 2821/1/2821 451/1/451 2846/1/2846 6323/1/6322
f 6323/1/6322 2846/1/2846 465/1/465 2845/1/2845
f 2847/1/2847 6323/1/6322 2845/1/2845 466/1/466
f 498/1/498 2928/1/2928 6324/1/6323 2944/1/2944
f 2928/1/2928 449/1/449 2848/1/2848 6324/1/6323
f 6324/1/6323 2848/1/2848 464/1/464 2933/1/2933
f 2944/1/2944 6324/1/6323 2933/1/2933 503/1/503
f 466/1/466 2845/1/2845 6325/1/6324 2851/1/2851
f 2845/1/2845 465/1/465 2850/1/2850 6325/1/6324
f 6325/1/6324 2850/1/2850 467/1/467 2849/1/2849
f 2851/1/2851 6325/1/6324 2849/1/2849 468/1/468
f 491/1/491 2852/1/2852 6326/1/6325 2924/1/2924
f 2852/1/2852 468/1/468 2849/1/2849 6326/1/6325
f 6326/1/6325 2849/1/2849 467/1/467 2853/1/2853
f 2924/1/2924 6326/1/6325 2853/1/2853 492/1/492
f 415/1/415 2751/1/2751 6327/1/6326 2855/1/2855
f 2751/1/2751 412/1/412 2805/1/2805 6327/1/6326
f 6327/1/6326 2805/1/2805 439/1/439 2854/1/2854
f 2855/1/2855 6327/1/6326 2854/1/2854 469/1/469
f 448/1/448 2831/1/2831 6328/1/6327 2901/1/2901
f 2831/1/2831 455/1/455 2902/1/2902 6328/1/6327
f 6328/1/6327 2902/1/2902 454/1/454 2830/1/2830
f 2901/1/2901 6328/1/6327 2830/1/2830 446/1/446
f 418/1/418 2757/1/2757 6329/1/6328 2857/1/2857
f 2757/1/2757 415/1/415 2855/1/2855 6329/1/6328
f 6329/1/6328 2855/1/2855 469/1/469 2856/1/2856
f 2857/1/2857 6329/1/6328 2856/1/2856 470/1/470
f 439/1/439 2899/1/2899 6330/1/6329 2854/1/2854
f 2899/1/2899 441/1/441 2838/1/2838 6330/1/6329
f 6330/1/6329 2838/1/2838 458/1/458 2903/1/2903
f 2854/1/2854 6330/1/6329 2903/1/2903 469/1/469
f 423/1/423 2765/1/2765 6331/1/6330 2859/1/2859
f 2765/1/2765 418/1/418 2857/1/2857 6331/1/6330
f 6331/1/6330 2857/1/2857 470/1/470 2858/1/2858
f 2859/1/2859 6331/1/6330 2858/1/2858 471/1/471
f 405/1/405 2860/1/2860 6332/1/6331 2731/1/2731
f 2860/1/2860 472/1/472 2861/1/2861 6332/1/6331
f 6332/1/6331 2861/1/2861 447/1/447 2814/1/2814
f 2731/1/2731 6332/1/6331 2814/1/2814 409/1/409
f 461/1/461 2904/1/2904 6333/1/6332 2843/1/2843
f 2904/1/2904 470/1/470 2856/1/2856 6333/1/6332
f 6333/1/6332 2856/1/2856 469/1/469 2903/1/2903
f 2843/1/2843 6333/1/6332 2903/1/2903 458/1/458
f 504/1/504 2934/1/2934 6334/1/6333 2943/1/2943
f 2934/1/2934 467/1/467 2850/1/2850 6334/1/6333
f 6334/1/6333 2850/1/2850 465/1/465 2844/1/2844
f 2943/1/2943 6334/1/6333 2844/1/2844 503/1/503
f 430/1/430 2865/1/2865 6335/1/6334 2778/1/2778
f 2865/1/2865 473/1/473 2866/1/2866 6335/1/6334
f 6335/1/6334 2866/1/2866 436/1/436 2797/1/2797
f 2778/1/2778 6335/1/6334 2797/1/2797 400/1/400
f 398/1/398 2788/1/2788 6336/1/6335 2727/1/2727
f 2788/1/2788 435/1/435 2798/1/2798 6336/1/6335
f 6336/1/6335 2798/1/2798 436/1/436 2789/1/2789
f 2727/1/2727 6336/1/6335 2789/1/2789 401/1/401
f 447/1/447 2861/1/2861 6337/1/6336 2900/1/2900
f 2861/1/2861 472/1/472 2905/1/2905 6337/1/6336
f 6337/1/6336 2905/1/2905 464/1/464 2848/1/2848
f 2900/1/2900 6337/1/6336 2848/1/2848 449/1/449
f 388/1/388 2774/1/2774 6338/1/6337 2889/1/2889
f 2774/1/2774 426/1/426 2888/1/2888 6338/1/6337
f 6338/1/6337 2888/1/2888 425/1/425 2773/1/2773
f 2889/1/2889 6338/1/6337 2773/1/2773 386/1/386
f 405/1/405 2732/1/2732 6339/1/6338 2792/1/2792
f 2732/1/2732 404/1/404 2791/1/2791 6339/1/6338
f 6339/1/6338 2791/1/2791 398/1/398 2727/1/2727
f 2792/1/2792 6339/1/6338 2727/1/2727 401/1/401
f 425/1/425 2888/1/2888 6340/1/6339 2783/1/2783
f 2888/1/2888 426/1/426 2784/1/2784 6340/1/6339
f 6340/1/6339 2784/1/2784 423/1/423 2887/1/2887
f 2783/1/2783 6340/1/6339 2887/1/2887 431/1/431
f 507/1/507 2942/1/2942 6341/1/6340 2923/1/2923
f 2942/1/2942 504/1/504 2862/1/2862 6341/1/6340
f 6341/1/6340 2862/1/2862 476/1/476 2917/1/2917
f 2923/1/2923 6341/1/6340 2917/1/2917 494/1/494
f 477/1/477 2870/1/2870 6342/1/6341 2975/1/2975
f 2870/1/2870 485/1/485 2974/1/2974 6342/1/6341
f 6342/1/6341 2974/1/2974 520/1/520 2961/1/2961
f 2975/1/2975 6342/1/6341 2961/1/2961 518/1/518
f 490/1/490 2922/1/2922 6343/1/6342 2913/1/2913
f 2922/1/2922 493/1/493 2916/1/2916 6343/1/6342
f 6343/1/6342 2916/1/2916 484/1/484 2877/1/2877
f 2913/1/2913 6343/1/6342 2877/1/2877 483/1/483
f 489/1/489 2921/1/2921 6344/1/6343 2912/1/2912
f 2921/1/2921 490/1/490 2913/1/2913 6344/1/6343
f 6344/1/6343 2913/1/2913 483/1/483 2878/1/2878
f 2912/1/2912 6344/1/6343 2878/1/2878 482/1/482
f 495/1/495 2920/1/2920 6345/1/6344 2876/1/2876
f 2920/1/2920 489/1/489 2912/1/2912 6345/1/6344
f 6345/1/6344 2912/1/2912 482/1/482 2879/1/2879
f 2876/1/2876 6345/1/6344 2879/1/2879 481/1/481
f 483/1/483 2877/1/2877 6346/1/6345 2909/1/2909
f 2877/1/2877 484/1/484 2910/1/2910 6346/1/6345
f 6346/1/6345 2910/1/2910 473/1/473 2865/1/2865
f 2909/1/2909 6346/1/6345 2865/1/2865 430/1/430
f 506/1/506 2941/1/2941 6347/1/6346 2895/1/2895
f 2941/1/2941 505/1/505 2875/1/2875 6347/1/6346
f 6347/1/6346 2875/1/2875 479/1/479 2874/1/2874
f 2895/1/2895 6347/1/6346 2874/1/2874 487/1/487
f 471/1/471 2858/1/2858 6348/1/6347 2868/1/2868
f 2858/1/2858 470/1/470 2904/1/2904 6348/1/6347
f 6348/1/6347 2904/1/2904 461/1/461 2894/1/2894
f 2868/1/2868 6348/1/6347 2894/1/2894 487/1/487
f 384/1/384 2700/1/2700 6349/1/6348 2897/1/2897
f 2700/1/2700 385/1/385 2907/1/2907 6349/1/6348
f 6349/1/6348 2907/1/2907 480/1/480 2880/1/2880
f 2897/1/2897 6349/1/6348 2880/1/2880 481/1/481
f 493/1/493 2919/1/2919 6350/1/6349 2916/1/2916
f 2919/1/2919 494/1/494 2917/1/2917 6350/1/6349
f 6350/1/6349 2917/1/2917 476/1/476 2890/1/2890
f 2916/1/2916 6350/1/6349 2890/1/2890 484/1/484
f 502/1/502 2932/1/2932 6351/1/6350 2939/1/2939
f 2932/1/2932 462/1/462 2893/1/2893 6351/1/6350
f 6351/1/6350 2893/1/2893 486/1/486 2936/1/2936
f 2939/1/2939 6351/1/6350 2936/1/2936 506/1/506
f 463/1/463 2892/1/2892 6352/1/6351 2840/1/2840
f 2892/1/2892 485/1/485 2896/1/2896 6352/1/6351
f 6352/1/6351 2896/1/2896 486/1/486 2893/1/2893
f 2840/1/2840 6352/1/6351 2893/1/2893 462/1/462
f 475/1/475 2891/1/2891 6353/1/6352 2867/1/2867
f 2891/1/2891 479/1/479 2873/1/2873 6353/1/6352
f 6353/1/6352 2873/1/2873 494/1/494 2919/1/2919
f 2867/1/2867 6353/1/6352 2919/1/2919 493/1/493
f 386/1/386 2773/1/2773 6354/1/6353 2918/1/2918
f 2773/1/2773 425/1/425 2767/1/2767 6354/1/6353
f 6354/1/6353 2767/1/2767 489/1/489 2920/1/2920
f 2918/1/2918 6354/1/6353 2920/1/2920 495/1/495
f 425/1/425 2783/1/2783 6355/1/6354 2767/1/2767
f 2783/1/2783 431/1/431 2779/1/2779 6355/1/6354
f 6355/1/6354 2779/1/2779 490/1/490 2921/1/2921
f 2767/1/2767 6355/1/6354 2921/1/2921 489/1/489
f 431/1/431 2869/1/2869 6356/1/6355 2779/1/2779
f 2869/1/2869 475/1/475 2867/1/2867 6356/1/6355
f 6356/1/6355 2867/1/2867 493/1/493 2922/1/2922
f 2779/1/2779 6356/1/6355 2922/1/2922 490/1/490
f 505/1/505 2938/1/2938 6357/1/6356 2875/1/2875
f 2938/1/2938 507/1/507 2923/1/2923 6357/1/6356
f 6357/1/6356 2923/1/2923 494/1/494 2873/1/2873
f 2875/1/2875 6357/1/6356 2873/1/2873 479/1/479
f 477/1/477 2914/1/2914 6358/1/6357 2872/1/2872
f 2914/1/2914 491/1/491 2924/1/2924 6358/1/6357
f 6358/1/6357 2924/1/2924 492/1/492 2915/1/2915
f 2872/1/2872 6358/1/6357 2915/1/2915 478/1/478
f 481/1/481 2880/1/2880 6359/1/6358 2876/1/2876
f 2880/1/2880 480/1/480 2911/1/2911 6359/1/6358
f 6359/1/6358 2911/1/2911 488/1/488 2925/1/2925
f 2876/1/2876 6359/1/6358 2925/1/2925 495/1/495
f 473/1/473 2910/1/2910 6360/1/6359 2863/1/2863
f 2910/1/2910 484/1/484 2890/1/2890 6360/1/6359
f 6360/1/6359 2890/1/2890 476/1/476 2906/1/2906
f 2863/1/2863 6360/1/6359 2906/1/2906 474/1/474
f 478/1/478 2915/1/2915 6361/1/6360 2935/1/2935
f 2915/1/2915 492/1/492 2937/1/2937 6361/1/6360
f 6361/1/6360 2937/1/2937 507/1/507 2938/1/2938
f 2935/1/2935 6361/1/6360 2938/1/2938 505/1/505
f 461/1/461 2839/1/2839 6362/1/6361 2894/1/2894
f 2839/1/2839 502/1/502 2939/1/2939 6362/1/6361
f 6362/1/6361 2939/1/2939 506/1/506 2895/1/2895
f 2894/1/2894 6362/1/6361 2895/1/2895 487/1/487
f 485/1/485 2870/1/2870 6363/1/6362 2896/1/2896
f 2870/1/2870 477/1/477 2872/1/2872 6363/1/6362
f 6363/1/6362 2872/1/2872 478/1/478 2871/1/2871
f 2896/1/2896 6363/1/6362 2871/1/2871 486/1/486
f 492/1/492 2853/1/2853 6364/1/6363 2937/1/2937
f 2853/1/2853 467/1/467 2934/1/2934 6364/1/6363
f 6364/1/6363 2934/1/2934 504/1/504 2942/1/2942
f 2937/1/2937 6364/1/6363 2942/1/2942 507/1/507
f 476/1/476 2862/1/2862 6365/1/6364 2729/1/2729
f 2862/1/2862 504/1/504 2943/1/2943 6365/1/6364
f 6365/1/6364 2943/1/2943 503/1/503 2933/1/2933
f 2729/1/2729 6365/1/6364 2933/1/2933 464/1/464
f 451/1/451 2818/1/2818 6366/1/6365 2846/1/2846
f 2818/1/2818 498/1/498 2944/1/2944 6366/1/6365
f 6366/1/6365 2944/1/2944 503/1/503 2844/1/2844
f 2846/1/2846 6366/1/6365 2844/1/2844 465/1/465
f 458/1/458 2834/1/2834 6367/1/6366 2843/1/2843
f 2834/1/2834 501/1/501 2945/1/2945 6367/1/6366
f 6367/1/6366 2945/1/2945 502/1/502 2839/1/2839
f 2843/1/2843 6367/1/6366 2839/1/2839 461/1/461
f 441/1/441 2809/1/2809 6368/1/6367 2838/1/2838
f 2809/1/2809 497/1/497 2946/1/2946 6368/1/6367
f 6368/1/6367 2946/1/2946 501/1/501 2834/1/2834
f 2838/1/2838 6368/1/6367 2834/1/2834 458/1/458
f 450/1/450 2832/1/2832 6369/1/6368 2929/1/2929
f 2832/1/2832 456/1/456 2824/1/2824 6369/1/6368
f 6369/1/6368 2824/1/2824 500/1/500 2947/1/2947
f 2929/1/2929 6369/1/6368 2947/1/2947 499/1/499
f 442/1/442 2808/1/2808 6370/1/6369 2828/1/2828
f 2808/1/2808 496/1/496 2948/1/2948 6370/1/6369
f 6370/1/6369 2948/1/2948 500/1/500 2824/1/2824
f 2828/1/2828 6370/1/6369 2824/1/2824 456/1/456
f 448/1/448 2816/1/2816 6371/1/6370 2819/1/2819
f 2816/1/2816 449/1/449 2928/1/2928 6371/1/6370
f 6371/1/6370 2928/1/2928 498/1/498 2949/1/2949
f 2819/1/2819 6371/1/6370 2949/1/2949 499/1/499
f 441/1/441 2806/1/2806 6372/1/6371 2809/1/2809
f 2806/1/2806 440/1/440 2926/1/2926 6372/1/6371
f 6372/1/6371 2926/1/2926 496/1/496 2950/1/2950
f 2809/1/2809 6372/1/6371 2950/1/2950 497/1/497
f 463/1/463 2841/1/2841 6373/1/6372 2965/1/2965
f 2841/1/2841 460/1/460 2964/1/2964 6373/1/6372
f 6373/1/6372 2964/1/2964 514/1/514 2957/1/2957
f 2965/1/2965 6373/1/6372 2957/1/2957 515/1/515
f 452/1/452 2820/1/2820 6374/1/6373 2967/1/2967
f 2820/1/2820 453/1/453 2966/1/2966 6374/1/6373
f 6374/1/6373 2966/1/2966 512/1/512 2953/1/2953
f 2967/1/2967 6374/1/6373 2953/1/2953 511/1/511
f 460/1/460 2836/1/2836 6375/1/6374 2964/1/2964
f 2836/1/2836 445/1/445 2968/1/2968 6375/1/6374
f 6375/1/6374 2968/1/2968 510/1/510 2956/1/2956
f 2964/1/2964 6375/1/6374 2956/1/2956 514/1/514
f 466/1/466 2851/1/2851 6376/1/6375 2970/1/2970
f 2851/1/2851 468/1/468 2969/1/2969 6376/1/6375
f 6376/1/6375 2969/1/2969 517/1/517 2959/1/2959
f 2970/1/2970 6376/1/6375 2959/1/2959 516/1/516
f 444/1/444 2829/1/2829 6377/1/6376 2972/1/2972
f 2829/1/2829 457/1/457 2971/1/2971 6377/1/6376
f 6377/1/6376 2971/1/2971 513/1/513 2954/1/2954
f 2972/1/2972 6377/1/6376 2954/1/2954 509/1/509
f 468/1/468 2852/1/2852 6378/1/6377 2969/1/2969
f 2852/1/2852 491/1/491 2973/1/2973 6378/1/6377
f 6378/1/6377 2973/1/2973 521/1/521 2960/1/2960
f 2969/1/2969 6378/1/6377 2960/1/2960 517/1/517
f 520/1/520 2999/1/2999 6379/1/6378 2961/1/2961
f 2999/1/2999 533/1/533 2986/1/2986 6379/1/6378
f 6379/1/6378 2986/1/2986 531/1/531 2996/1/2996
f 2961/1/2961 6379/1/6378 2996/1/2996 518/1/518
f 445/1/445 2810/1/2810 6380/1/6379 2968/1/2968
f 2810/1/2810 444/1/444 2972/1/2972 6380/1/6379
f 6380/1/6379 2972/1/2972 509/1/509 2952/1/2952
f 2968/1/2968 6380/1/6379 2952/1/2952 510/1/510
f 453/1/453 2847/1/2847 6381/1/6380 2966/1/2966
f 2847/1/2847 466/1/466 2970/1/2970 6381/1/6380
f 6381/1/6380 2970/1/2970 516/1/516 2958/1/2958
f 2966/1/2966 6381/1/6380 2958/1/2958 512/1/512
f 491/1/491 2914/1/2914 6382/1/6381 2973/1/2973
f 2914/1/2914 477/1/477 2975/1/2975 6382/1/6381
f 6382/1/6381 2975/1/2975 518/1/518 2963/1/2963
f 2973/1/2973 6382/1/6381 2963/1/2963 521/1/521
f 485/1/485 2892/1/2892 6383/1/6382 2974/1/2974
f 2892/1/2892 463/1/463 2965/1/2965 6383/1/6382
f 6383/1/6382 2965/1/2965 515/1/515 2962/1/2962
f 2974/1/2974 6383/1/6382 2962/1/2962 520/1/520
f 457/1/457 2833/1/2833 6384/1/6383 2971/1/2971
f 2833/1/2833 452/1/452 2967/1/2967 6384/1/6383
f 6384/1/6383 2967/1/2967 511/1/511 2955/1/2955
f 2971/1/2971 6384/1/6383 2955/1/2955 513/1/513
f 648/1/648 3214/1/3214 6385/1/6384 3170/1/3170
f 3214/1/3214 650/1/650 2707/1/2707 6385/1/6384
f 6385/1/6384 2707/1/2707 519/1/519 2976/1/2976
f 3170/1/3170 6385/1/6384 2976/1/2976 532/1/532
f 516/1/516 2959/1/2959 6386/1/6385 2990/1/2990
f 2959/1/2959 517/1/517 2989/1/2989 6386/1/6385
f 6386/1/6385 2989/1/2989 530/1/530 2984/1/2984
f 2990/1/2990 6386/1/6385 2984/1/2984 529/1/529
f 510/1/510 2952/1/2952 6387/1/6386 2992/1/2992
f 2952/1/2952 509/1/509 2991/1/2991 6387/1/6386
f 6387/1/6386 2991/1/2991 522/1/522 2977/1/2977
f 2992/1/2992 6387/1/6386 2977/1/2977 523/1/523
f 517/1/517 2960/1/2960 6388/1/6387 2989/1/2989
f 2960/1/2960 521/1/521 2993/1/2993 6388/1/6387
f 6388/1/6387 2993/1/2993 534/1/534 2985/1/2985
f 2989/1/2989 6388/1/6387 2985/1/2985 530/1/530
f 511/1/511 2953/1/2953 6389/1/6388 2995/1/2995
f 2953/1/2953 512/1/512 2994/1/2994 6389/1/6388
f 6389/1/6388 2994/1/2994 525/1/525 2978/1/2978
f 2995/1/2995 6389/1/6388 2978/1/2978 524/1/524
f 531/1/531 2986/1/2986 6390/1/6389 3016/1/3016
f 2986/1/2986 533/1/533 3023/1/3023 6390/1/6389
f 6390/1/6389 3023/1/3023 546/1/546 3011/1/3011
f 3016/1/3016 6390/1/6389 3011/1/3011 544/1/544
f 509/1/509 2954/1/2954 6391/1/6390 2991/1/2991
f 2954/1/2954 513/1/513 2997/1/2997 6391/1/6390
f 6391/1/6390 2997/1/2997 526/1/526 2979/1/2979
f 2991/1/2991 6391/1/6390 2979/1/2979 522/1/522
f 520/1/520 2962/1/2962 6392/1/6391 2999/1/2999
f 2962/1/2962 515/1/515 2998/1/2998 6392/1/6391
f 6392/1/6391 2998/1/2998 528/1/528 2987/1/2987
f 2999/1/2999 6392/1/6391 2987/1/2987 533/1/533
f 513/1/513 2955/1/2955 6393/1/6392 2997/1/2997
f 2955/1/2955 511/1/511 2995/1/2995 6393/1/6392
f 6393/1/6392 2995/1/2995 524/1/524 2980/1/2980
f 2997/1/2997 6393/1/6392 2980/1/2980 526/1/526
f 521/1/521 2963/1/2963 6394/1/6393 2993/1/2993
f 2963/1/2963 518/1/518 2996/1/2996 6394/1/6393
f 6394/1/6393 2996/1/2996 531/1/531 2988/1/2988
f 2993/1/2993 6394/1/6393 2988/1/2988 534/1/534
f 514/1/514 2956/1/2956 6395/1/6394 3000/1/3000
f 2956/1/2956 510/1/510 2992/1/2992 6395/1/6394
f 6395/1/6394 2992/1/2992 523/1/523 2981/1/2981
f 3000/1/3000 6395/1/6394 2981/1/2981 527/1/527
f 515/1/515 2957/1/2957 6396/1/6395 2998/1/2998
f 2957/1/2957 514/1/514 3000/1/3000 6396/1/6395
f 6396/1/6395 3000/1/3000 527/1/527 2982/1/2982
f 2998/1/2998 6396/1/6395 2982/1/2982 528/1/528
f 512/1/512 2958/1/2958 6397/1/6396 2994/1/2994
f 2958/1/2958 516/1/516 2990/1/2990 6397/1/6396
f 6397/1/6396 2990/1/2990 529/1/529 2983/1/2983
f 2994/1/2994 6397/1/6396 2983/1/2983 525/1/525
f 639/1/639 3207/1/3207 6398/1/6397 2706/1/2706
f 3207/1/3207 643/1/643 2780/1/2780 6398/1/6397
f 6398/1/6397 2780/1/2780 597/1/597 3152/1/3152
f 2706/1/2706 6398/1/6397 3152/1/3152 649/1/649
f 526/1/526 2980/1/2980 6399/1/6398 3015/1/3015
f 2980/1/2980 524/1/524 3014/1/3014 6399/1/6398
f 6399/1/6398 3014/1/3014 537/1/537 3005/1/3005
f 3015/1/3015 6399/1/6398 3005/1/3005 539/1/539
f 534/1/534 2988/1/2988 6400/1/6399 3017/1/3017
f 2988/1/2988 531/1/531 3016/1/3016 6400/1/6399
f 6400/1/6399 3016/1/3016 544/1/544 3013/1/3013
f 3017/1/3017 6400/1/6399 3013/1/3013 547/1/547
f 527/1/527 2981/1/2981 6401/1/6400 3019/1/3019
f 2981/1/2981 523/1/523 3018/1/3018 6401/1/6400
f 6401/1/6400 3018/1/3018 536/1/536 3006/1/3006
f 3019/1/3019 6401/1/6400 3006/1/3006 540/1/540
f 528/1/528 2982/1/2982 6402/1/6401 3020/1/3020
f 2982/1/2982 527/1/527 3019/1/3019 6402/1/6401
f 6402/1/6401 3019/1/3019 540/1/540 3007/1/3007
f 3020/1/3020 6402/1/6401 3007/1/3007 541/1/541
f 525/1/525 2983/1/2983 6403/1/6402 3022/1/3022
f 2983/1/2983 529/1/529 3021/1/3021 6403/1/6402
f 6403/1/6402 3021/1/3021 542/1/542 3008/1/3008
f 3022/1/3022 6403/1/6402 3008/1/3008 538/1/538
f 544/1/544 3011/1/3011 6404/1/6403 3047/1/3047
f 3011/1/3011 546/1/546 3039/1/3039 6404/1/6403
f 6404/1/6403 3039/1/3039 559/1/559 3036/1/3036
f 3047/1/3047 6404/1/6403 3036/1/3036 557/1/557
f 529/1/529 2984/1/2984 6405/1/6404 3021/1/3021
f 2984/1/2984 530/1/530 3024/1/3024 6405/1/6404
f 6405/1/6404 3024/1/3024 543/1/543 3009/1/3009
f 3021/1/3021 6405/1/6404 3009/1/3009 542/1/542
f 523/1/523 2977/1/2977 6406/1/6405 3018/1/3018
f 2977/1/2977 522/1/522 3025/1/3025 6406/1/6405
f 6406/1/6405 3025/1/3025 535/1/535 3002/1/3002
f 3018/1/3018 6406/1/6405 3002/1/3002 536/1/536
f 530/1/530 2985/1/2985 6407/1/6406 3024/1/3024
f 2985/1/2985 534/1/534 3017/1/3017 6407/1/6406
f 6407/1/6406 3017/1/3017 547/1/547 3010/1/3010
f 3024/1/3024 6407/1/6406 3010/1/3010 543/1/543
f 524/1/524 2978/1/2978 6408/1/6407 3014/1/3014
f 2978/1/2978 525/1/525 3022/1/3022 6408/1/6407
f 6408/1/6407 3022/1/3022 538/1/538 3003/1/3003
f 3014/1/3014 6408/1/6407 3003/1/3003 537/1/537
f 645/1/645 3210/1/3210 6409/1/6408 2768/1/2768
f 3210/1/3210 644/1/644 3191/1/3191 6409/1/6408
f 6409/1/6408 3191/1/3191 584/1/584 3076/1/3076
f 2768/1/2768 6409/1/6408 3076/1/3076 571/1/571
f 522/1/522 2979/1/2979 6410/1/6409 3025/1/3025
f 2979/1/2979 526/1/526 3015/1/3015 6410/1/6409
f 6410/1/6409 3015/1/3015 539/1/539 3004/1/3004
f 3025/1/3025 6410/1/6409 3004/1/3004 535/1/535
f 533/1/533 2987/1/2987 6411/1/6410 3023/1/3023
f 2987/1/2987 528/1/528 3020/1/3020 6411/1/6410
f 6411/1/6410 3020/1/3020 541/1/541 3012/1/3012
f 3023/1/3023 6411/1/6410 3012/1/3012 546/1/546
f 557/1/557 3036/1/3036 6412/1/6411 3068/1/3068
f 3036/1/3036 559/1/559 3065/1/3065 6412/1/6411
f 6412/1/6411 3065/1/3065 572/1/572 3061/1/3061
f 3068/1/3068 6412/1/6411 3061/1/3061 570/1/570
f 542/1/542 3009/1/3009 6413/1/6412 3041/1/3041
f 3009/1/3009 543/1/543 3040/1/3040 6413/1/6412
f 6413/1/6412 3040/1/3040 556/1/556 3034/1/3034
f 3041/1/3041 6413/1/6412 3034/1/3034 555/1/555
f 536/1/536 3002/1/3002 6414/1/6413 3043/1/3043
f 3002/1/3002 535/1/535 3042/1/3042 6414/1/6413
f 6414/1/6413 3042/1/3042 548/1/548 3027/1/3027
f 3043/1/3043 6414/1/6413 3027/1/3027 549/1/549
f 543/1/543 3010/1/3010 6415/1/6414 3040/1/3040
f 3010/1/3010 547/1/547 3044/1/3044 6415/1/6414
f 6415/1/6414 3044/1/3044 560/1/560 3035/1/3035
f 3040/1/3040 6415/1/6414 3035/1/3035 556/1/556
f 537/1/537 3003/1/3003 6416/1/6415 3046/1/3046
f 3003/1/3003 538/1/538 3045/1/3045 6416/1/6415
f 6416/1/6415 3045/1/3045 551/1/551 3028/1/3028
f 3046/1/3046 6416/1/6415 3028/1/3028 550/1/550
f 647/1/647 3213/1/3213 6417/1/6416 3222/1/3222
f 3213/1/3213 651/1/651 3149/1/3149 6417/1/6416
f 6417/1/6416 3149/1/3149 508/1/508 3001/1/3001
f 3222/1/3222 6417/1/6416 3001/1/3001 545/1/545
f 535/1/535 3004/1/3004 6418/1/6417 3042/1/3042
f 3004/1/3004 539/1/539 3048/1/3048 6418/1/6417
f 6418/1/6417 3048/1/3048 552/1/552 3029/1/3029
f 3042/1/3042 6418/1/6417 3029/1/3029 548/1/548
f 546/1/546 3012/1/3012 6419/1/6418 3039/1/3039
f 3012/1/3012 541/1/541 3049/1/3049 6419/1/6418
f 6419/1/6418 3049/1/3049 554/1/554 3037/1/3037
f 3039/1/3039 6419/1/6418 3037/1/3037 559/1/559
f 539/1/539 3005/1/3005 6420/1/6419 3048/1/3048
f 3005/1/3005 537/1/537 3046/1/3046 6420/1/6419
f 6420/1/6419 3046/1/3046 550/1/550 3030/1/3030
f 3048/1/3048 6420/1/6419 3030/1/3030 552/1/552
f 547/1/547 3013/1/3013 6421/1/6420 3044/1/3044
f 3013/1/3013 544/1/544 3047/1/3047 6421/1/6420
f 6421/1/6420 3047/1/3047 557/1/557 3038/1/3038
f 3044/1/3044 6421/1/6420 3038/1/3038 560/1/560
f 540/1/540 3006/1/3006 6422/1/6421 3050/1/3050
f 3006/1/3006 536/1/536 3043/1/3043 6422/1/6421
f 6422/1/6421 3043/1/3043 549/1/549 3031/1/3031
f 3050/1/3050 6422/1/6421 3031/1/3031 553/1/553
f 541/1/541 3007/1/3007 6423/1/6422 3049/1/3049
f 3007/1/3007 540/1/540 3050/1/3050 6423/1/6422
f 6423/1/6422 3050/1/3050 553/1/553 3032/1/3032
f 3049/1/3049 6423/1/6422 3032/1/3032 554/1/554
f 538/1/538 3008/1/3008 6424/1/6423 3045/1/3045
f 3008/1/3008 542/1/542 3041/1/3041 6424/1/6423
f 6424/1/6423 3041/1/3041 555/1/555 3033/1/3033
f 3045/1/3045 6424/1/6423 3033/1/3033 551/1/551
f 559/1/559 3037/1/3037 6425/1/6424 3065/1/3065
f 3037/1/3037 554/1/554 3064/1/3064 6425/1/6424
f 6425/1/6424 3064/1/3064 567/1/567 3062/1/3062
f 3065/1/3065 6425/1/6424 3062/1/3062 572/1/572
f 552/1/552 3030/1/3030 6426/1/6425 3067/1/3067
f 3030/1/3030 550/1/550 3066/1/3066 6426/1/6425
f 6426/1/6425 3066/1/3066 563/1/563 3055/1/3055
f 3067/1/3067 6426/1/6425 3055/1/3055 565/1/565
f 560/1/560 3038/1/3038 6427/1/6426 3069/1/3069
f 3038/1/3038 557/1/557 3068/1/3068 6427/1/6426
f 6427/1/6426 3068/1/3068 570/1/570 3063/1/3063
f 3069/1/3069 6427/1/6426 3063/1/3063 573/1/573
f 553/1/553 3031/1/3031 6428/1/6427 3071/1/3071
f 3031/1/3031 549/1/549 3070/1/3070 6428/1/6427
f 6428/1/6427 3070/1/3070 562/1/562 3056/1/3056
f 3071/1/3071 6428/1/6427 3056/1/3056 566/1/566
f 554/1/554 3032/1/3032 6429/1/6428 3064/1/3064
f 3032/1/3032 553/1/553 3071/1/3071 6429/1/6428
f 6429/1/6428 3071/1/3071 566/1/566 3057/1/3057
f 3064/1/3064 6429/1/6428 3057/1/3057 567/1/567
f 551/1/551 3033/1/3033 6430/1/6429 3073/1/3073
f 3033/1/3033 555/1/555 3072/1/3072 6430/1/6429
f 6430/1/6429 3072/1/3072 568/1/568 3058/1/3058
f 3073/1/3073 6430/1/6429 3058/1/3058 564/1/564
f 570/1/570 3061/1/3061 6431/1/6430 3093/1/3093
f 3061/1/3061 572/1/572 3090/1/3090 6431/1/6430
f 6431/1/6430 3090/1/3090 585/1/585 3086/1/3086
f 3093/1/3093 6431/1/6430 3086/1/3086 583/1/583
f 555/1/555 3034/1/3034 6432/1/6431 3072/1/3072
f 3034/1/3034 556/1/556 3074/1/3074 6432/1/6431
f 6432/1/6431 3074/1/3074 569/1/569 3059/1/3059
f 3072/1/3072 6432/1/6431 3059/1/3059 568/1/568
f 549/1/549 3027/1/3027 6433/1/6432 3070/1/3070
f 3027/1/3027 548/1/548 3075/1/3075 6433/1/6432
f 6433/1/6432 3075/1/3075 561/1/561 3052/1/3052
f 3070/1/3070 6433/1/6432 3052/1/3052 562/1/562
f 556/1/556 3035/1/3035 6434/1/6433 3074/1/3074
f 3035/1/3035 560/1/560 3069/1/3069 6434/1/6433
f 6434/1/6433 3069/1/3069 573/1/573 3060/1/3060
f 3074/1/3074 6434/1/6433 3060/1/3060 569/1/569
f 550/1/550 3028/1/3028 6435/1/6434 3066/1/3066
f 3028/1/3028 551/1/551 3073/1/3073 6435/1/6434
f 6435/1/6434 3073/1/3073 564/1/564 3053/1/3053
f 3066/1/3066 6435/1/6434 3053/1/3053 563/1/563
f 641/1/641 3206/1/3206 6436/1/6435 2883/1/2883
f 3206/1/3206 642/1/642 2884/1/2884 6436/1/6435
f 6436/1/6435 2884/1/2884 610/1/610 3178/1/3178
f 2883/1/2883 6436/1/6435 3178/1/3178 623/1/623
f 548/1/548 3029/1/3029 6437/1/6436 3075/1/3075
f 3029/1/3029 552/1/552 3067/1/3067 6437/1/6436
f 6437/1/6436 3067/1/3067 565/1/565 3054/1/3054
f 3075/1/3075 6437/1/6436 3054/1/3054 561/1/561
f 572/1/572 3062/1/3062 6438/1/6437 3090/1/3090
f 3062/1/3062 567/1/567 3089/1/3089 6438/1/6437
f 6438/1/6437 3089/1/3089 580/1/580 3087/1/3087
f 3090/1/3090 6438/1/6437 3087/1/3087 585/1/585
f 565/1/565 3055/1/3055 6439/1/6438 3092/1/3092
f 3055/1/3055 563/1/563 3091/1/3091 6439/1/6438
f 6439/1/6438 3091/1/3091 576/1/576 3080/1/3080
f 3092/1/3092 6439/1/6438 3080/1/3080 578/1/578
f 573/1/573 3063/1/3063 6440/1/6439 3094/1/3094
f 3063/1/3063 570/1/570 3093/1/3093 6440/1/6439
f 6440/1/6439 3093/1/3093 583/1/583 3088/1/3088
f 3094/1/3094 6440/1/6439 3088/1/3088 586/1/586
f 566/1/566 3056/1/3056 6441/1/6440 3096/1/3096
f 3056/1/3056 562/1/562 3095/1/3095 6441/1/6440
f 6441/1/6440 3095/1/3095 575/1/575 3081/1/3081
f 3096/1/3096 6441/1/6440 3081/1/3081 579/1/579
f 567/1/567 3057/1/3057 6442/1/6441 3089/1/3089
f 3057/1/3057 566/1/566 3096/1/3096 6442/1/6441
f 6442/1/6441 3096/1/3096 579/1/579 3082/1/3082
f 3089/1/3089 6442/1/6441 3082/1/3082 580/1/580
f 564/1/564 3058/1/3058 6443/1/6442 3098/1/3098
f 3058/1/3058 568/1/568 3097/1/3097 6443/1/6442
f 6443/1/6442 3097/1/3097 581/1/581 3083/1/3083
f 3098/1/3098 6443/1/6442 3083/1/3083 577/1/577
f 583/1/583 3086/1/3086 6444/1/6443 3122/1/3122
f 3086/1/3086 585/1/585 3116/1/3116 6444/1/6443
f 6444/1/6443 3116/1/3116 598/1/598 3111/1/3111
f 3122/1/3122 6444/1/6443 3111/1/3111 596/1/596
f 568/1/568 3059/1/3059 6445/1/6444 3097/1/3097
f 3059/1/3059 569/1/569 3099/1/3099 6445/1/6444
f 6445/1/6444 3099/1/3099 582/1/582 3084/1/3084
f 3097/1/3097 6445/1/6444 3084/1/3084 581/1/581
f 562/1/562 3052/1/3052 6446/1/6445 3095/1/3095
f 3052/1/3052 561/1/561 3100/1/3100 6446/1/6445
f 6446/1/6445 3100/1/3100 574/1/574 3077/1/3077
f 3095/1/3095 6446/1/6445 3077/1/3077 575/1/575
f 569/1/569 3060/1/3060 6447/1/6446 3099/1/3099
f 3060/1/3060 573/1/573 3094/1/3094 6447/1/6446
f 6447/1/6446 3094/1/3094 586/1/586 3085/1/3085
f 3099/1/3099 6447/1/6446 3085/1/3085 582/1/582
f 563/1/563 3053/1/3053 6448/1/6447 3091/1/3091
f 3053/1/3053 564/1/564 3098/1/3098 6448/1/6447
f 6448/1/6447 3098/1/3098 577/1/577 3078/1/3078
f 3091/1/3091 6448/1/6447 3078/1/3078 576/1/576
f 651/1/651 3216/1/3216 6449/1/6448 3149/1/3149
f 3216/1/3216 648/1/648 3170/1/3170 6449/1/6448
f 6449/1/6448 3170/1/3170 532/1/532 2940/1/2940
f 3149/1/3149 6449/1/6448 2940/1/2940 508/1/508
f 561/1/561 3054/1/3054 6450/1/6449 3100/1/3100
f 3054/1/3054 565/1/565 3092/1/3092 6450/1/6449
f 6450/1/6449 3092/1/3092 578/1/578 3079/1/3079
f 3100/1/3100 6450/1/6449 3079/1/3079 574/1/574
f 577/1/577 3083/1/3083 6451/1/6450 3115/1/3115
f 3083/1/3083 581/1/581 3114/1/3114 6451/1/6450
f 6451/1/6450 3114/1/3114 594/1/594 3108/1/3108
f 3115/1/3115 6451/1/6450 3108/1/3108 590/1/590
f 596/1/596 3111/1/3111 6452/1/6451 3143/1/3143
f 3111/1/3111 598/1/598 3140/1/3140 6452/1/6451
f 6452/1/6451 3140/1/3140 611/1/611 3136/1/3136
f 3143/1/3143 6452/1/6451 3136/1/3136 609/1/609
f 581/1/581 3084/1/3084 6453/1/6452 3114/1/3114
f 3084/1/3084 582/1/582 3117/1/3117 6453/1/6452
f 6453/1/6452 3117/1/3117 595/1/595 3109/1/3109
f 3114/1/3114 6453/1/6452 3109/1/3109 594/1/594
f 575/1/575 3077/1/3077 6454/1/6453 3119/1/3119
f 3077/1/3077 574/1/574 3118/1/3118 6454/1/6453
f 6454/1/6453 3118/1/3118 587/1/587 3102/1/3102
f 3119/1/3119 6454/1/6453 3102/1/3102 588/1/588
f 582/1/582 3085/1/3085 6455/1/6454 3117/1/3117
f 3085/1/3085 586/1/586 3120/1/3120 6455/1/6454
f 6455/1/6454 3120/1/3120 599/1/599 3110/1/3110
f 3117/1/3117 6455/1/6454 3110/1/3110 595/1/595
f 576/1/576 3078/1/3078 6456/1/6455 3121/1/3121
f 3078/1/3078 577/1/577 3115/1/3115 6456/1/6455
f 6456/1/6455 3115/1/3115 590/1/590 3103/1/3103
f 3121/1/3121 6456/1/6455 3103/1/3103 589/1/589
f 644/1/644 3209/1/3209 6457/1/6456 3191/1/3191
f 3209/1/3209 640/1/640 2882/1/2882 6457/1/6456
f 6457/1/6456 2882/1/2882 636/1/636 3101/1/3101
f 3191/1/3191 6457/1/6456 3101/1/3101 584/1/584
f 574/1/574 3079/1/3079 6458/1/6457 3118/1/3118
f 3079/1/3079 578/1/578 3123/1/3123 6458/1/6457
f 6458/1/6457 3123/1/3123 591/1/591 3104/1/3104
f 3118/1/3118 6458/1/6457 3104/1/3104 587/1/587
f 585/1/585 3087/1/3087 6459/1/6458 3116/1/3116
f 3087/1/3087 580/1/580 3124/1/3124 6459/1/6458
f 6459/1/6458 3124/1/3124 593/1/593 3112/1/3112
f 3116/1/3116 6459/1/6458 3112/1/3112 598/1/598
f 578/1/578 3080/1/3080 6460/1/6459 3123/1/3123
f 3080/1/3080 576/1/576 3121/1/3121 6460/1/6459
f 6460/1/6459 3121/1/3121 589/1/589 3105/1/3105
f 3123/1/3123 6460/1/6459 3105/1/3105 591/1/591
f 586/1/586 3088/1/3088 6461/1/6460 3120/1/3120
f 3088/1/3088 583/1/583 3122/1/3122 6461/1/6460
f 6461/1/6460 3122/1/3122 596/1/596 3113/1/3113
f 3120/1/3120 6461/1/6460 3113/1/3113 599/1/599
f 579/1/579 3081/1/3081 6462/1/6461 3125/1/3125
f 3081/1/3081 575/1/575 3119/1/3119 6462/1/6461
f 6462/1/6461 3119/1/3119 588/1/588 3106/1/3106
f 3125/1/3125 6462/1/6461 3106/1/3106 592/1/592
f 580/1/580 3082/1/3082 6463/1/6462 3124/1/3124
f 3082/1/3082 579/1/579 3125/1/3125 6463/1/6462
f 6463/1/6462 3125/1/3125 592/1/592 3107/1/3107
f 3124/1/3124 6463/1/6462 3107/1/3107 593/1/593
f 598/1/598 3112/1/3112 6464/1/6463 3140/1/3140
f 3112/1/3112 593/1/593 3139/1/3139 6464/1/6463
f 6464/1/6463 3139/1/3139 606/1/606 3137/1/3137
f 3140/1/3140 6464/1/6463 3137/1/3137 611/1/611
f 591/1/591 3105/1/3105 6465/1/6464 3142/1/3142
f 3105/1/3105 589/1/589 3141/1/3141 6465/1/6464
f 6465/1/6464 3141/1/3141 602/1/602 3130/1/3130
f 3142/1/3142 6465/1/6464 3130/1/3130 604/1/604
f 599/1/599 3113/1/3113 6466/1/6465 3144/1/3144
f 3113/1/3113 596/1/596 3143/1/3143 6466/1/6465
f 6466/1/6465 3143/1/3143 609/1/609 3138/1/3138
f 3144/1/3144 6466/1/6465 3138/1/3138 612/1/612
f 592/1/592 3106/1/3106 6467/1/6466 3146/1/3146
f 3106/1/3106 588/1/588 3145/1/3145 6467/1/6466
f 6467/1/6466 3145/1/3145 601/1/601 3131/1/3131
f 3146/1/3146 6467/1/6466 3131/1/3131 605/1/605
f 593/1/593 3107/1/3107 6468/1/6467 3139/1/3139
f 3107/1/3107 592/1/592 3146/1/3146 6468/1/6467
f 6468/1/6467 3146/1/3146 605/1/605 3132/1/3132
f 3139/1/3139 6468/1/6467 3132/1/3132 606/1/606
f 590/1/590 3108/1/3108 6469/1/6468 3148/1/3148
f 3108/1/3108 594/1/594 3147/1/3147 6469/1/6468
f 6469/1/6468 3147/1/3147 607/1/607 3133/1/3133
f 3148/1/3148 6469/1/6468 3133/1/3133 603/1/603
f 609/1/609 3136/1/3136 6470/1/6469 3176/1/3176
f 3136/1/3136 611/1/611 3169/1/3169 6470/1/6469
f 6470/1/6469 3169/1/3169 624/1/624 3162/1/3162
f 3176/1/3176 6470/1/6469 3162/1/3162 622/1/622
f 594/1/594 3109/1/3109 6471/1/6470 3147/1/3147
f 3109/1/3109 595/1/595 3150/1/3150 6471/1/6470
f 6471/1/6470 3150/1/3150 608/1/608 3134/1/3134
f 3147/1/3147 6471/1/6470 3134/1/3134 607/1/607
f 588/1/588 3102/1/3102 6472/1/6471 3145/1/3145
f 3102/1/3102 587/1/587 3151/1/3151 6472/1/6471
f 6472/1/6471 3151/1/3151 600/1/600 3127/1/3127
f 3145/1/3145 6472/1/6471 3127/1/3127 601/1/601
f 595/1/595 3110/1/3110 6473/1/6472 3150/1/3150
f 3110/1/3110 599/1/599 3144/1/3144 6473/1/6472
f 6473/1/6472 3144/1/3144 612/1/612 3135/1/3135
f 3150/1/3150 6473/1/6472 3135/1/3135 608/1/608
f 589/1/589 3103/1/3103 6474/1/6473 3141/1/3141
f 3103/1/3103 590/1/590 3148/1/3148 6474/1/6473
f 6474/1/6473 3148/1/3148 603/1/603 3128/1/3128
f 3141/1/3141 6474/1/6473 3128/1/3128 602/1/602
f 646/1/646 3212/1/3212 6475/1/6474 2885/1/2885
f 3212/1/3212 647/1/647 3222/1/3222 6475/1/6474
f 6475/1/6474 3222/1/3222 545/1/545 3026/1/3026
f 2885/1/2885 6475/1/6474 3026/1/3026 558/1/558
f 587/1/587 3104/1/3104 6476/1/6475 3151/1/3151
f 3104/1/3104 591/1/591 3142/1/3142 6476/1/6475
f 6476/1/6475 3142/1/3142 604/1/604 3129/1/3129
f 3151/1/3151 6476/1/6475 3129/1/3129 600/1/600
f 606/1/606 3132/1/3132 6477/1/6476 3166/1/3166
f 3132/1/3132 605/1/605 3165/1/3165 6477/1/6476
f 6477/1/6476 3165/1/3165 618/1/618 3158/1/3158
f 3166/1/3166 6477/1/6476 3158/1/3158 619/1/619
f 603/1/603 3133/1/3133 6478/1/6477 3168/1/3168
f 3133/1/3133 607/1/607 3167/1/3167 6478/1/6477
f 6478/1/6477 3167/1/3167 620/1/620 3159/1/3159
f 3168/1/3168 6478/1/6477 3159/1/3159 616/1/616
f 624/1/624 3196/1/3196 6479/1/6478 3162/1/3162
f 3196/1/3196 637/1/637 3188/1/3188 6479/1/6478
f 6479/1/6478 3188/1/3188 635/1/635 3192/1/3192
f 3162/1/3162 6479/1/6478 3192/1/3192 622/1/622
f 607/1/607 3134/1/3134 6480/1/6479 3167/1/3167
f 3134/1/3134 608/1/608 3171/1/3171 6480/1/6479
f 6480/1/6479 3171/1/3171 621/1/621 3160/1/3160
f 3167/1/3167 6480/1/6479 3160/1/3160 620/1/620
f 601/1/601 3127/1/3127 6481/1/6480 3173/1/3173
f 3127/1/3127 600/1/600 3172/1/3172 6481/1/6480
f 6481/1/6480 3172/1/3172 613/1/613 3153/1/3153
f 3173/1/3173 6481/1/6480 3153/1/3153 614/1/614
f 608/1/608 3135/1/3135 6482/1/6481 3171/1/3171
f 3135/1/3135 612/1/612 3174/1/3174 6482/1/6481
f 6482/1/6481 3174/1/3174 625/1/625 3161/1/3161
f 3171/1/3171 6482/1/6481 3161/1/3161 621/1/621
f 602/1/602 3128/1/3128 6483/1/6482 3175/1/3175
f 3128/1/3128 603/1/603 3168/1/3168 6483/1/6482
f 6483/1/6482 3168/1/3168 616/1/616 3154/1/3154
f 3175/1/3175 6483/1/6482 3154/1/3154 615/1/615
f 640/1/640 3205/1/3205 6484/1/6483 2882/1/2882
f 3205/1/3205 639/1/639 2706/1/2706 6484/1/6483
f 6484/1/6483 2706/1/2706 649/1/649 3204/1/3204
f 2882/1/2882 6484/1/6483 3204/1/3204 636/1/636
f 600/1/600 3129/1/3129 6485/1/6484 3172/1/3172
f 3129/1/3129 604/1/604 3177/1/3177 6485/1/6484
f 6485/1/6484 3177/1/3177 617/1/617 3155/1/3155
f 3172/1/3172 6485/1/6484 3155/1/3155 613/1/613
f 611/1/611 3137/1/3137 6486/1/6485 3169/1/3169
f 3137/1/3137 606/1/606 3166/1/3166 6486/1/6485
f 6486/1/6485 3166/1/3166 619/1/619 3163/1/3163
f 3169/1/3169 6486/1/6485 3163/1/3163 624/1/624
f 604/1/604 3130/1/3130 6487/1/6486 3177/1/3177
f 3130/1/3130 602/1/602 3175/1/3175 6487/1/6486
f 6487/1/6486 3175/1/3175 615/1/615 3156/1/3156
f 3177/1/3177 6487/1/6486 3156/1/3156 617/1/617
f 612/1/612 3138/1/3138 6488/1/6487 3174/1/3174
f 3138/1/3138 609/1/609 3176/1/3176 6488/1/6487
f 6488/1/6487 3176/1/3176 622/1/622 3164/1/3164
f 3174/1/3174 6488/1/6487 3164/1/3164 625/1/625
f 605/1/605 3131/1/3131 6489/1/6488 3165/1/3165
f 3131/1/3131 601/1/601 3173/1/3173 6489/1/6488
f 6489/1/6488 3173/1/3173 614/1/614 3157/1/3157
f 3165/1/3165 6489/1/6488 3157/1/3157 618/1/618
f 635/1/635 3188/1/3188 6490/1/6489 3228/1/3228
f 3188/1/3188 637/1/637 3221/1/3221 6490/1/6489
f 6490/1/6489 3221/1/3221 650/1/650 3214/1/3214
f 3228/1/3228 6490/1/6489 3214/1/3214 648/1/648
f 613/1/613 3155/1/3155 6491/1/6490 3194/1/3194
f 3155/1/3155 617/1/617 3193/1/3193 6491/1/6490
f 6491/1/6490 3193/1/3193 630/1/630 3181/1/3181
f 3194/1/3194 6491/1/6490 3181/1/3181 626/1/626
f 624/1/624 3163/1/3163 6492/1/6491 3196/1/3196
f 3163/1/3163 619/1/619 3195/1/3195 6492/1/6491
f 6492/1/6491 3195/1/3195 632/1/632 3189/1/3189
f 3196/1/3196 6492/1/6491 3189/1/3189 637/1/637
f 617/1/617 3156/1/3156 6493/1/6492 3193/1/3193
f 3156/1/3156 615/1/615 3197/1/3197 6493/1/6492
f 6493/1/6492 3197/1/3197 628/1/628 3182/1/3182
f 3193/1/3193 6493/1/6492 3182/1/3182 630/1/630
f 625/1/625 3164/1/3164 6494/1/6493 3198/1/3198
f 3164/1/3164 622/1/622 3192/1/3192 6494/1/6493
f 6494/1/6493 3192/1/3192 635/1/635 3190/1/3190
f 3198/1/3198 6494/1/6493 3190/1/3190 638/1/638
f 618/1/618 3157/1/3157 6495/1/6494 3200/1/3200
f 3157/1/3157 614/1/614 3199/1/3199 6495/1/6494
f 6495/1/6494 3199/1/3199 627/1/627 3183/1/3183
f 3200/1/3200 6495/1/6494 3183/1/3183 631/1/631
f 619/1/619 3158/1/3158 6496/1/6495 3195/1/3195
f 3158/1/3158 618/1/618 3200/1/3200 6496/1/6495
f 6496/1/6495 3200/1/3200 631/1/631 3184/1/3184
f 3195/1/3195 6496/1/6495 3184/1/3184 632/1/632
f 616/1/616 3159/1/3159 6497/1/6496 3202/1/3202
f 3159/1/3159 620/1/620 3201/1/3201 6497/1/6496
f 6497/1/6496 3201/1/3201 633/1/633 3185/1/3185
f 3202/1/3202 6497/1/6496 3185/1/3185 629/1/629
f 650/1/650 3215/1/3215 6498/1/6497 2707/1/2707
f 3215/1/3215 645/1/645 2768/1/2768 6498/1/6497
f 6498/1/6497 2768/1/2768 571/1/571 2951/1/2951
f 2707/1/2707 6498/1/6497 2951/1/2951 519/1/519
f 620/1/620 3160/1/3160 6499/1/6498 3201/1/3201
f 3160/1/3160 621/1/621 3203/1/3203 6499/1/6498
f 6499/1/6498 3203/1/3203 634/1/634 3186/1/3186
f 3201/1/3201 6499/1/6498 3186/1/3186 633/1/633
f 614/1/614 3153/1/3153 6500/1/6499 3199/1/3199
f 3153/1/3153 613/1/613 3194/1/3194 6500/1/6499
f 6500/1/6499 3194/1/3194 626/1/626 3179/1/3179
f 3199/1/3199 6500/1/6499 3179/1/3179 627/1/627
f 621/1/621 3161/1/3161 6501/1/6500 3203/1/3203
f 3161/1/3161 625/1/625 3198/1/3198 6501/1/6500
f 6501/1/6500 3198/1/3198 638/1/638 3187/1/3187
f 3203/1/3203 6501/1/6500 3187/1/3187 634/1/634
f 615/1/615 3154/1/3154 6502/1/6501 3197/1/3197
f 3154/1/3154 616/1/616 3202/1/3202 6502/1/6501
f 6502/1/6501 3202/1/3202 629/1/629 3180/1/3180
f 3197/1/3197 6502/1/6501 3180/1/3180 628/1/628
f 632/1/632 3184/1/3184 6503/1/6502 3218/1/3218
f 3184/1/3184 631/1/631 3217/1/3217 6503/1/6502
f 6503/1/6502 3217/1/3217 644/1/644 3210/1/3210
f 3218/1/3218 6503/1/6502 3210/1/3210 645/1/645
f 629/1/629 3185/1/3185 6504/1/6503 3220/1/3220
f 3185/1/3185 633/1/633 3219/1/3219 6504/1/6503
f 6504/1/6503 3219/1/3219 646/1/646 3211/1/3211
f 3220/1/3220 6504/1/6503 3211/1/3211 642/1/642
f 642/1/642 3211/1/3211 6505/1/6504 2884/1/2884
f 3211/1/3211 646/1/646 2885/1/2885 6505/1/6504
f 6505/1/6504 2885/1/2885 558/1/558 3051/1/3051
f 2884/1/2884 6505/1/6504 3051/1/3051 610/1/610
f 633/1/633 3186/1/3186 6506/1/6505 3219/1/3219
f 3186/1/3186 634/1/634 3223/1/3223 6506/1/6505
f 6506/1/6505 3223/1/3223 647/1/647 3212/1/3212
f 3219/1/3219 6506/1/6505 3212/1/3212 646/1/646
f 627/1/627 3179/1/3179 6507/1/6506 3225/1/3225
f 3179/1/3179 626/1/626 3224/1/3224 6507/1/6506
f 6507/1/6506 3224/1/3224 639/1/639 3205/1/3205
f 3225/1/3225 6507/1/6506 3205/1/3205 640/1/640
f 634/1/634 3187/1/3187 6508/1/6507 3223/1/3223
f 3187/1/3187 638/1/638 3226/1/3226 6508/1/6507
f 6508/1/6507 3226/1/3226 651/1/651 3213/1/3213
f 3223/1/3223 6508/1/6507 3213/1/3213 647/1/647
f 628/1/628 3180/1/3180 6509/1/6508 3227/1/3227
f 3180/1/3180 629/1/629 3220/1/3220 6509/1/6508
f 6509/1/6508 3220/1/3220 642/1/642 3206/1/3206
f 3227/1/3227 6509/1/6508 3206/1/3206 641/1/641
f 643/1/643 3208/1/3208 6510/1/6509 2780/1/2780
f 3208/1/3208 641/1/641 2883/1/2883 6510/1/6509
f 6510/1/6509 2883/1/2883 623/1/623 3126/1/3126
f 2780/1/2780 6510/1/6509 3126/1/3126 597/1/597
f 626/1/626 3181/1/3181 6511/1/6510 3224/1/3224
f 3181/1/3181 630/1/630 3229/1/3229 6511/1/6510
f 6511/1/6510 3229/1/3229 643/1/643 3207/1/3207
f 3224/1/3224 6511/1/6510 3207/1/3207 639/1/639
f 637/1/637 3189/1/3189 6512/1/6511 3221/1/3221
f 3189/1/3189 632/1/632 3218/1/3218 6512/1/6511
f 6512/1/6511 3218/1/3218 645/1/645 3215/1/3215
f 3221/1/3221 6512/1/6511 3215/1/3215 650/1/650
f 630/1/630 3182/1/3182 6513/1/6512 3229/1/3229
f 3182/1/3182 628/1/628 3227/1/3227 6513/1/6512
f 6513/1/6512 3227/1/3227 641/1/641 3208/1/3208
f 3229/1/3229 6513/1/6512 3208/1/3208 643/1/643
f 638/1/638 3190/1/3190 6514/1/6513 3226/1/3226
f 3190/1/3190 635/1/635 3228/1/3228 6514/1/6513
f 6514/1/6513 3228/1/3228 648/1/648 3216/1/3216
f 3226/1/3226 6514/1/6513 3216/1/3216 651/1/651
f 631/1/631 3183/1/3183 6515/1/6514 3217/1/3217
f 3183/1/3183 627/1/627 3225/1/3225 6515/1/6514
f 6515/1/6514 3225/1/3225 640/1/640 3209/1/3209
f 3217/1/3217 6515/1/6514 3209/1/3209 644/1/644
f 431/1/431 2887/1/2887 6516/1/6515 2869/1/2869
f 2887/1/2887 423/1/423 2859/1/2859 6516/1/6515
f 6516/1/6515 2859/1/2859 471/1/471 2886/1/2886
f 2869/1/2869 6516/1/6515 2886/1/2886 475/1/475
f 519/1/519 2951/1/2951 6517/1/6516 3243/1/3243
f 2951/1/2951 571/1/571 3242/1/3242 6517/1/6516
f 6517/1/6516 3242/1/3242 657/1/657 3231/1/3231
f 3243/1/3243 6517/1/6516 3231/1/3231 653/1/653
f 558/1/558 3026/1/3026 6518/1/6517 3245/1/3245
f 3026/1/3026 545/1/545 3244/1/3244 6518/1/6517
f 6518/1/6517 3244/1/3244 655/1/655 3234/1/3234
f 3245/1/3245 6518/1/6517 3234/1/3234 656/1/656
f 649/1/649 3152/1/3152 6519/1/6518 3247/1/3247
f 3152/1/3152 597/1/597 3246/1/3246 6519/1/6518
f 6519/1/6518 3246/1/3246 659/1/659 3239/1/3239
f 3247/1/3247 6519/1/6518 3239/1/3239 663/1/663
f 584/1/584 3101/1/3101 6520/1/6519 3249/1/3249
f 3101/1/3101 636/1/636 3248/1/3248 6520/1/6519
f 6520/1/6519 3248/1/3248 662/1/662 3237/1/3237
f 3249/1/3249 6520/1/6519 3237/1/3237 658/1/658
f 532/1/532 2976/1/2976 6521/1/6520 3250/1/3250
f 2976/1/2976 519/1/519 3243/1/3243 6521/1/6520
f 6521/1/6520 3243/1/3243 653/1/653 3232/1/3232
f 3250/1/3250 6521/1/6520 3232/1/3232 654/1/654
f 636/1/636 3204/1/3204 6522/1/6521 3248/1/3248
f 3204/1/3204 649/1/649 3247/1/3247 6522/1/6521
f 6522/1/6521 3247/1/3247 663/1/663 3241/1/3241
f 3248/1/3248 6522/1/6521 3241/1/3241 662/1/662
f 610/1/610 3051/1/3051 6523/1/6522 3251/1/3251
f 3051/1/3051 558/1/558 3245/1/3245 6523/1/6522
f 6523/1/6522 3245/1/3245 656/1/656 3235/1/3235
f 3251/1/3251 6523/1/6522 3235/1/3235 660/1/660
f 597/1/597 3126/1/3126 6524/1/6523 3246/1/3246
f 3126/1/3126 623/1/623 3252/1/3252 6524/1/6523
f 6524/1/6523 3252/1/3252 661/1/661 3238/1/3238
f 3246/1/3246 6524/1/6523 3238/1/3238 659/1/659
f 545/1/545 3001/1/3001 6525/1/6524 3244/1/3244
f 3001/1/3001 508/1/508 3253/1/3253 6525/1/6524
f 6525/1/6524 3253/1/3253 652/1/652 3233/1/3233
f 3244/1/3244 6525/1/6524 3233/1/3233 655/1/655
f 623/1/623 3178/1/3178 6526/1/6525 3252/1/3252
f 3178/1/3178 610/1/610 3251/1/3251 6526/1/6525
f 6526/1/6525 3251/1/3251 660/1/660 3240/1/3240
f 3252/1/3252 6526/1/6525 3240/1/3240 661/1/661
f 508/1/508 2940/1/2940 6527/1/6526 3253/1/3253
f 2940/1/2940 532/1/532 3250/1/3250 6527/1/6526
f 6527/1/6526 3250/1/3250 654/1/654 3230/1/3230
f 3253/1/3253 6527/1/6526 3230/1/3230 652/1/652
f 571/1/571 3076/1/3076 6528/1/6527 3242/1/3242
f 3076/1/3076 584/1/584 3249/1/3249 6528/1/6527
f 6528/1/6527 3249/1/3249 658/1/658 3236/1/3236
f 3242/1/3242 6528/1/6527 3236/1/3236 657/1/657
f 655/1/655 3233/1/3233 6529/1/6528 3255/1/3255
f 652/1/652 3254/1/3254 6529/1/6528 3233/1/3233
f 664/1/664 3255/1/3255 6529/1/6528 3254/1/3254
f 661/1/661 3240/1/3240 6530/1/6529 3257/1/3257
f 660/1/660 3256/1/3256 6530/1/6529 3240/1/3240
f 664/1/664 3257/1/3257 6530/1/6529 3256/1/3256
f 652/1/652 3230/1/3230 6531/1/6530 3254/1/3254
f 654/1/654 3258/1/3258 6531/1/6530 3230/1/3230
f 664/1/664 3254/1/3254 6531/1/6530 3258/1/3258
f 658/1/658 3237/1/3237 6532/1/6531 3260/1/3260
f 662/1/662 3259/1/3259 6532/1/6531 3237/1/3237
f 664/1/664 3260/1/3260 6532/1/6531 3259/1/3259
f 656/1/656 3234/1/3234 6533/1/6532 3261/1/3261
f 655/1/655 3255/1/3255 6533/1/6532 3234/1/3234
f 664/1/664 3261/1/3261 6533/1/6532 3255/1/3255
f 662/1/662 3241/1/3241 6534/1/6533 3259/1/3259
f 663/1/663 3262/1/3262 6534/1/6533 3241/1/3241
f 664/1/664 3259/1/3259 6534/1/6533 3262/1/3262
f 653/1/653 3231/1/3231 6535/1/6534 3264/1/3264
f 657/1/657 3263/1/3263 6535/1/6534 3231/1/3231
f 664/1/664 3264/1/3264 6535/1/6534 3263/1/3263
f 659/1/659 3238/1/3238 6536/1/6535 3265/1/3265
f 661/1/661 3257/1/3257 6536/1/6535 3238/1/3238
f 664/1/664 3265/1/3265 6536/1/6535 3257/1/3257
f 660/1/660 3235/1/3235 6537/1/6536 3256/1/3256
f 656/1/656 3261/1/3261 6537/1/6536 3235/1/3235
f 664/1/664 3256/1/3256 6537/1/6536 3261/1/3261
f 654/1/654 3232/1/3232 6538/1/6537 3258/1/3258
f 653/1/653 3264/1/3264 6538/1/6537 3232/1/3232
f 664/1/664 3258/1/3258 6538/1/6537 3264/1/3264
f 663/1/663 3239/1/3239 6539/1/6538 3262/1/3262
f 659/1/659 3265/1/3265 6539/1/6538 3239/1/3239
f 664/1/664 3262/1/3262 6539/1/6538 3265/1/3265
f 657/1/657 3236/1/3236 6540/1/6539 3263/1/3263
f 658/1/658 3260/1/3260 6540/1/6539 3236/1/3236
f 664/1/664 3263/1/3263 6540/1/6539 3260/1/3260
f 393/1/393 2712/1/2712 6541/1/6540 3277/1/3277
f 2712/1/2712 391/1/391 3279/1/3279 6541/1/6540
f 6541/1/6540 3279/1/3279 672/1/672 3272/1/3272
f 3277/1/3277 6541/1/6540 3272/1/3272 673/1/673
f 391/1/391 2709/1/2709 6542/1/6541 3279/1/3279
f 2709/1/2709 389/1/389 3280/1/3280 6542/1/6541
f 6542/1/6541 3280/1/3280 671/1/671 3271/1/3271
f 3279/1/3279 6542/1/6541 3271/1/3271 672/1/672
f 378/1/378 2689/1/2689 6543/1/6542 3282/1/3282
f 2689/1/2689 379/1/379 3281/1/3281 6543/1/6542
f 6543/1/6542 3281/1/3281 666/1/666 3266/1/3266
f 3282/1/3282 6543/1/6542 3266/1/3266 665/1/665
f 383/1/383 2696/1/2696 6544/1/6543 3284/1/3284
f 2696/1/2696 381/1/381 3283/1/3283 6544/1/6543
f 6544/1/6543 3283/1/3283 667/1/667 3268/1/3268
f 3284/1/3284 6544/1/6543 3268/1/3268 668/1/668
f 480/1/480 2907/1/2907 6545/1/6544 3286/1/3286
f 2907/1/2907 385/1/385 3285/1/3285 6545/1/6544
f 6545/1/6544 3285/1/3285 669/1/669 3275/1/3275
f 3286/1/3286 6545/1/6544 3275/1/3275 675/1/675
f 381/1/381 2693/1/2693 6546/1/6545 3283/1/3283
f 2693/1/2693 378/1/378 3282/1/3282 6546/1/6545
f 6546/1/6545 3282/1/3282 665/1/665 3267/1/3267
f 3283/1/3283 6546/1/6545 3267/1/3267 667/1/667
f 488/1/488 2911/1/2911 6547/1/6546 3287/1/3287
f 2911/1/2911 480/1/480 3286/1/3286 6547/1/6546
f 6547/1/6546 3286/1/3286 675/1/675 3276/1/3276
f 3287/1/3287 6547/1/6546 3276/1/3276 676/1/676
f 387/1/387 2704/1/2704 6548/1/6547 3288/1/3288
f 2704/1/2704 488/1/488 3287/1/3287 6548/1/6547
f 6548/1/6547 3287/1/3287 676/1/676 3270/1/3270
f 3288/1/3288 6548/1/6547 3270/1/3270 670/1/670
f 389/1/389 2881/1/2881 6549/1/6548 3280/1/3280
f 2881/1/2881 387/1/387 3288/1/3288 6549/1/6548
f 6549/1/6548 3288/1/3288 670/1/670 3274/1/3274
f 3280/1/3280 6549/1/6548 3274/1/3274 671/1/671
f 385/1/385 2701/1/2701 6550/1/6549 3285/1/3285
f 2701/1/2701 383/1/383 3284/1/3284 6550/1/6549
f 6550/1/6549 3284/1/3284 668/1/668 3269/1/3269
f 3285/1/3285 6550/1/6549 3269/1/3269 669/1/669
f 669/1/669 3269/1/3269 6551/1/6550 3301/1/3301
f 3269/1/3269 668/1/668 3300/1/3300 6551/1/6550
f 6551/1/6550 3300/1/3300 680/1/680 3292/1/3292
f 3301/1/3301 6551/1/6550 3292/1/3292 681/1/681
f 676/1/676 3276/1/3276 6552/1/6551 3303/1/3303
f 3276/1/3276 675/1/675 3302/1/3302 6552/1/6551
f 6552/1/6551 3302/1/3302 687/1/687 3299/1/3299
f 3303/1/3303 6552/1/6551 3299/1/3299 688/1/688
f 665/1/665 3266/1/3266 6553/1/6552 3305/1/3305
f 3266/1/3266 666/1/666 3304/1/3304 6553/1/6552
f 6553/1/6552 3304/1/3304 678/1/678 3289/1/3289
f 3305/1/3305 6553/1/6552 3289/1/3289 677/1/677
f 393/1/393 3413/1/3413 6554/1/6553 2715/1/2715
f 3413/1/3413 745/1/745 3415/1/3415 6554/1/6553
f 6554/1/6553 3415/1/3415 744/1/744 3278/1/3278
f 2715/1/2715 6554/1/6553 3278/1/3278 395/1/395
f 670/1/670 3270/1/3270 6555/1/6554 3308/1/3308
f 3270/1/3270 676/1/676 3303/1/3303 6555/1/6554
f 6555/1/6554 3303/1/3303 688/1/688 3293/1/3293
f 3308/1/3308 6555/1/6554 3293/1/3293 682/1/682
f 667/1/667 3267/1/3267 6556/1/6555 3309/1/3309
f 3267/1/3267 665/1/665 3305/1/3305 6556/1/6555
f 6556/1/6555 3305/1/3305 677/1/677 3290/1/3290
f 3309/1/3309 6556/1/6555 3290/1/3290 679/1/679
f 671/1/671 3274/1/3274 6557/1/6556 3310/1/3310
f 3274/1/3274 670/1/670 3308/1/3308 6557/1/6556
f 6557/1/6556 3308/1/3308 682/1/682 3297/1/3297
f 3310/1/3310 6557/1/6556 3297/1/3297 683/1/683
f 672/1/672 3271/1/3271 6558/1/6557 3311/1/3311
f 3271/1/3271 671/1/671 3310/1/3310 6558/1/6557
f 6558/1/6557 3310/1/3310 683/1/683 3294/1/3294
f 3311/1/3311 6558/1/6557 3294/1/3294 684/1/684
f 668/1/668 3268/1/3268 6559/1/6558 3300/1/3300
f 3268/1/3268 667/1/667 3309/1/3309 6559/1/6558
f 6559/1/6558 3309/1/3309 679/1/679 3291/1/3291
f 3300/1/3300 6559/1/6558 3291/1/3291 680/1/680
f 675/1/675 3275/1/3275 6560/1/6559 3302/1/3302
f 3275/1/3275 669/1/669 3301/1/3301 6560/1/6559
f 6560/1/6559 3301/1/3301 681/1/681 3298/1/3298
f 3302/1/3302 6560/1/6559 3298/1/3298 687/1/687
f 673/1/673 3272/1/3272 6561/1/6560 3306/1/3306
f 3272/1/3272 672/1/672 3311/1/3311 6561/1/6560
f 6561/1/6560 3311/1/3311 684/1/684 3295/1/3295
f 3306/1/3306 6561/1/6560 3295/1/3295 685/1/685
f 749/1/749 3420/1/3420 6562/1/6561 3425/1/3425
f 3420/1/3420 719/1/719 3323/1/3323 6562/1/6561
f 6562/1/6561 3323/1/3323 697/1/697 3418/1/3418
f 3425/1/3425 6562/1/6561 3418/1/3418 747/1/747
f 725/1/725 3388/1/3388 6563/1/6562 3373/1/3373
f 3388/1/3388 720/1/720 3325/1/3325 6563/1/6562
f 6563/1/6562 3325/1/3325 700/1/700 3316/1/3316
f 3373/1/3373 6563/1/6562 3316/1/3316 694/1/694
f 726/1/726 3387/1/3387 6564/1/6563 3374/1/3374
f 3387/1/3387 721/1/721 3327/1/3327 6564/1/6563
f 6564/1/6563 3327/1/3327 689/1/689 3313/1/3313
f 3374/1/3374 6564/1/6563 3313/1/3313 691/1/691
f 727/1/727 3386/1/3386 6565/1/6564 3375/1/3375
f 3386/1/3386 725/1/725 3373/1/3373 6565/1/6564
f 6565/1/6564 3373/1/3373 694/1/694 3320/1/3320
f 3375/1/3375 6565/1/6564 3320/1/3320 695/1/695
f 728/1/728 3385/1/3385 6566/1/6565 3376/1/3376
f 3385/1/3385 727/1/727 3375/1/3375 6566/1/6565
f 6566/1/6565 3375/1/3375 695/1/695 3317/1/3317
f 3376/1/3376 6566/1/6565 3317/1/3317 696/1/696
f 729/1/729 3384/1/3384 6567/1/6566 3377/1/3377
f 3384/1/3384 726/1/726 3374/1/3374 6567/1/6566
f 6567/1/6566 3374/1/3374 691/1/691 3314/1/3314
f 3377/1/3377 6567/1/6566 3314/1/3314 692/1/692
f 730/1/730 3383/1/3383 6568/1/6567 3378/1/3378
f 3383/1/3383 722/1/722 3332/1/3332 6568/1/6567
f 6568/1/6567 3332/1/3332 693/1/693 3321/1/3321
f 3378/1/3378 6568/1/6567 3321/1/3321 699/1/699
f 719/1/719 3382/1/3382 6569/1/6568 3323/1/3323
f 3382/1/3382 728/1/728 3376/1/3376 6569/1/6568
f 6569/1/6568 3376/1/3376 696/1/696 3318/1/3318
f 3323/1/3323 6569/1/6568 3318/1/3318 697/1/697
f 722/1/722 3381/1/3381 6570/1/6569 3332/1/3332
f 3381/1/3381 729/1/729 3377/1/3377 6570/1/6569
f 6570/1/6569 3377/1/3377 692/1/692 3315/1/3315
f 3332/1/3332 6570/1/6569 3315/1/3315 693/1/693
f 720/1/720 3380/1/3380 6571/1/6570 3325/1/3325
f 3380/1/3380 730/1/730 3378/1/3378 6571/1/6570
f 6571/1/6570 3378/1/3378 699/1/699 3322/1/3322
f 3325/1/3325 6571/1/6570 3322/1/3322 700/1/700
f 721/1/721 3379/1/3379 6572/1/6571 3327/1/3327
f 3379/1/3379 723/1/723 3334/1/3334 6572/1/6571
f 6572/1/6571 3334/1/3334 690/1/690 3312/1/3312
f 3327/1/3327 6572/1/6571 3312/1/3312 689/1/689
f 740/1/740 3412/1/3412 6573/1/6572 3339/1/3339
f 3412/1/3412 742/1/742 3346/1/3346 6573/1/6572
f 6573/1/6572 3346/1/3346 712/1/712 3347/1/3347
f 3339/1/3339 6573/1/6572 3347/1/3347 705/1/705
f 739/1/739 3411/1/3411 6574/1/6573 3337/1/3337
f 3411/1/3411 737/1/737 3396/1/3396 6574/1/6573
f 6574/1/6573 3396/1/3396 711/1/711 3348/1/3348
f 3337/1/3337 6574/1/6573 3348/1/3348 703/1/703
f 741/1/741 3410/1/3410 6575/1/6574 3344/1/3344
f 3410/1/3410 736/1/736 3395/1/3395 6575/1/6574
f 6575/1/6574 3395/1/3395 709/1/709 3349/1/3349
f 3344/1/3344 6575/1/6574 3349/1/3349 710/1/710
f 738/1/738 3409/1/3409 6576/1/6575 3335/1/3335
f 3409/1/3409 735/1/735 3394/1/3394 6576/1/6575
f 6576/1/6575 3394/1/3394 708/1/708 3350/1/3350
f 3335/1/3335 6576/1/6575 3350/1/3350 701/1/701
f 737/1/737 3408/1/3408 6577/1/6576 3396/1/3396
f 3408/1/3408 741/1/741 3344/1/3344 6577/1/6576
f 6577/1/6576 3344/1/3344 710/1/710 3351/1/3351
f 3396/1/3396 6577/1/6576 3351/1/3351 711/1/711
f 736/1/736 3407/1/3407 6578/1/6577 3395/1/3395
f 3407/1/3407 733/1/733 3392/1/3392 6578/1/6577
f 6578/1/6577 3392/1/3392 706/1/706 3352/1/3352
f 3395/1/3395 6578/1/6577 3352/1/3352 709/1/709
f 735/1/735 3406/1/3406 6579/1/6578 3394/1/3394
f 3406/1/3406 734/1/734 3393/1/3393 6579/1/6578
f 6579/1/6578 3393/1/3393 707/1/707 3353/1/3353
f 3394/1/3394 6579/1/6578 3353/1/3353 708/1/708
f 734/1/734 3405/1/3405 6580/1/6579 3393/1/3393
f 3405/1/3405 732/1/732 3391/1/3391 6580/1/6579
f 6580/1/6579 3391/1/3391 704/1/704 3354/1/3354
f 3393/1/3393 6580/1/6579 3354/1/3354 707/1/707
f 733/1/733 3404/1/3404 6581/1/6580 3392/1/3392
f 3404/1/3404 740/1/740 3339/1/3339 6581/1/6580
f 6581/1/6580 3339/1/3339 705/1/705 3355/1/3355
f 3392/1/3392 6581/1/6580 3355/1/3355 706/1/706
f 732/1/732 3403/1/3403 6582/1/6581 3391/1/3391
f 3403/1/3403 739/1/739 3337/1/3337 6582/1/6581
f 6582/1/6581 3337/1/3337 703/1/703 3356/1/3356
f 3391/1/3391 6582/1/6581 3356/1/3356 704/1/704
f 750/1/750 3421/1/3421 6583/1/6582 3424/1/3424
f 3421/1/3421 738/1/738 3335/1/3335 6583/1/6582
f 6583/1/6582 3335/1/3335 701/1/701 3419/1/3419
f 3424/1/3424 6583/1/6582 3419/1/3419 748/1/748
f 902/1/902 3728/1/3727 6584/1/6583 3711/1/3710
f 3728/1/3727 901/1/901 3359/1/3359 6584/1/6583
f 6584/1/6583 3359/1/3359 714/1/714 3358/1/3358
f 3711/1/3710 6584/1/6583 3358/1/3358 713/1/713
f 713/1/713 3358/1/3358 6585/1/6584 3363/1/3363
f 3358/1/3358 714/1/714 3362/1/3362 6585/1/6584
f 6585/1/6584 3362/1/3362 716/1/716 3361/1/3361
f 3363/1/3363 6585/1/6584 3361/1/3361 715/1/715
f 715/1/715 3361/1/3361 6586/1/6585 3366/1/3366
f 3361/1/3361 716/1/716 3365/1/3365 6586/1/6585
f 6586/1/6585 3365/1/3365 718/1/718 3364/1/3364
f 3366/1/3366 6586/1/6585 3364/1/3364 717/1/717
f 705/1/705 3347/1/3347 6587/1/6586 3369/1/3369
f 3347/1/3347 712/1/712 3371/1/3371 6587/1/6586
f 6587/1/6586 3371/1/3371 723/1/723 3379/1/3379
f 3369/1/3369 6587/1/6586 3379/1/3379 721/1/721
f 703/1/703 3348/1/3348 6588/1/6587 3368/1/3368
f 3348/1/3348 711/1/711 3345/1/3345 6588/1/6587
f 6588/1/6587 3345/1/3345 730/1/730 3380/1/3380
f 3368/1/3368 6588/1/6587 3380/1/3380 720/1/720
f 710/1/710 3349/1/3349 6589/1/6588 3370/1/3370
f 3349/1/3349 709/1/709 3343/1/3343 6589/1/6588
f 6589/1/6588 3343/1/3343 729/1/729 3381/1/3381
f 3370/1/3370 6589/1/6588 3381/1/3381 722/1/722
f 701/1/701 3350/1/3350 6590/1/6589 3367/1/3367
f 3350/1/3350 708/1/708 3342/1/3342 6590/1/6589
f 6590/1/6589 3342/1/3342 728/1/728 3382/1/3382
f 3367/1/3367 6590/1/6589 3382/1/3382 719/1/719
f 711/1/711 3351/1/3351 6591/1/6590 3345/1/3345
f 3351/1/3351 710/1/710 3370/1/3370 6591/1/6590
f 6591/1/6590 3370/1/3370 722/1/722 3383/1/3383
f 3345/1/3345 6591/1/6590 3383/1/3383 730/1/730
f 709/1/709 3352/1/3352 6592/1/6591 3343/1/3343
f 3352/1/3352 706/1/706 3340/1/3340 6592/1/6591
f 6592/1/6591 3340/1/3340 726/1/726 3384/1/3384
f 3343/1/3343 6592/1/6591 3384/1/3384 729/1/729
f 708/1/708 3353/1/3353 6593/1/6592 3342/1/3342
f 3353/1/3353 707/1/707 3341/1/3341 6593/1/6592
f 6593/1/6592 3341/1/3341 727/1/727 3385/1/3385
f 3342/1/3342 6593/1/6592 3385/1/3385 728/1/728
f 707/1/707 3354/1/3354 6594/1/6593 3341/1/3341
f 3354/1/3354 704/1/704 3338/1/3338 6594/1/6593
f 6594/1/6593 3338/1/3338 725/1/725 3386/1/3386
f 3341/1/3341 6594/1/6593 3386/1/3386 727/1/727
f 706/1/706 3355/1/3355 6595/1/6594 3340/1/3340
f 3355/1/3355 705/1/705 3369/1/3369 6595/1/6594
f 6595/1/6594 3369/1/3369 721/1/721 3387/1/3387
f 3340/1/3340 6595/1/6594 3387/1/3387 726/1/726
f 704/1/704 3356/1/3356 6596/1/6595 3338/1/3338
f 3356/1/3356 703/1/703 3368/1/3368 6596/1/6595
f 6596/1/6595 3368/1/3368 720/1/720 3388/1/3388
f 3338/1/3338 6596/1/6595 3388/1/3388 725/1/725
f 748/1/748 3419/1/3419 6597/1/6596 3423/1/3423
f 3419/1/3419 701/1/701 3367/1/3367 6597/1/6596
f 6597/1/6596 3367/1/3367 719/1/719 3420/1/3420
f 3423/1/3423 6597/1/6596 3420/1/3420 749/1/749
f 746/1/746 3417/1/3417 6598/1/6597 3422/1/3422
f 3417/1/3417 685/1/685 3397/1/3397 6598/1/6597
f 6598/1/6597 3397/1/3397 738/1/738 3421/1/3421
f 3422/1/3422 6598/1/6597 3421/1/3421 750/1/750
f 682/1/682 3293/1/3293 6599/1/6598 3326/1/3326
f 3293/1/3293 688/1/688 3398/1/3398 6599/1/6598
f 6599/1/6598 3398/1/3398 739/1/739 3403/1/3403
f 3326/1/3326 6599/1/6598 3403/1/3403 732/1/732
f 679/1/679 3290/1/3290 6600/1/6599 3328/1/3328
f 3290/1/3290 677/1/677 3399/1/3399 6600/1/6599
f 6600/1/6599 3399/1/3399 740/1/740 3404/1/3404
f 3328/1/3328 6600/1/6599 3404/1/3404 733/1/733
f 683/1/683 3297/1/3297 6601/1/6600 3329/1/3329
f 3297/1/3297 682/1/682 3326/1/3326 6601/1/6600
f 6601/1/6600 3326/1/3326 732/1/732 3405/1/3405
f 3329/1/3329 6601/1/6600 3405/1/3405 734/1/734
f 684/1/684 3294/1/3294 6602/1/6601 3330/1/3330
f 3294/1/3294 683/1/683 3329/1/3329 6602/1/6601
f 6602/1/6601 3329/1/3329 734/1/734 3406/1/3406
f 3330/1/3330 6602/1/6601 3406/1/3406 735/1/735
f 680/1/680 3291/1/3291 6603/1/6602 3331/1/3331
f 3291/1/3291 679/1/679 3328/1/3328 6603/1/6602
f 6603/1/6602 3328/1/3328 733/1/733 3407/1/3407
f 3331/1/3331 6603/1/6602 3407/1/3407 736/1/736
f 687/1/687 3298/1/3298 6604/1/6603 3333/1/3333
f 3298/1/3298 681/1/681 3400/1/3400 6604/1/6603
f 6604/1/6603 3400/1/3400 741/1/741 3408/1/3408
f 3333/1/3333 6604/1/6603 3408/1/3408 737/1/737
f 685/1/685 3295/1/3295 6605/1/6604 3397/1/3397
f 3295/1/3295 684/1/684 3330/1/3330 6605/1/6604
f 6605/1/6604 3330/1/3330 735/1/735 3409/1/3409
f 3397/1/3397 6605/1/6604 3409/1/3409 738/1/738
f 681/1/681 3292/1/3292 6606/1/6605 3400/1/3400
f 3292/1/3292 680/1/680 3331/1/3331 6606/1/6605
f 6606/1/6605 3331/1/3331 736/1/736 3410/1/3410
f 3400/1/3400 6606/1/6605 3410/1/3410 741/1/741
f 688/1/688 3299/1/3299 6607/1/6606 3398/1/3398
f 3299/1/3299 687/1/687 3333/1/3333 6607/1/6606
f 6607/1/6606 3333/1/3333 737/1/737 3411/1/3411
f 3398/1/3398 6607/1/6606 3411/1/3411 739/1/739
f 677/1/677 3289/1/3289 6608/1/6607 3399/1/3399
f 3289/1/3289 678/1/678 3401/1/3401 6608/1/6607
f 6608/1/6607 3401/1/3401 742/1/742 3412/1/3412
f 3399/1/3399 6608/1/6607 3412/1/3412 740/1/740
f 744/1/744 3415/1/3415 6609/1/6608 3414/1/3414
f 3415/1/3415 745/1/745 3416/1/3416 6609/1/6608
f 6609/1/6608 3416/1/3416 743/1/743 3273/1/3273
f 3414/1/3414 6609/1/6608 3273/1/3273 674/1/674
f 686/1/686 3296/1/3296 6610/1/6609 3324/1/3324
f 3296/1/3296 746/1/746 3422/1/3422 6610/1/6609
f 6610/1/6609 3422/1/3422 750/1/750 3402/1/3402
f 3324/1/3324 6610/1/6609 3402/1/3402 731/1/731
f 702/1/702 3357/1/3357 6611/1/6610 3336/1/3336
f 3357/1/3357 748/1/748 3423/1/3423 6611/1/6610
f 6611/1/6610 3423/1/3423 749/1/749 3389/1/3389
f 3336/1/3336 6611/1/6610 3389/1/3389 724/1/724
f 731/1/731 3402/1/3402 6612/1/6611 3390/1/3390
f 3402/1/3402 750/1/750 3424/1/3424 6612/1/6611
f 6612/1/6611 3424/1/3424 748/1/748 3357/1/3357
f 3390/1/3390 6612/1/6611 3357/1/3357 702/1/702
f 724/1/724 3389/1/3389 6613/1/6612 3372/1/3372
f 3389/1/3389 749/1/749 3425/1/3425 6613/1/6612
f 6613/1/6612 3425/1/3425 747/1/747 3319/1/3319
f 3372/1/3372 6613/1/6612 3319/1/3319 698/1/698
f 673/1/673 3307/1/3307 6614/1/6613 3277/1/3277
f 3307/1/3307 743/1/743 3416/1/3416 6614/1/6613
f 6614/1/6613 3416/1/3416 745/1/745 3413/1/3413
f 3277/1/3277 6614/1/6613 3413/1/3413 393/1/393
f 674/1/674 3273/1/3273 6615/1/6614 3427/1/395
f 3273/1/3273 743/1/743 3426/1/3426 6615/1/6614
f 6615/1/6614 3426/1/3426 746/1/746 3296/1/3296
f 3427/1/395 6615/1/6614 3296/1/3296 686/1/686
f 685/1/685 3417/1/3417 6616/1/6615 3306/1/3306
f 3417/1/3417 746/1/746 3426/1/3426 6616/1/6615
f 6616/1/6615 3426/1/3426 743/1/743 3307/1/3307
f 3306/1/3306 6616/1/6615 3307/1/3307 673/1/673
f 698/1/698 3319/1/3319 6617/1/6616 3428/1/3427
f 3319/1/3319 747/1/747 3429/1/3428 6617/1/6616
f 6617/1/6616 3429/1/3428 717/1/717 3364/1/3364
f 3428/1/3427 6617/1/6616 3364/1/3364 718/1/718
f 780/1/780 3513/1/3512 6618/1/6617 3487/1/3486
f 3513/1/3512 779/1/779 3444/1/3443 6618/1/6617
f 6618/1/6617 3444/1/3443 756/1/756 3434/1/3433
f 3487/1/3486 6618/1/6617 3434/1/3433 757/1/757
f 782/1/782 3512/1/3511 6619/1/6618 3489/1/3488
f 3512/1/3511 781/1/781 3446/1/3445 6619/1/6618
f 6619/1/6618 3446/1/3445 764/1/764 3443/1/3442
f 3489/1/3488 6619/1/6618 3443/1/3442 763/1/763
f 783/1/783 3511/1/3510 6620/1/6619 3490/1/3489
f 3511/1/3510 780/1/780 3487/1/3486 6620/1/6619
f 6620/1/6619 3487/1/3486 757/1/757 3435/1/3434
f 3490/1/3489 6620/1/6619 3435/1/3434 758/1/758
f 785/1/785 3510/1/3509 6621/1/6620 3492/1/3491
f 3510/1/3509 784/1/784 3449/1/3448 6621/1/6620
f 6621/1/6620 3449/1/3448 762/1/762 3440/1/3439
f 3492/1/3491 6621/1/6620 3440/1/3439 761/1/761
f 779/1/779 3509/1/3508 6622/1/6621 3444/1/3443
f 3509/1/3508 786/1/786 3451/1/3450 6622/1/6621
f 6622/1/6621 3451/1/3450 755/1/755 3436/1/3435
f 3444/1/3443 6622/1/6621 3436/1/3435 756/1/756
f 788/1/788 3508/1/3507 6623/1/6622 3495/1/3494
f 3508/1/3507 787/1/787 3452/1/3451 6623/1/6622
f 6623/1/6622 3452/1/3451 751/1/751 3430/1/3429
f 3495/1/3494 6623/1/6622 3430/1/3429 752/1/752
f 790/1/790 3507/1/3506 6624/1/6623 3497/1/3496
f 3507/1/3506 789/1/789 3454/1/3453 6624/1/6623
f 6624/1/6623 3454/1/3453 754/1/754 3437/1/3436
f 3497/1/3496 6624/1/6623 3437/1/3436 759/1/759
f 791/1/791 3506/1/3505 6625/1/6624 3498/1/3497
f 3506/1/3505 788/1/788 3495/1/3494 6625/1/6624
f 6625/1/6624 3495/1/3494 752/1/752 3431/1/3430
f 3498/1/3497 6625/1/6624 3431/1/3430 753/1/753
f 784/1/784 3505/1/3504 6626/1/6625 3449/1/3448
f 3505/1/3504 782/1/782 3489/1/3488 6626/1/6625
f 6626/1/6625 3489/1/3488 763/1/763 3441/1/3440
f 3449/1/3448 6626/1/6625 3441/1/3440 762/1/762
f 781/1/781 3504/1/3503 6627/1/6626 3446/1/3445
f 3504/1/3503 783/1/783 3490/1/3489 6627/1/6626
f 6627/1/6626 3490/1/3489 758/1/758 3442/1/3441
f 3446/1/3445 6627/1/6626 3442/1/3441 764/1/764
f 792/1/792 3503/1/3502 6628/1/6627 3499/1/3498
f 3503/1/3502 790/1/790 3497/1/3496 6628/1/6627
f 6628/1/6627 3497/1/3496 759/1/759 3438/1/3437
f 3499/1/3498 6628/1/6627 3438/1/3437 760/1/760
f 789/1/789 3502/1/3501 6629/1/6628 3454/1/3453
f 3502/1/3501 791/1/791 3498/1/3497 6629/1/6628
f 6629/1/6628 3498/1/3497 753/1/753 3432/1/3431
f 3454/1/3453 6629/1/6628 3432/1/3431 754/1/754
f 905/1/905 3714/1/3713 6630/1/6629 3727/1/3726
f 3714/1/3713 785/1/785 3492/1/3491 6630/1/6629
f 6630/1/6629 3492/1/3491 761/1/761 3712/1/3711
f 3727/1/3726 6630/1/6629 3712/1/3711 903/1/903
f 786/1/786 3500/1/3499 6631/1/6630 3451/1/3450
f 3500/1/3499 792/1/792 3499/1/3498 6631/1/6630
f 6631/1/6630 3499/1/3498 760/1/760 3433/1/3432
f 3451/1/3450 6631/1/6630 3433/1/3432 755/1/755
f 999/1/999 3965/1/3964 6632/1/6631 3916/1/3915
f 3965/1/3964 986/1/986 3472/1/3471 6632/1/6631
f 6632/1/6631 3472/1/3471 770/1/770 3462/1/3461
f 3916/1/3915 6632/1/6631 3462/1/3461 771/1/771
f 1001/1/1001 3963/1/3962 6633/1/6632 3918/1/3917
f 3963/1/3962 988/1/988 3474/1/3473 6633/1/6632
f 6633/1/6632 3474/1/3473 772/1/772 3470/1/3469
f 3918/1/3917 6633/1/6632 3470/1/3469 778/1/778
f 988/1/988 3961/1/3960 6634/1/6633 3474/1/3473
f 3961/1/3960 999/1/999 3916/1/3915 6634/1/6633
f 6634/1/6633 3916/1/3915 771/1/771 3463/1/3462
f 3474/1/3473 6634/1/6633 3463/1/3462 772/1/772
f 1003/1/1003 3959/1/3958 6635/1/6634 3920/1/3919
f 3959/1/3958 1001/1/1001 3918/1/3917 6635/1/6634
f 6635/1/6634 3918/1/3917 778/1/778 3471/1/3470
f 3920/1/3919 6635/1/6634 3471/1/3470 777/1/777
f 986/1/986 3957/1/3956 6636/1/6635 3472/1/3471
f 3957/1/3956 990/1/990 3477/1/3476 6636/1/6635
f 6636/1/6635 3477/1/3476 769/1/769 3464/1/3463
f 3472/1/3471 6636/1/6635 3464/1/3463 770/1/770
f 1005/1/1005 3955/1/3954 6637/1/6636 3922/1/3921
f 3955/1/3954 992/1/992 3478/1/3477 6637/1/6636
f 6637/1/6636 3478/1/3477 768/1/768 3465/1/3464
f 3922/1/3921 6637/1/6636 3465/1/3464 773/1/773
f 1007/1/1007 3953/1/3952 6638/1/6637 3924/1/3923
f 3953/1/3952 994/1/994 3480/1/3479 6638/1/6637
f 6638/1/6637 3480/1/3479 765/1/765 3458/1/3457
f 3924/1/3923 6638/1/6637 3458/1/3457 766/1/766
f 1009/1/1009 3951/1/3950 6639/1/6638 3926/1/3925
f 3951/1/3950 1005/1/1005 3922/1/3921 6639/1/6638
f 6639/1/6638 3922/1/3921 773/1/773 3466/1/3465
f 3926/1/3925 6639/1/6638 3466/1/3465 774/1/774
f 1011/1/1011 3949/1/3948 6640/1/6639 3928/1/3927
f 3949/1/3948 1007/1/1007 3924/1/3923 6640/1/6639
f 6640/1/6639 3924/1/3923 766/1/766 3459/1/3458
f 3928/1/3927 6640/1/6639 3459/1/3458 767/1/767
f 1014/1/1014 3947/1/3946 6641/1/6640 3726/1/3725
f 3947/1/3946 996/1/996 3484/1/3483 6641/1/6640
f 6641/1/6640 3484/1/3483 775/1/775 3713/1/3712
f 3726/1/3725 6641/1/6640 3713/1/3712 904/1/904
f 992/1/992 3945/1/3944 6642/1/6641 3478/1/3477
f 3945/1/3944 1011/1/1011 3928/1/3927 6642/1/6641
f 6642/1/6641 3928/1/3927 767/1/767 3460/1/3459
f 3478/1/3477 6642/1/6641 3460/1/3459 768/1/768
f 996/1/996 3943/1/3942 6643/1/6642 3484/1/3483
f 3943/1/3942 998/1/998 3485/1/3484 6643/1/6642
f 6643/1/6642 3485/1/3484 776/1/776 3468/1/3467
f 3484/1/3483 6643/1/6642 3468/1/3467 775/1/775
f 990/1/990 3941/1/3940 6644/1/6643 3477/1/3476
f 3941/1/3940 1009/1/1009 3926/1/3925 6644/1/6643
f 6644/1/6643 3926/1/3925 774/1/774 3461/1/3460
f 3477/1/3476 6644/1/6643 3461/1/3460 769/1/769
f 998/1/998 3939/1/3938 6645/1/6644 3485/1/3484
f 3939/1/3938 1003/1/1003 3920/1/3919 6645/1/6644
f 6645/1/6644 3920/1/3919 777/1/777 3469/1/3468
f 3485/1/3484 6645/1/6644 3469/1/3468 776/1/776
f 694/1/694 3316/1/3316 6646/1/6645 3493/1/3492
f 3316/1/3316 700/1/700 3457/1/3456 6646/1/6645
f 6646/1/6645 3457/1/3456 792/1/792 3500/1/3499
f 3493/1/3492 6646/1/6645 3500/1/3499 786/1/786
f 902/1/902 3711/1/3710 6647/1/6646 3725/1/3724
f 3711/1/3710 713/1/713 3450/1/3449 6647/1/6646
f 6647/1/6646 3450/1/3449 785/1/785 3714/1/3713
f 3725/1/3724 6647/1/6646 3714/1/3713 905/1/905
f 693/1/693 3315/1/3315 6648/1/6647 3496/1/3495
f 3315/1/3315 692/1/692 3456/1/3455 6648/1/6647
f 6648/1/6647 3456/1/3455 791/1/791 3502/1/3501
f 3496/1/3495 6648/1/6647 3502/1/3501 789/1/789
f 700/1/700 3322/1/3322 6649/1/6648 3457/1/3456
f 3322/1/3322 699/1/699 3455/1/3454 6649/1/6648
f 6649/1/6648 3455/1/3454 790/1/790 3503/1/3502
f 3457/1/3456 6649/1/6648 3503/1/3502 792/1/792
f 747/1/747 3418/1/3418 6650/1/6649 3488/1/3487
f 3418/1/3418 697/1/697 3448/1/3447 6650/1/6649
f 6650/1/6649 3448/1/3447 783/1/783 3504/1/3503
f 3488/1/3487 6650/1/6649 3504/1/3503 781/1/781
f 715/1/715 3366/1/3366 6651/1/6650 3491/1/3490
f 3366/1/3366 717/1/717 3447/1/3446 6651/1/6650
f 6651/1/6650 3447/1/3446 782/1/782 3505/1/3504
f 3491/1/3490 6651/1/6650 3505/1/3504 784/1/784
f 692/1/692 3314/1/3314 6652/1/6651 3456/1/3455
f 3314/1/3314 691/1/691 3453/1/3452 6652/1/6651
f 6652/1/6651 3453/1/3452 788/1/788 3506/1/3505
f 3456/1/3455 6652/1/6651 3506/1/3505 791/1/791
f 699/1/699 3321/1/3321 6653/1/6652 3455/1/3454
f 3321/1/3321 693/1/693 3496/1/3495 6653/1/6652
f 6653/1/6652 3496/1/3495 789/1/789 3507/1/3506
f 3455/1/3454 6653/1/6652 3507/1/3506 790/1/790
f 691/1/691 3313/1/3313 6654/1/6653 3453/1/3452
f 3313/1/3313 689/1/689 3494/1/3493 6654/1/6653
f 6654/1/6653 3494/1/3493 787/1/787 3508/1/3507
f 3453/1/3452 6654/1/6653 3508/1/3507 788/1/788
f 695/1/695 3320/1/3320 6655/1/6654 3486/1/3485
f 3320/1/3320 694/1/694 3493/1/3492 6655/1/6654
f 6655/1/6654 3493/1/3492 786/1/786 3509/1/3508
f 3486/1/3485 6655/1/6654 3509/1/3508 779/1/779
f 713/1/713 3363/1/3363 6656/1/6655 3450/1/3449
f 3363/1/3363 715/1/715 3491/1/3490 6656/1/6655
f 6656/1/6655 3491/1/3490 784/1/784 3510/1/3509
f 3450/1/3449 6656/1/6655 3510/1/3509 785/1/785
f 697/1/697 3318/1/3318 6657/1/6656 3448/1/3447
f 3318/1/3318 696/1/696 3445/1/3444 6657/1/6656
f 6657/1/6656 3445/1/3444 780/1/780 3511/1/3510
f 3448/1/3447 6657/1/6656 3511/1/3510 783/1/783
f 717/1/717 3429/1/3428 6658/1/6657 3447/1/3446
f 3429/1/3428 747/1/747 3488/1/3487 6658/1/6657
f 6658/1/6657 3488/1/3487 781/1/781 3512/1/3511
f 3447/1/3446 6658/1/6657 3512/1/3511 782/1/782
f 696/1/696 3317/1/3317 6659/1/6658 3445/1/3444
f 3317/1/3317 695/1/695 3486/1/3485 6659/1/6658
f 6659/1/6658 3486/1/3485 779/1/779 3513/1/3512
f 3445/1/3444 6659/1/6658 3513/1/3512 780/1/780
f 762/1/762 3441/1/3440 6660/1/6659 3566/1/3565
f 3441/1/3440 763/1/763 3476/1/3475 6660/1/6659
f 6660/1/6659 3476/1/3475 812/1/812 3570/1/3569
f 3566/1/3565 6660/1/6659 3570/1/3569 845/1/845
f 845/1/845 3570/1/3569 6661/1/6660 3567/1/3566
f 3570/1/3569 812/1/812 3533/1/3532 6661/1/6660
f 6661/1/6660 3533/1/3532 811/1/811 3571/1/3570
f 3567/1/3566 6661/1/6660 3571/1/3570 846/1/846
f 846/1/846 3571/1/3570 6662/1/6661 3568/1/3567
f 3571/1/3570 811/1/811 3532/1/3531 6662/1/6661
f 6662/1/6661 3532/1/3531 810/1/810 3572/1/3571
f 3568/1/3567 6662/1/6661 3572/1/3571 847/1/847
f 847/1/847 3572/1/3571 6663/1/6662 3569/1/3568
f 3572/1/3571 810/1/810 3531/1/3530 6663/1/6662
f 6663/1/6662 3531/1/3530 809/1/809 3573/1/3572
f 3569/1/3568 6663/1/6662 3573/1/3572 848/1/848
f 755/1/755 3433/1/3432 6664/1/6663 3534/1/3533
f 3433/1/3432 760/1/760 3482/1/3481 6664/1/6663
f 6664/1/6663 3482/1/3481 836/1/836 3574/1/3573
f 3534/1/3533 6664/1/6663 3574/1/3573 813/1/813
f 813/1/813 3574/1/3573 6665/1/6664 3535/1/3534
f 3574/1/3573 836/1/836 3557/1/3556 6665/1/6664
f 6665/1/6664 3557/1/3556 835/1/835 3575/1/3574
f 3535/1/3534 6665/1/6664 3575/1/3574 814/1/814
f 814/1/814 3575/1/3574 6666/1/6665 3536/1/3535
f 3575/1/3574 835/1/835 3556/1/3555 6666/1/6665
f 6666/1/6665 3556/1/3555 834/1/834 3576/1/3575
f 3536/1/3535 6666/1/6665 3576/1/3575 815/1/815
f 815/1/815 3576/1/3575 6667/1/6666 3537/1/3536
f 3576/1/3575 834/1/834 3555/1/3554 6667/1/6666
f 6667/1/6666 3555/1/3554 833/1/833 3577/1/3576
f 3537/1/3536 6667/1/6666 3577/1/3576 816/1/816
f 761/1/761 3440/1/3439 6668/1/6667 3562/1/3561
f 3440/1/3439 762/1/762 3566/1/3565 6668/1/6667
f 6668/1/6667 3566/1/3565 845/1/845 3578/1/3577
f 3562/1/3561 6668/1/6667 3578/1/3577 841/1/841
f 841/1/841 3578/1/3577 6669/1/6668 3563/1/3562
f 3578/1/3577 845/1/845 3567/1/3566 6669/1/6668
f 6669/1/6668 3567/1/3566 846/1/846 3579/1/3578
f 3563/1/3562 6669/1/6668 3579/1/3578 842/1/842
f 842/1/842 3579/1/3578 6670/1/6669 3564/1/3563
f 3579/1/3578 846/1/846 3568/1/3567 6670/1/6669
f 6670/1/6669 3568/1/3567 847/1/847 3580/1/3579
f 3564/1/3563 6670/1/6669 3580/1/3579 843/1/843
f 843/1/843 3580/1/3579 6671/1/6670 3565/1/3564
f 3580/1/3579 847/1/847 3569/1/3568 6671/1/6670
f 6671/1/6670 3569/1/3568 848/1/848 3581/1/3580
f 3565/1/3564 6671/1/6670 3581/1/3580 844/1/844
f 754/1/754 3432/1/3431 6672/1/6671 3538/1/3537
f 3432/1/3431 753/1/753 3483/1/3482 6672/1/6671
f 6672/1/6671 3483/1/3482 840/1/840 3582/1/3581
f 3538/1/3537 6672/1/6671 3582/1/3581 817/1/817
f 817/1/817 3582/1/3581 6673/1/6672 3539/1/3538
f 3582/1/3581 840/1/840 3561/1/3560 6673/1/6672
f 6673/1/6672 3561/1/3560 839/1/839 3583/1/3582
f 3539/1/3538 6673/1/6672 3583/1/3582 818/1/818
f 818/1/818 3583/1/3582 6674/1/6673 3540/1/3539
f 3583/1/3582 839/1/839 3560/1/3559 6674/1/6673
f 6674/1/6673 3560/1/3559 838/1/838 3584/1/3583
f 3540/1/3539 6674/1/6673 3584/1/3583 819/1/819
f 819/1/819 3584/1/3583 6675/1/6674 3541/1/3540
f 3584/1/3583 838/1/838 3559/1/3558 6675/1/6674
f 6675/1/6674 3559/1/3558 837/1/837 3585/1/3584
f 3541/1/3540 6675/1/6674 3585/1/3584 820/1/820
f 903/1/903 3712/1/3711 6676/1/6675 3724/1/3723
f 3712/1/3711 761/1/761 3562/1/3561 6676/1/6675
f 6676/1/6675 3562/1/3561 841/1/841 3715/1/3714
f 3724/1/3723 6676/1/6675 3715/1/3714 906/1/906
f 906/1/906 3715/1/3714 6677/1/6676 3723/1/3722
f 3715/1/3714 841/1/841 3563/1/3562 6677/1/6676
f 6677/1/6676 3563/1/3562 842/1/842 3716/1/3715
f 3723/1/3722 6677/1/6676 3716/1/3715 907/1/907
f 907/1/907 3716/1/3715 6678/1/6677 3722/1/3721
f 3716/1/3715 842/1/842 3564/1/3563 6678/1/6677
f 6678/1/6677 3564/1/3563 843/1/843 3717/1/3716
f 3722/1/3721 6678/1/6677 3717/1/3716 908/1/908
f 908/1/908 3717/1/3716 6679/1/6678 3721/1/3720
f 3717/1/3716 843/1/843 3565/1/3564 6679/1/6678
f 6679/1/6678 3565/1/3564 844/1/844 3718/1/3717
f 3721/1/3720 6679/1/6678 3718/1/3717 909/1/909
f 753/1/753 3431/1/3430 6680/1/6679 3483/1/3482
f 3431/1/3430 752/1/752 3481/1/3480 6680/1/6679
f 6680/1/6679 3481/1/3480 832/1/832 3590/1/3589
f 3483/1/3482 6680/1/6679 3590/1/3589 840/1/840
f 840/1/840 3590/1/3589 6681/1/6680 3561/1/3560
f 3590/1/3589 832/1/832 3553/1/3552 6681/1/6680
f 6681/1/6680 3553/1/3552 831/1/831 3591/1/3590
f 3561/1/3560 6681/1/6680 3591/1/3590 839/1/839
f 839/1/839 3591/1/3590 6682/1/6681 3560/1/3559
f 3591/1/3590 831/1/831 3552/1/3551 6682/1/6681
f 6682/1/6681 3552/1/3551 830/1/830 3592/1/3591
f 3560/1/3559 6682/1/6681 3592/1/3591 838/1/838
f 838/1/838 3592/1/3591 6683/1/6682 3559/1/3558
f 3592/1/3591 830/1/830 3551/1/3550 6683/1/6682
f 6683/1/6682 3551/1/3550 829/1/829 3593/1/3592
f 3559/1/3558 6683/1/6682 3593/1/3592 837/1/837
f 760/1/760 3438/1/3437 6684/1/6683 3482/1/3481
f 3438/1/3437 759/1/759 3479/1/3478 6684/1/6683
f 6684/1/6683 3479/1/3478 824/1/824 3594/1/3593
f 3482/1/3481 6684/1/6683 3594/1/3593 836/1/836
f 836/1/836 3594/1/3593 6685/1/6684 3557/1/3556
f 3594/1/3593 824/1/824 3545/1/3544 6685/1/6684
f 6685/1/6684 3545/1/3544 823/1/823 3595/1/3594
f 3557/1/3556 6685/1/6684 3595/1/3594 835/1/835
f 835/1/835 3595/1/3594 6686/1/6685 3556/1/3555
f 3595/1/3594 823/1/823 3544/1/3543 6686/1/6685
f 6686/1/6685 3544/1/3543 822/1/822 3596/1/3595
f 3556/1/3555 6686/1/6685 3596/1/3595 834/1/834
f 834/1/834 3596/1/3595 6687/1/6686 3555/1/3554
f 3596/1/3595 822/1/822 3543/1/3542 6687/1/6686
f 6687/1/6686 3543/1/3542 821/1/821 3597/1/3596
f 3555/1/3554 6687/1/6686 3597/1/3596 833/1/833
f 752/1/752 3430/1/3429 6688/1/6687 3481/1/3480
f 3430/1/3429 751/1/751 3546/1/3545 6688/1/6687
f 6688/1/6687 3546/1/3545 825/1/825 3598/1/3597
f 3481/1/3480 6688/1/6687 3598/1/3597 832/1/832
f 832/1/832 3598/1/3597 6689/1/6688 3553/1/3552
f 3598/1/3597 825/1/825 3547/1/3546 6689/1/6688
f 6689/1/6688 3547/1/3546 826/1/826 3599/1/3598
f 3553/1/3552 6689/1/6688 3599/1/3598 831/1/831
f 831/1/831 3599/1/3598 6690/1/6689 3552/1/3551
f 3599/1/3598 826/1/826 3548/1/3547 6690/1/6689
f 6690/1/6689 3548/1/3547 827/1/827 3600/1/3599
f 3552/1/3551 6690/1/6689 3600/1/3599 830/1/830
f 830/1/830 3600/1/3599 6691/1/6690 3551/1/3550
f 3600/1/3599 827/1/827 3549/1/3548 6691/1/6690
f 6691/1/6690 3549/1/3548 828/1/828 3601/1/3600
f 3551/1/3550 6691/1/6690 3601/1/3600 829/1/829
f 759/1/759 3437/1/3436 6692/1/6691 3479/1/3478
f 3437/1/3436 754/1/754 3538/1/3537 6692/1/6691
f 6692/1/6691 3538/1/3537 817/1/817 3602/1/3601
f 3479/1/3478 6692/1/6691 3602/1/3601 824/1/824
f 824/1/824 3602/1/3601 6693/1/6692 3545/1/3544
f 3602/1/3601 817/1/817 3539/1/3538 6693/1/6692
f 6693/1/6692 3539/1/3538 818/1/818 3603/1/3602
f 3545/1/3544 6693/1/6692 3603/1/3602 823/1/823
f 823/1/823 3603/1/3602 6694/1/6693 3544/1/3543
f 3603/1/3602 818/1/818 3540/1/3539 6694/1/6693
f 6694/1/6693 3540/1/3539 819/1/819 3604/1/3603
f 3544/1/3543 6694/1/6693 3604/1/3603 822/1/822
f 822/1/822 3604/1/3603 6695/1/6694 3543/1/3542
f 3604/1/3603 819/1/819 3541/1/3540 6695/1/6694
f 6695/1/6694 3541/1/3540 820/1/820 3605/1/3604
f 3543/1/3542 6695/1/6694 3605/1/3604 821/1/821
f 756/1/756 3436/1/3435 6696/1/6695 3514/1/3513
f 3436/1/3435 755/1/755 3534/1/3533 6696/1/6695
f 6696/1/6695 3534/1/3533 813/1/813 3606/1/3605
f 3514/1/3513 6696/1/6695 3606/1/3605 793/1/793
f 793/1/793 3606/1/3605 6697/1/6696 3515/1/3514
f 3606/1/3605 813/1/813 3535/1/3534 6697/1/6696
f 6697/1/6696 3535/1/3534 814/1/814 3607/1/3606
f 3515/1/3514 6697/1/6696 3607/1/3606 794/1/794
f 794/1/794 3607/1/3606 6698/1/6697 3516/1/3515
f 3607/1/3606 814/1/814 3536/1/3535 6698/1/6697
f 6698/1/6697 3536/1/3535 815/1/815 3608/1/3607
f 3516/1/3515 6698/1/6697 3608/1/3607 795/1/795
f 795/1/795 3608/1/3607 6699/1/6698 3517/1/3516
f 3608/1/3607 815/1/815 3537/1/3536 6699/1/6698
f 6699/1/6698 3537/1/3536 816/1/816 3609/1/3608
f 3517/1/3516 6699/1/6698 3609/1/3608 796/1/796
f 763/1/763 3443/1/3442 6700/1/6699 3476/1/3475
f 3443/1/3442 764/1/764 3475/1/3474 6700/1/6699
f 6700/1/6699 3475/1/3474 808/1/808 3610/1/3609
f 3476/1/3475 6700/1/6699 3610/1/3609 812/1/812
f 812/1/812 3610/1/3609 6701/1/6700 3533/1/3532
f 3610/1/3609 808/1/808 3529/1/3528 6701/1/6700
f 6701/1/6700 3529/1/3528 807/1/807 3611/1/3610
f 3533/1/3532 6701/1/6700 3611/1/3610 811/1/811
f 811/1/811 3611/1/3610 6702/1/6701 3532/1/3531
f 3611/1/3610 807/1/807 3528/1/3527 6702/1/6701
f 6702/1/6701 3528/1/3527 806/1/806 3612/1/3611
f 3532/1/3531 6702/1/6701 3612/1/3611 810/1/810
f 810/1/810 3612/1/3611 6703/1/6702 3531/1/3530
f 3612/1/3611 806/1/806 3527/1/3526 6703/1/6702
f 6703/1/6702 3527/1/3526 805/1/805 3613/1/3612
f 3531/1/3530 6703/1/6702 3613/1/3612 809/1/809
f 758/1/758 3435/1/3434 6704/1/6703 3522/1/3521
f 3435/1/3434 757/1/757 3473/1/3472 6704/1/6703
f 6704/1/6703 3473/1/3472 800/1/800 3614/1/3613
f 3522/1/3521 6704/1/6703 3614/1/3613 801/1/801
f 801/1/801 3614/1/3613 6705/1/6704 3523/1/3522
f 3614/1/3613 800/1/800 3521/1/3520 6705/1/6704
f 6705/1/6704 3521/1/3520 799/1/799 3615/1/3614
f 3523/1/3522 6705/1/6704 3615/1/3614 802/1/802
f 802/1/802 3615/1/3614 6706/1/6705 3524/1/3523
f 3615/1/3614 799/1/799 3520/1/3519 6706/1/6705
f 6706/1/6705 3520/1/3519 798/1/798 3616/1/3615
f 3524/1/3523 6706/1/6705 3616/1/3615 803/1/803
f 803/1/803 3616/1/3615 6707/1/6706 3525/1/3524
f 3616/1/3615 798/1/798 3519/1/3518 6707/1/6706
f 6707/1/6706 3519/1/3518 797/1/797 3617/1/3616
f 3525/1/3524 6707/1/6706 3617/1/3616 804/1/804
f 764/1/764 3442/1/3441 6708/1/6707 3475/1/3474
f 3442/1/3441 758/1/758 3522/1/3521 6708/1/6707
f 6708/1/6707 3522/1/3521 801/1/801 3618/1/3617
f 3475/1/3474 6708/1/6707 3618/1/3617 808/1/808
f 808/1/808 3618/1/3617 6709/1/6708 3529/1/3528
f 3618/1/3617 801/1/801 3523/1/3522 6709/1/6708
f 6709/1/6708 3523/1/3522 802/1/802 3619/1/3618
f 3529/1/3528 6709/1/6708 3619/1/3618 807/1/807
f 807/1/807 3619/1/3618 6710/1/6709 3528/1/3527
f 3619/1/3618 802/1/802 3524/1/3523 6710/1/6709
f 6710/1/6709 3524/1/3523 803/1/803 3620/1/3619
f 3528/1/3527 6710/1/6709 3620/1/3619 806/1/806
f 806/1/806 3620/1/3619 6711/1/6710 3527/1/3526
f 3620/1/3619 803/1/803 3525/1/3524 6711/1/6710
f 6711/1/6710 3525/1/3524 804/1/804 3621/1/3620
f 3527/1/3526 6711/1/6710 3621/1/3620 805/1/805
f 757/1/757 3434/1/3433 6712/1/6711 3473/1/3472
f 3434/1/3433 756/1/756 3514/1/3513 6712/1/6711
f 6712/1/6711 3514/1/3513 793/1/793 3622/1/3621
f 3473/1/3472 6712/1/6711 3622/1/3621 800/1/800
f 800/1/800 3622/1/3621 6713/1/6712 3521/1/3520
f 3622/1/3621 793/1/793 3515/1/3514 6713/1/6712
f 6713/1/6712 3515/1/3514 794/1/794 3623/1/3622
f 3521/1/3520 6713/1/6712 3623/1/3622 799/1/799
f 799/1/799 3623/1/3622 6714/1/6713 3520/1/3519
f 3623/1/3622 794/1/794 3516/1/3515 6714/1/6713
f 6714/1/6713 3516/1/3515 795/1/795 3624/1/3623
f 3520/1/3519 6714/1/6713 3624/1/3623 798/1/798
f 798/1/798 3624/1/3623 6715/1/6714 3519/1/3518
f 3624/1/3623 795/1/795 3517/1/3516 6715/1/6714
f 6715/1/6714 3517/1/3516 796/1/796 3625/1/3624
f 3519/1/3518 6715/1/6714 3625/1/3624 797/1/797
f 896/1/896 3703/1/3702 6716/1/6715 3898/1/3897
f 3703/1/3702 897/1/897 3650/1/3649 6716/1/6715
f 6716/1/6715 3650/1/3649 850/1/850 3627/1/3626
f 3898/1/3897 6716/1/6715 3627/1/3626 851/1/851
f 872/1/872 3692/1/3691 6717/1/6716 3892/1/3891
f 3692/1/3691 871/1/871 3885/1/3884 6717/1/6716
f 6717/1/6716 3885/1/3884 857/1/857 3634/1/3633
f 3892/1/3891 6717/1/6716 3634/1/3633 858/1/858
f 876/1/876 3690/1/3689 6718/1/6717 3893/1/3892
f 3690/1/3689 875/1/875 3886/1/3885 6718/1/6717
f 6718/1/6717 3886/1/3885 855/1/855 3631/1/3630
f 3893/1/3892 6718/1/6717 3631/1/3630 856/1/856
f 878/1/878 3688/1/3687 6719/1/6718 3894/1/3893
f 3688/1/3687 876/1/876 3893/1/3892 6719/1/6718
f 6719/1/6718 3893/1/3892 856/1/856 3637/1/3636
f 3894/1/3893 6719/1/6718 3637/1/3636 862/1/862
f 882/1/882 3686/1/3685 6720/1/6719 3895/1/3894
f 3686/1/3685 881/1/881 3887/1/3886 6720/1/6719
f 6720/1/6719 3887/1/3886 853/1/853 3632/1/3631
f 3895/1/3894 6720/1/6719 3632/1/3631 854/1/854
f 884/1/884 3684/1/3683 6721/1/6720 3896/1/3895
f 3684/1/3683 878/1/878 3894/1/3893 6721/1/6720
f 6721/1/6720 3894/1/3893 862/1/862 3638/1/3637
f 3896/1/3895 6721/1/6720 3638/1/3637 861/1/861
f 881/1/881 3682/1/3681 6722/1/6721 3887/1/3886
f 3682/1/3681 872/1/872 3892/1/3891 6722/1/6721
f 6722/1/6721 3892/1/3891 858/1/858 3629/1/3628
f 3887/1/3886 6722/1/6721 3629/1/3628 853/1/853
f 888/1/888 3680/1/3679 6723/1/6722 3897/1/3896
f 3680/1/3679 887/1/887 3888/1/3887 6723/1/6722
f 6723/1/6722 3888/1/3887 860/1/860 3635/1/3634
f 3897/1/3896 6723/1/6722 3635/1/3634 859/1/859
f 871/1/871 3678/1/3677 6724/1/6723 3885/1/3884
f 3678/1/3677 891/1/891 3889/1/3888 6724/1/6723
f 6724/1/6723 3889/1/3888 852/1/852 3633/1/3632
f 3885/1/3884 6724/1/6723 3633/1/3632 857/1/857
f 875/1/875 3676/1/3675 6725/1/6724 3886/1/3885
f 3676/1/3675 882/1/882 3895/1/3894 6725/1/6724
f 6725/1/6724 3895/1/3894 854/1/854 3630/1/3629
f 3886/1/3885 6725/1/6724 3630/1/3629 855/1/855
f 766/1/766 3458/1/3457 6726/1/6725 3645/1/3644
f 3458/1/3457 765/1/765 3647/1/3646 6726/1/6725
f 6726/1/6725 3647/1/3646 865/1/865 3648/1/3647
f 3645/1/3644 6726/1/6725 3648/1/3647 863/1/863
f 767/1/767 3459/1/3458 6727/1/6726 3628/1/3627
f 3459/1/3458 766/1/766 3645/1/3644 6727/1/6726
f 6727/1/6726 3645/1/3644 863/1/863 3649/1/3648
f 3628/1/3627 6727/1/6726 3649/1/3648 864/1/864
f 776/1/776 3469/1/3468 6728/1/6727 3668/1/3667
f 3469/1/3468 777/1/777 3643/1/3642 6728/1/6727
f 6728/1/6727 3643/1/3642 885/1/885 3673/1/3672
f 3668/1/3667 6728/1/6727 3673/1/3672 886/1/886
f 886/1/886 3673/1/3672 6729/1/6728 3669/1/3668
f 3673/1/3672 885/1/885 3667/1/3666 6729/1/6728
f 6729/1/6728 3667/1/3666 884/1/884 3674/1/3673
f 3669/1/3668 6729/1/6728 3674/1/3673 887/1/887
f 771/1/771 3462/1/3461 6730/1/6729 3660/1/3659
f 3462/1/3461 770/1/770 3642/1/3641 6730/1/6729
f 6730/1/6729 3642/1/3641 883/1/883 3675/1/3674
f 3660/1/3659 6730/1/6729 3675/1/3674 874/1/874
f 874/1/874 3675/1/3674 6731/1/6730 3661/1/3660
f 3675/1/3674 883/1/883 3666/1/3665 6731/1/6730
f 6731/1/6730 3666/1/3665 882/1/882 3676/1/3675
f 3661/1/3660 6731/1/6730 3676/1/3675 875/1/875
f 773/1/773 3465/1/3464 6732/1/6731 3657/1/3656
f 3465/1/3464 768/1/768 3671/1/3670 6732/1/6731
f 6732/1/6731 3671/1/3670 890/1/890 3677/1/3676
f 3657/1/3656 6732/1/6731 3677/1/3676 870/1/870
f 870/1/870 3677/1/3676 6733/1/6732 3658/1/3657
f 3677/1/3676 890/1/890 3672/1/3671 6733/1/6732
f 6733/1/6732 3672/1/3671 891/1/891 3678/1/3677
f 3658/1/3657 6733/1/6732 3678/1/3677 871/1/871
f 775/1/775 3468/1/3467 6734/1/6733 3644/1/3643
f 3468/1/3467 776/1/776 3668/1/3667 6734/1/6733
f 6734/1/6733 3668/1/3667 886/1/886 3679/1/3678
f 3644/1/3643 6734/1/6733 3679/1/3678 889/1/889
f 889/1/889 3679/1/3678 6735/1/6734 3670/1/3669
f 3679/1/3678 886/1/886 3669/1/3668 6735/1/6734
f 6735/1/6734 3669/1/3668 887/1/887 3680/1/3679
f 3670/1/3669 6735/1/6734 3680/1/3679 888/1/888
f 769/1/769 3461/1/3460 6736/1/6735 3664/1/3663
f 3461/1/3460 774/1/774 3639/1/3638 6736/1/6735
f 6736/1/6735 3639/1/3638 873/1/873 3681/1/3680
f 3664/1/3663 6736/1/6735 3681/1/3680 880/1/880
f 880/1/880 3681/1/3680 6737/1/6736 3665/1/3664
f 3681/1/3680 873/1/873 3659/1/3658 6737/1/6736
f 6737/1/6736 3659/1/3658 872/1/872 3682/1/3681
f 3665/1/3664 6737/1/6736 3682/1/3681 881/1/881
f 777/1/777 3471/1/3470 6738/1/6737 3643/1/3642
f 3471/1/3470 778/1/778 3641/1/3640 6738/1/6737
f 6738/1/6737 3641/1/3640 879/1/879 3683/1/3682
f 3643/1/3642 6738/1/6737 3683/1/3682 885/1/885
f 885/1/885 3683/1/3682 6739/1/6738 3667/1/3666
f 3683/1/3682 879/1/879 3663/1/3662 6739/1/6738
f 6739/1/6738 3663/1/3662 878/1/878 3684/1/3683
f 3667/1/3666 6739/1/6738 3684/1/3683 884/1/884
f 770/1/770 3464/1/3463 6740/1/6739 3642/1/3641
f 3464/1/3463 769/1/769 3664/1/3663 6740/1/6739
f 6740/1/6739 3664/1/3663 880/1/880 3685/1/3684
f 3642/1/3641 6740/1/6739 3685/1/3684 883/1/883
f 883/1/883 3685/1/3684 6741/1/6740 3666/1/3665
f 3685/1/3684 880/1/880 3665/1/3664 6741/1/6740
f 6741/1/6740 3665/1/3664 881/1/881 3686/1/3685
f 3666/1/3665 6741/1/6740 3686/1/3685 882/1/882
f 778/1/778 3470/1/3469 6742/1/6741 3641/1/3640
f 3470/1/3469 772/1/772 3640/1/3639 6742/1/6741
f 6742/1/6741 3640/1/3639 877/1/877 3687/1/3686
f 3641/1/3640 6742/1/6741 3687/1/3686 879/1/879
f 879/1/879 3687/1/3686 6743/1/6742 3663/1/3662
f 3687/1/3686 877/1/877 3662/1/3661 6743/1/6742
f 6743/1/6742 3662/1/3661 876/1/876 3688/1/3687
f 3663/1/3662 6743/1/6742 3688/1/3687 878/1/878
f 772/1/772 3463/1/3462 6744/1/6743 3640/1/3639
f 3463/1/3462 771/1/771 3660/1/3659 6744/1/6743
f 6744/1/6743 3660/1/3659 874/1/874 3689/1/3688
f 3640/1/3639 6744/1/6743 3689/1/3688 877/1/877
f 877/1/877 3689/1/3688 6745/1/6744 3662/1/3661
f 3689/1/3688 874/1/874 3661/1/3660 6745/1/6744
f 6745/1/6744 3661/1/3660 875/1/875 3690/1/3689
f 3662/1/3661 6745/1/6744 3690/1/3689 876/1/876
f 774/1/774 3466/1/3465 6746/1/6745 3639/1/3638
f 3466/1/3465 773/1/773 3657/1/3656 6746/1/6745
f 6746/1/6745 3657/1/3656 870/1/870 3691/1/3690
f 3639/1/3638 6746/1/6745 3691/1/3690 873/1/873
f 873/1/873 3691/1/3690 6747/1/6746 3659/1/3658
f 3691/1/3690 870/1/870 3658/1/3657 6747/1/6746
f 6747/1/6746 3658/1/3657 871/1/871 3692/1/3691
f 3659/1/3658 6747/1/6746 3692/1/3691 872/1/872
f 767/1/767 3696/1/3695 6748/1/6747 3460/1/3459
f 3696/1/3695 892/1/892 3693/1/3692 6748/1/6747
f 6748/1/6747 3693/1/3692 890/1/890 3671/1/3670
f 3460/1/3459 6748/1/6747 3671/1/3670 768/1/768
f 893/1/893 3694/1/3693 6749/1/6748 3695/1/3694
f 3694/1/3693 892/1/892 3696/1/3695 6749/1/6748
f 6749/1/6748 3696/1/3695 767/1/767 3628/1/3627
f 3695/1/3694 6749/1/6748 3628/1/3627 864/1/864
f 891/1/891 3672/1/3671 6750/1/6749 3697/1/3696
f 3672/1/3671 890/1/890 3693/1/3692 6750/1/6749
f 6750/1/6749 3693/1/3692 892/1/892 3699/1/3698
f 3697/1/3696 6750/1/6749 3699/1/3698 894/1/894
f 893/1/893 3700/1/3699 6751/1/6750 3694/1/3693
f 3700/1/3699 895/1/895 3698/1/3697 6751/1/6750
f 6751/1/6750 3698/1/3697 894/1/894 3699/1/3698
f 3694/1/3693 6751/1/6750 3699/1/3698 892/1/892
f 864/1/864 3649/1/3648 6752/1/6751 3646/1/3645
f 3649/1/3648 863/1/863 3701/1/3700 6752/1/6751
f 6752/1/6751 3701/1/3700 897/1/897 3703/1/3702
f 3646/1/3645 6752/1/6751 3703/1/3702 896/1/896
f 863/1/863 3648/1/3647 6753/1/6752 3701/1/3700
f 3648/1/3647 865/1/865 3702/1/3701 6753/1/6752
f 6753/1/6752 3702/1/3701 898/1/898 3704/1/3703
f 3701/1/3700 6753/1/6752 3704/1/3703 897/1/897
f 896/1/896 3705/1/3704 6754/1/6753 3646/1/3645
f 3705/1/3704 895/1/895 3700/1/3699 6754/1/6753
f 6754/1/6753 3700/1/3699 893/1/893 3695/1/3694
f 3646/1/3645 6754/1/6753 3695/1/3694 864/1/864
f 897/1/897 3704/1/3703 6755/1/6754 3650/1/3649
f 3704/1/3703 898/1/898 3890/1/3889 6755/1/6754
f 6755/1/6754 3890/1/3889 849/1/849 3626/1/3625
f 3650/1/3649 6755/1/6754 3626/1/3625 850/1/850
f 887/1/887 3674/1/3673 6756/1/6755 3888/1/3887
f 3674/1/3673 884/1/884 3896/1/3895 6756/1/6755
f 6756/1/6755 3896/1/3895 861/1/861 3636/1/3635
f 3888/1/3887 6756/1/6755 3636/1/3635 860/1/860
f 891/1/891 3697/1/3696 6757/1/6756 3889/1/3888
f 3697/1/3696 894/1/894 3891/1/3890 6757/1/6756
f 6757/1/6756 3891/1/3890 866/1/866 3651/1/3650
f 3889/1/3888 6757/1/6756 3651/1/3650 852/1/852
f 867/1/867 3652/1/3651 6758/1/6757 3899/1/3898
f 3652/1/3651 866/1/866 3891/1/3890 6758/1/6757
f 6758/1/6757 3891/1/3890 894/1/894 3698/1/3697
f 3899/1/3898 6758/1/6757 3698/1/3697 895/1/895
f 904/1/904 3713/1/3712 6759/1/6758 3720/1/3719
f 3713/1/3712 775/1/775 3644/1/3643 6759/1/6758
f 6759/1/6758 3644/1/3643 889/1/889 3719/1/3718
f 3720/1/3719 6759/1/6758 3719/1/3718 910/1/910
f 867/1/867 3899/1/3898 6760/1/6759 3653/1/3652
f 3899/1/3898 895/1/895 3705/1/3704 6760/1/6759
f 6760/1/6759 3705/1/3704 896/1/896 3898/1/3897
f 3653/1/3652 6760/1/6759 3898/1/3897 851/1/851
f 913/1/913 3732/1/3731 6761/1/6760 3748/1/3747
f 3732/1/3731 904/1/904 3720/1/3719 6761/1/6760
f 6761/1/6760 3720/1/3719 910/1/910 3738/1/3737
f 3748/1/3747 6761/1/6760 3738/1/3737 919/1/919
f 869/1/869 3900/1/3899 6762/1/6761 3656/1/3655
f 3900/1/3899 899/1/899 3707/1/3706 6762/1/6761
f 6762/1/6761 3707/1/3706 888/1/888 3897/1/3896
f 3656/1/3655 6762/1/6761 3897/1/3896 859/1/859
f 917/1/917 3736/1/3735 6763/1/6762 3747/1/3746
f 3736/1/3735 908/1/908 3721/1/3720 6763/1/6762
f 6763/1/6762 3721/1/3720 909/1/909 3737/1/3736
f 3747/1/3746 6763/1/6762 3737/1/3736 918/1/918
f 916/1/916 3735/1/3734 6764/1/6763 3746/1/3745
f 3735/1/3734 907/1/907 3722/1/3721 6764/1/6763
f 6764/1/6763 3722/1/3721 908/1/908 3736/1/3735
f 3746/1/3745 6764/1/6763 3736/1/3735 917/1/917
f 915/1/915 3734/1/3733 6765/1/6764 3745/1/3744
f 3734/1/3733 906/1/906 3723/1/3722 6765/1/6764
f 6765/1/6764 3723/1/3722 907/1/907 3735/1/3734
f 3745/1/3744 6765/1/6764 3735/1/3734 916/1/916
f 912/1/912 3731/1/3730 6766/1/6765 3744/1/3743
f 3731/1/3730 903/1/903 3724/1/3723 6766/1/6765
f 6766/1/6765 3724/1/3723 906/1/906 3734/1/3733
f 3744/1/3743 6766/1/6765 3734/1/3733 915/1/915
f 911/1/911 3730/1/3729 6767/1/6766 3743/1/3742
f 3730/1/3729 902/1/902 3725/1/3724 6767/1/6766
f 6767/1/6766 3725/1/3724 905/1/905 3733/1/3732
f 3743/1/3742 6767/1/6766 3733/1/3732 914/1/914
f 1016/1/1016 3937/1/3936 6768/1/6767 3742/1/3741
f 3937/1/3936 1014/1/1014 3726/1/3725 6768/1/6767
f 6768/1/6767 3726/1/3725 904/1/904 3732/1/3731
f 3742/1/3741 6768/1/6767 3732/1/3731 913/1/913
f 914/1/914 3733/1/3732 6769/1/6768 3741/1/3740
f 3733/1/3732 905/1/905 3727/1/3726 6769/1/6768
f 6769/1/6768 3727/1/3726 903/1/903 3731/1/3730
f 3741/1/3740 6769/1/6768 3731/1/3730 912/1/912
f 911/1/911 3740/1/3739 6770/1/6769 3730/1/3729
f 3740/1/3739 920/1/920 3710/1/3709 6770/1/6769
f 6770/1/6769 3710/1/3709 901/1/901 3728/1/3727
f 3730/1/3729 6770/1/6769 3728/1/3727 902/1/902
f 868/1/868 3654/1/3653 6771/1/6770 3901/1/3900
f 3654/1/3653 899/1/899 3900/1/3899 6771/1/6770
f 6771/1/6770 3900/1/3899 869/1/869 3655/1/3654
f 3901/1/3900 6771/1/6770 3655/1/3654 900/1/900
f 889/1/889 3670/1/3669 6772/1/6771 3719/1/3718
f 3670/1/3669 888/1/888 3707/1/3706 6772/1/6771
f 6772/1/6771 3707/1/3706 899/1/899 3729/1/3728
f 3719/1/3718 6772/1/6771 3729/1/3728 910/1/910
f 689/1/689 3312/1/3312 6773/1/6772 3360/1/3360
f 3312/1/3312 690/1/690 3739/1/3738 6773/1/6772
f 6773/1/6772 3739/1/3738 920/1/920 3740/1/3739
f 3360/1/3360 6773/1/6772 3740/1/3739 911/1/911
f 787/1/787 3501/1/3500 6774/1/6773 3452/1/3451
f 3501/1/3500 914/1/914 3741/1/3740 6774/1/6773
f 6774/1/6773 3741/1/3740 912/1/912 3439/1/3438
f 3452/1/3451 6774/1/6773 3439/1/3438 751/1/751
f 994/1/994 3935/1/3934 6775/1/6774 3480/1/3479
f 3935/1/3934 1016/1/1016 3742/1/3741 6775/1/6774
f 6775/1/6774 3742/1/3741 913/1/913 3467/1/3466
f 3480/1/3479 6775/1/6774 3467/1/3466 765/1/765
f 689/1/689 3360/1/3360 6776/1/6775 3494/1/3493
f 3360/1/3360 911/1/911 3743/1/3742 6776/1/6775
f 6776/1/6775 3743/1/3742 914/1/914 3501/1/3500
f 3494/1/3493 6776/1/6775 3501/1/3500 787/1/787
f 751/1/751 3439/1/3438 6777/1/6776 3546/1/3545
f 3439/1/3438 912/1/912 3744/1/3743 6777/1/6776
f 6777/1/6776 3744/1/3743 915/1/915 3586/1/3585
f 3546/1/3545 6777/1/6776 3586/1/3585 825/1/825
f 825/1/825 3586/1/3585 6778/1/6777 3547/1/3546
f 3586/1/3585 915/1/915 3745/1/3744 6778/1/6777
f 6778/1/6777 3745/1/3744 916/1/916 3587/1/3586
f 3547/1/3546 6778/1/6777 3587/1/3586 826/1/826
f 826/1/826 3587/1/3586 6779/1/6778 3548/1/3547
f 3587/1/3586 916/1/916 3746/1/3745 6779/1/6778
f 6779/1/6778 3746/1/3745 917/1/917 3588/1/3587
f 3548/1/3547 6779/1/6778 3588/1/3587 827/1/827
f 827/1/827 3588/1/3587 6780/1/6779 3549/1/3548
f 3588/1/3587 917/1/917 3747/1/3746 6780/1/6779
f 6780/1/6779 3747/1/3746 918/1/918 3589/1/3588
f 3549/1/3548 6780/1/6779 3589/1/3588 828/1/828
f 765/1/765 3467/1/3466 6781/1/6780 3647/1/3646
f 3467/1/3466 913/1/913 3748/1/3747 6781/1/6780
f 6781/1/6780 3748/1/3747 919/1/919 3706/1/3705
f 3647/1/3646 6781/1/6780 3706/1/3705 865/1/865
f 868/1/868 3749/1/3748 6782/1/6781 3654/1/3653
f 3749/1/3748 919/1/919 3738/1/3737 6782/1/6781
f 6782/1/6781 3738/1/3737 910/1/910 3729/1/3728
f 3654/1/3653 6782/1/6781 3729/1/3728 899/1/899
f 865/1/865 3706/1/3705 6783/1/6782 3702/1/3701
f 3706/1/3705 919/1/919 3749/1/3748 6783/1/6782
f 6783/1/6782 3749/1/3748 868/1/868 3709/1/3708
f 3702/1/3701 6783/1/6782 3709/1/3708 898/1/898
f 968/1/968 3884/1/3883 6784/1/6783 3850/1/3849
f 3884/1/3883 967/1/967 3768/1/3767 6784/1/6783
f 6784/1/6783 3768/1/3767 924/1/924 3756/1/3755
f 3850/1/3849 6784/1/6783 3756/1/3755 929/1/929
f 970/1/970 3883/1/3882 6785/1/6784 3852/1/3851
f 3883/1/3882 969/1/969 3770/1/3769 6785/1/6784
f 6785/1/6784 3770/1/3769 931/1/931 3766/1/3765
f 3852/1/3851 6785/1/6784 3766/1/3765 937/1/937
f 972/1/972 3882/1/3881 6786/1/6785 3854/1/3853
f 3882/1/3881 971/1/971 3772/1/3771 6786/1/6785
f 6786/1/6785 3772/1/3771 922/1/922 3751/1/3750
f 3854/1/3853 6786/1/6785 3751/1/3750 923/1/923
f 973/1/973 3881/1/3880 6787/1/6786 3855/1/3854
f 3881/1/3880 968/1/968 3850/1/3849 6787/1/6786
f 6787/1/6786 3850/1/3849 929/1/929 3757/1/3756
f 3855/1/3854 6787/1/6786 3757/1/3756 930/1/930
f 975/1/975 3880/1/3879 6788/1/6787 3857/1/3856
f 3880/1/3879 974/1/974 3775/1/3774 6788/1/6787
f 6788/1/6787 3775/1/3774 938/1/938 3767/1/3766
f 3857/1/3856 6788/1/6787 3767/1/3766 921/1/921
f 967/1/967 3879/1/3878 6789/1/6788 3768/1/3767
f 3879/1/3878 976/1/976 3777/1/3776 6789/1/6788
f 6789/1/6788 3777/1/3776 935/1/935 3762/1/3761
f 3768/1/3767 6789/1/6788 3762/1/3761 924/1/924
f 969/1/969 3878/1/3877 6790/1/6789 3770/1/3769
f 3878/1/3877 977/1/977 3778/1/3777 6790/1/6789
f 6790/1/6789 3778/1/3777 932/1/932 3758/1/3757
f 3770/1/3769 6790/1/6789 3758/1/3757 931/1/931
f 976/1/976 3877/1/3876 6791/1/6790 3777/1/3776
f 3877/1/3876 978/1/978 3779/1/3778 6791/1/6790
f 6791/1/6790 3779/1/3778 936/1/936 3763/1/3762
f 3777/1/3776 6791/1/6790 3763/1/3762 935/1/935
f 977/1/977 3876/1/3875 6792/1/6791 3778/1/3777
f 3876/1/3875 979/1/979 3780/1/3779 6792/1/6791
f 6792/1/6791 3780/1/3779 933/1/933 3759/1/3758
f 3778/1/3777 6792/1/6791 3759/1/3758 932/1/932
f 980/1/980 3875/1/3874 6793/1/6792 3862/1/3861
f 3875/1/3874 973/1/973 3855/1/3854 6793/1/6792
f 6793/1/6792 3855/1/3854 930/1/930 3752/1/3751
f 3862/1/3861 6793/1/6792 3752/1/3751 925/1/925
f 982/1/982 3874/1/3873 6794/1/6793 3864/1/3863
f 3874/1/3873 981/1/981 3782/1/3781 6794/1/6793
f 6794/1/6793 3782/1/3781 928/1/928 3760/1/3759
f 3864/1/3863 6794/1/6793 3760/1/3759 934/1/934
f 984/1/984 3873/1/3872 6795/1/6794 3866/1/3865
f 3873/1/3872 983/1/983 3784/1/3783 6795/1/6794
f 6795/1/6794 3784/1/3783 926/1/926 3753/1/3752
f 3866/1/3865 6795/1/6794 3753/1/3752 927/1/927
f 978/1/978 3872/1/3871 6796/1/6795 3779/1/3778
f 3872/1/3871 972/1/972 3854/1/3853 6796/1/6795
f 6796/1/6795 3854/1/3853 923/1/923 3764/1/3763
f 3779/1/3778 6796/1/6795 3764/1/3763 936/1/936
f 979/1/979 3871/1/3870 6797/1/6796 3780/1/3779
f 3871/1/3870 982/1/982 3864/1/3863 6797/1/6796
f 6797/1/6796 3864/1/3863 934/1/934 3761/1/3760
f 3780/1/3779 6797/1/6796 3761/1/3760 933/1/933
f 981/1/981 3870/1/3869 6798/1/6797 3782/1/3781
f 3870/1/3869 984/1/984 3866/1/3865 6798/1/6797
f 6798/1/6797 3866/1/3865 927/1/927 3754/1/3753
f 3782/1/3781 6798/1/6797 3754/1/3753 928/1/928
f 983/1/983 3869/1/3868 6799/1/6798 3784/1/3783
f 3869/1/3868 980/1/980 3862/1/3861 6799/1/6798
f 6799/1/6798 3862/1/3861 925/1/925 3755/1/3754
f 3784/1/3783 6799/1/6798 3755/1/3754 926/1/926
f 974/1/974 3868/1/3867 6800/1/6799 3775/1/3774
f 3868/1/3867 970/1/970 3852/1/3851 6800/1/6799
f 6800/1/6799 3852/1/3851 937/1/937 3765/1/3764
f 3775/1/3774 6800/1/6799 3765/1/3764 938/1/938
f 971/1/971 3867/1/3866 6801/1/6800 3772/1/3771
f 3867/1/3866 975/1/975 3857/1/3856 6801/1/6800
f 6801/1/6800 3857/1/3856 921/1/921 3750/1/3749
f 3772/1/3771 6801/1/6800 3750/1/3749 922/1/922
f 934/1/934 3760/1/3759 6802/1/6801 3805/1/3804
f 3760/1/3759 928/1/928 3804/1/3803 6802/1/6801
f 6802/1/6801 3804/1/3803 946/1/946 3796/1/3795
f 3805/1/3804 6802/1/6801 3796/1/3795 952/1/952
f 927/1/927 3753/1/3752 6803/1/6802 3807/1/3806
f 3753/1/3752 926/1/926 3806/1/3805 6803/1/6802
f 6803/1/6802 3806/1/3805 944/1/944 3789/1/3788
f 3807/1/3806 6803/1/6802 3789/1/3788 945/1/945
f 933/1/933 3761/1/3760 6804/1/6803 3808/1/3807
f 3761/1/3760 934/1/934 3805/1/3804 6804/1/6803
f 6804/1/6803 3805/1/3804 952/1/952 3797/1/3796
f 3808/1/3807 6804/1/6803 3797/1/3796 951/1/951
f 928/1/928 3754/1/3753 6805/1/6804 3804/1/3803
f 3754/1/3753 927/1/927 3807/1/3806 6805/1/6804
f 6805/1/6804 3807/1/3806 945/1/945 3790/1/3789
f 3804/1/3803 6805/1/6804 3790/1/3789 946/1/946
f 924/1/924 3762/1/3761 6806/1/6805 3810/1/3809
f 3762/1/3761 935/1/935 3809/1/3808 6806/1/6805
f 6806/1/6805 3809/1/3808 953/1/953 3798/1/3797
f 3810/1/3809 6806/1/6805 3798/1/3797 942/1/942
f 926/1/926 3755/1/3754 6807/1/6806 3806/1/3805
f 3755/1/3754 925/1/925 3811/1/3810 6807/1/6806
f 6807/1/6806 3811/1/3810 943/1/943 3791/1/3790
f 3806/1/3805 6807/1/6806 3791/1/3790 944/1/944
f 935/1/935 3763/1/3762 6808/1/6807 3809/1/3808
f 3763/1/3762 936/1/936 3812/1/3811 6808/1/6807
f 6808/1/6807 3812/1/3811 954/1/954 3799/1/3798
f 3809/1/3808 6808/1/6807 3799/1/3798 953/1/953
f 929/1/929 3756/1/3755 6809/1/6808 3813/1/3812
f 3756/1/3755 924/1/924 3810/1/3809 6809/1/6808
f 6809/1/6808 3810/1/3809 942/1/942 3792/1/3791
f 3813/1/3812 6809/1/6808 3792/1/3791 947/1/947
f 936/1/936 3764/1/3763 6810/1/6809 3812/1/3811
f 3764/1/3763 923/1/923 3814/1/3813 6810/1/6809
f 6810/1/6809 3814/1/3813 941/1/941 3800/1/3799
f 3812/1/3811 6810/1/6809 3800/1/3799 954/1/954
f 930/1/930 3757/1/3756 6811/1/6810 3815/1/3814
f 3757/1/3756 929/1/929 3813/1/3812 6811/1/6810
f 6811/1/6810 3813/1/3812 947/1/947 3793/1/3792
f 3815/1/3814 6811/1/6810 3793/1/3792 948/1/948
f 922/1/922 3750/1/3749 6812/1/6811 3817/1/3816
f 3750/1/3749 921/1/921 3816/1/3815 6812/1/6811
f 6812/1/6811 3816/1/3815 939/1/939 3786/1/3785
f 3817/1/3816 6812/1/6811 3786/1/3785 940/1/940
f 938/1/938 3765/1/3764 6813/1/6812 3819/1/3818
f 3765/1/3764 937/1/937 3818/1/3817 6813/1/6812
f 6813/1/6812 3818/1/3817 955/1/955 3801/1/3800
f 3819/1/3818 6813/1/6812 3801/1/3800 956/1/956
f 931/1/931 3758/1/3757 6814/1/6813 3821/1/3820
f 3758/1/3757 932/1/932 3820/1/3819 6814/1/6813
f 6814/1/6813 3820/1/3819 950/1/950 3794/1/3793
f 3821/1/3820 6814/1/6813 3794/1/3793 949/1/949
f 923/1/923 3751/1/3750 6815/1/6814 3814/1/3813
f 3751/1/3750 922/1/922 3817/1/3816 6815/1/6814
f 6815/1/6814 3817/1/3816 940/1/940 3787/1/3786
f 3814/1/3813 6815/1/6814 3787/1/3786 941/1/941
f 937/1/937 3766/1/3765 6816/1/6815 3818/1/3817
f 3766/1/3765 931/1/931 3821/1/3820 6816/1/6815
f 6816/1/6815 3821/1/3820 949/1/949 3802/1/3801
f 3818/1/3817 6816/1/6815 3802/1/3801 955/1/955
f 932/1/932 3759/1/3758 6817/1/6816 3820/1/3819
f 3759/1/3758 933/1/933 3808/1/3807 6817/1/6816
f 6817/1/6816 3808/1/3807 951/1/951 3795/1/3794
f 3820/1/3819 6817/1/6816 3795/1/3794 950/1/950
f 925/1/925 3752/1/3751 6818/1/6817 3811/1/3810
f 3752/1/3751 930/1/930 3815/1/3814 6818/1/6817
f 6818/1/6817 3815/1/3814 948/1/948 3788/1/3787
f 3811/1/3810 6818/1/6817 3788/1/3787 943/1/943
f 921/1/921 3767/1/3766 6819/1/6818 3816/1/3815
f 3767/1/3766 938/1/938 3819/1/3818 6819/1/6818
f 6819/1/6818 3819/1/3818 956/1/956 3803/1/3802
f 3816/1/3815 6819/1/6818 3803/1/3802 939/1/939
f 941/1/941 3822/1/3821 6820/1/6819 3800/1/3799
f 3822/1/3821 957/1/957 3823/1/3822 6820/1/6819
f 6820/1/6819 3823/1/3822 953/1/953 3799/1/3798
f 3800/1/3799 6820/1/6819 3799/1/3798 954/1/954
f 957/1/957 3824/1/3823 6821/1/6820 3823/1/3822
f 3824/1/3823 959/1/959 3825/1/3824 6821/1/6820
f 6821/1/6820 3825/1/3824 942/1/942 3798/1/3797
f 3823/1/3822 6821/1/6820 3798/1/3797 953/1/953
f 959/1/959 3826/1/3825 6822/1/6821 3825/1/3824
f 3826/1/3825 961/1/961 3827/1/3826 6822/1/6821
f 6822/1/6821 3827/1/3826 947/1/947 3792/1/3791
f 3825/1/3824 6822/1/6821 3792/1/3791 942/1/942
f 961/1/961 3828/1/3827 6823/1/6822 3827/1/3826
f 3828/1/3827 963/1/963 3829/1/3828 6823/1/6822
f 6823/1/6822 3829/1/3828 948/1/948 3793/1/3792
f 3827/1/3826 6823/1/6822 3793/1/3792 947/1/947
f 963/1/963 3830/1/3829 6824/1/6823 3829/1/3828
f 3830/1/3829 965/1/965 3831/1/3830 6824/1/6823
f 6824/1/6823 3831/1/3830 943/1/943 3788/1/3787
f 3829/1/3828 6824/1/6823 3788/1/3787 948/1/948
f 965/1/965 3832/1/3831 6825/1/6824 3831/1/3830
f 3832/1/3831 945/1/945 3789/1/3788 6825/1/6824
f 6825/1/6824 3789/1/3788 944/1/944 3791/1/3790
f 3831/1/3830 6825/1/6824 3791/1/3790 943/1/943
f 940/1/940 3833/1/3832 6826/1/6825 3787/1/3786
f 3833/1/3832 958/1/958 3834/1/3833 6826/1/6825
f 6826/1/6825 3834/1/3833 957/1/957 3822/1/3821
f 3787/1/3786 6826/1/6825 3822/1/3821 941/1/941
f 958/1/958 3835/1/3834 6827/1/6826 3834/1/3833
f 3835/1/3834 960/1/960 3836/1/3835 6827/1/6826
f 6827/1/6826 3836/1/3835 959/1/959 3824/1/3823
f 3834/1/3833 6827/1/6826 3824/1/3823 957/1/957
f 960/1/960 3837/1/3836 6828/1/6827 3836/1/3835
f 3837/1/3836 962/1/962 3838/1/3837 6828/1/6827
f 6828/1/6827 3838/1/3837 961/1/961 3826/1/3825
f 3836/1/3835 6828/1/6827 3826/1/3825 959/1/959
f 962/1/962 3839/1/3838 6829/1/6828 3838/1/3837
f 3839/1/3838 964/1/964 3840/1/3839 6829/1/6828
f 6829/1/6828 3840/1/3839 963/1/963 3828/1/3827
f 3838/1/3837 6829/1/6828 3828/1/3827 961/1/961
f 964/1/964 3841/1/3840 6830/1/6829 3840/1/3839
f 3841/1/3840 966/1/966 3842/1/3841 6830/1/6829
f 6830/1/6829 3842/1/3841 965/1/965 3830/1/3829
f 3840/1/3839 6830/1/6829 3830/1/3829 963/1/963
f 966/1/966 3843/1/3842 6831/1/6830 3842/1/3841
f 3843/1/3842 946/1/946 3790/1/3789 6831/1/6830
f 6831/1/6830 3790/1/3789 945/1/945 3832/1/3831
f 3842/1/3841 6831/1/6830 3832/1/3831 965/1/965
f 939/1/939 3803/1/3802 6832/1/6831 3786/1/3785
f 3803/1/3802 956/1/956 3844/1/3843 6832/1/6831
f 6832/1/6831 3844/1/3843 958/1/958 3833/1/3832
f 3786/1/3785 6832/1/6831 3833/1/3832 940/1/940
f 956/1/956 3801/1/3800 6833/1/6832 3844/1/3843
f 3801/1/3800 955/1/955 3845/1/3844 6833/1/6832
f 6833/1/6832 3845/1/3844 960/1/960 3835/1/3834
f 3844/1/3843 6833/1/6832 3835/1/3834 958/1/958
f 955/1/955 3802/1/3801 6834/1/6833 3845/1/3844
f 3802/1/3801 949/1/949 3846/1/3845 6834/1/6833
f 6834/1/6833 3846/1/3845 962/1/962 3837/1/3836
f 3845/1/3844 6834/1/6833 3837/1/3836 960/1/960
f 949/1/949 3794/1/3793 6835/1/6834 3846/1/3845
f 3794/1/3793 950/1/950 3847/1/3846 6835/1/6834
f 6835/1/6834 3847/1/3846 964/1/964 3839/1/3838
f 3846/1/3845 6835/1/6834 3839/1/3838 962/1/962
f 950/1/950 3795/1/3794 6836/1/6835 3847/1/3846
f 3795/1/3794 951/1/951 3848/1/3847 6836/1/6835
f 6836/1/6835 3848/1/3847 966/1/966 3841/1/3840
f 3847/1/3846 6836/1/6835 3841/1/3840 964/1/964
f 951/1/951 3797/1/3796 6837/1/6836 3848/1/3847
f 3797/1/3796 952/1/952 3796/1/3795 6837/1/6836
f 6837/1/6836 3796/1/3795 946/1/946 3843/1/3842
f 3848/1/3847 6837/1/6836 3843/1/3842 966/1/966
f 850/1/850 3626/1/3625 6838/1/6837 3853/1/3852
f 3626/1/3625 849/1/849 3776/1/3775 6838/1/6837
f 6838/1/6837 3776/1/3775 975/1/975 3867/1/3866
f 3853/1/3852 6838/1/6837 3867/1/3866 971/1/971
f 900/1/900 3655/1/3654 6839/1/6838 3856/1/3855
f 3655/1/3654 869/1/869 3771/1/3770 6839/1/6838
f 6839/1/6838 3771/1/3770 970/1/970 3868/1/3867
f 3856/1/3855 6839/1/6838 3868/1/3867 974/1/974
f 854/1/854 3632/1/3631 6840/1/6839 3865/1/3864
f 3632/1/3631 853/1/853 3781/1/3780 6840/1/6839
f 6840/1/6839 3781/1/3780 980/1/980 3869/1/3868
f 3865/1/3864 6840/1/6839 3869/1/3868 983/1/983
f 856/1/856 3631/1/3630 6841/1/6840 3863/1/3862
f 3631/1/3630 855/1/855 3785/1/3784 6841/1/6840
f 6841/1/6840 3785/1/3784 984/1/984 3870/1/3869
f 3863/1/3862 6841/1/6840 3870/1/3869 981/1/981
f 861/1/861 3638/1/3637 6842/1/6841 3861/1/3860
f 3638/1/3637 862/1/862 3783/1/3782 6842/1/6841
f 6842/1/6841 3783/1/3782 982/1/982 3871/1/3870
f 3861/1/3860 6842/1/6841 3871/1/3870 979/1/979
f 867/1/867 3653/1/3652 6843/1/6842 3860/1/3859
f 3653/1/3652 851/1/851 3773/1/3772 6843/1/6842
f 6843/1/6842 3773/1/3772 972/1/972 3872/1/3871
f 3860/1/3859 6843/1/6842 3872/1/3871 978/1/978
f 855/1/855 3630/1/3629 6844/1/6843 3785/1/3784
f 3630/1/3629 854/1/854 3865/1/3864 6844/1/6843
f 6844/1/6843 3865/1/3864 983/1/983 3873/1/3872
f 3785/1/3784 6844/1/6843 3873/1/3872 984/1/984
f 862/1/862 3637/1/3636 6845/1/6844 3783/1/3782
f 3637/1/3636 856/1/856 3863/1/3862 6845/1/6844
f 6845/1/6844 3863/1/3862 981/1/981 3874/1/3873
f 3783/1/3782 6845/1/6844 3874/1/3873 982/1/982
f 853/1/853 3629/1/3628 6846/1/6845 3781/1/3780
f 3629/1/3628 858/1/858 3774/1/3773 6846/1/6845
f 6846/1/6845 3774/1/3773 973/1/973 3875/1/3874
f 3781/1/3780 6846/1/6845 3875/1/3874 980/1/980
f 860/1/860 3636/1/3635 6847/1/6846 3859/1/3858
f 3636/1/3635 861/1/861 3861/1/3860 6847/1/6846
f 6847/1/6846 3861/1/3860 979/1/979 3876/1/3875
f 3859/1/3858 6847/1/6846 3876/1/3875 977/1/977
f 866/1/866 3652/1/3651 6848/1/6847 3858/1/3857
f 3652/1/3651 867/1/867 3860/1/3859 6848/1/6847
f 6848/1/6847 3860/1/3859 978/1/978 3877/1/3876
f 3858/1/3857 6848/1/6847 3877/1/3876 976/1/976
f 859/1/859 3635/1/3634 6849/1/6848 3851/1/3850
f 3635/1/3634 860/1/860 3859/1/3858 6849/1/6848
f 6849/1/6848 3859/1/3858 977/1/977 3878/1/3877
f 3851/1/3850 6849/1/6848 3878/1/3877 969/1/969
f 852/1/852 3651/1/3650 6850/1/6849 3849/1/3848
f 3651/1/3650 866/1/866 3858/1/3857 6850/1/6849
f 6850/1/6849 3858/1/3857 976/1/976 3879/1/3878
f 3849/1/3848 6850/1/6849 3879/1/3878 967/1/967
f 849/1/849 3708/1/3707 6851/1/6850 3776/1/3775
f 3708/1/3707 900/1/900 3856/1/3855 6851/1/6850
f 6851/1/6850 3856/1/3855 974/1/974 3880/1/3879
f 3776/1/3775 6851/1/6850 3880/1/3879 975/1/975
f 858/1/858 3634/1/3633 6852/1/6851 3774/1/3773
f 3634/1/3633 857/1/857 3769/1/3768 6852/1/6851
f 6852/1/6851 3769/1/3768 968/1/968 3881/1/3880
f 3774/1/3773 6852/1/6851 3881/1/3880 973/1/973
f 851/1/851 3627/1/3626 6853/1/6852 3773/1/3772
f 3627/1/3626 850/1/850 3853/1/3852 6853/1/6852
f 6853/1/6852 3853/1/3852 971/1/971 3882/1/3881
f 3773/1/3772 6853/1/6852 3882/1/3881 972/1/972
f 869/1/869 3656/1/3655 6854/1/6853 3771/1/3770
f 3656/1/3655 859/1/859 3851/1/3850 6854/1/6853
f 6854/1/6853 3851/1/3850 969/1/969 3883/1/3882
f 3771/1/3770 6854/1/6853 3883/1/3882 970/1/970
f 857/1/857 3633/1/3632 6855/1/6854 3769/1/3768
f 3633/1/3632 852/1/852 3849/1/3848 6855/1/6854
f 6855/1/6854 3849/1/3848 967/1/967 3884/1/3883
f 3769/1/3768 6855/1/6854 3884/1/3883 968/1/968
f 828/1/828 3589/1/3588 6856/1/6855 3910/1/3909
f 3589/1/3588 918/1/918 3932/1/3931 6856/1/6855
f 6856/1/6855 3932/1/3931 1015/1/1015 3934/1/3933
f 3910/1/3909 6856/1/6855 3934/1/3933 993/1/993
f 993/1/993 3934/1/3933 6857/1/6856 3911/1/3910
f 3934/1/3933 1015/1/1015 3933/1/3932 6857/1/6856
f 6857/1/6856 3933/1/3932 1016/1/1016 3935/1/3934
f 3911/1/3910 6857/1/6856 3935/1/3934 994/1/994
f 918/1/918 3737/1/3736 6858/1/6857 3932/1/3931
f 3737/1/3736 909/1/909 3930/1/3929 6858/1/6857
f 6858/1/6857 3930/1/3929 1013/1/1013 3936/1/3935
f 3932/1/3931 6858/1/6857 3936/1/3935 1015/1/1015
f 1015/1/1015 3936/1/3935 6859/1/6858 3933/1/3932
f 3936/1/3935 1013/1/1013 3931/1/3930 6859/1/6858
f 6859/1/6858 3931/1/3930 1014/1/1014 3937/1/3936
f 3933/1/3932 6859/1/6858 3937/1/3936 1016/1/1016
f 848/1/848 3573/1/3572 6860/1/6859 3914/1/3913
f 3573/1/3572 809/1/809 3530/1/3529 6860/1/6859
f 6860/1/6859 3530/1/3529 1004/1/1004 3938/1/3937
f 3914/1/3913 6860/1/6859 3938/1/3937 997/1/997
f 997/1/997 3938/1/3937 6861/1/6860 3915/1/3914
f 3938/1/3937 1004/1/1004 3921/1/3920 6861/1/6860
f 6861/1/6860 3921/1/3920 1003/1/1003 3939/1/3938
f 3915/1/3914 6861/1/6860 3939/1/3938 998/1/998
f 816/1/816 3577/1/3576 6862/1/6861 3906/1/3905
f 3577/1/3576 833/1/833 3554/1/3553 6862/1/6861
f 6862/1/6861 3554/1/3553 1010/1/1010 3940/1/3939
f 3906/1/3905 6862/1/6861 3940/1/3939 989/1/989
f 989/1/989 3940/1/3939 6863/1/6862 3907/1/3906
f 3940/1/3939 1010/1/1010 3927/1/3926 6863/1/6862
f 6863/1/6862 3927/1/3926 1009/1/1009 3941/1/3940
f 3907/1/3906 6863/1/6862 3941/1/3940 990/1/990
f 844/1/844 3581/1/3580 6864/1/6863 3912/1/3911
f 3581/1/3580 848/1/848 3914/1/3913 6864/1/6863
f 6864/1/6863 3914/1/3913 997/1/997 3942/1/3941
f 3912/1/3911 6864/1/6863 3942/1/3941 995/1/995
f 995/1/995 3942/1/3941 6865/1/6864 3913/1/3912
f 3942/1/3941 997/1/997 3915/1/3914 6865/1/6864
f 6865/1/6864 3915/1/3914 998/1/998 3943/1/3942
f 3913/1/3912 6865/1/6864 3943/1/3942 996/1/996
f 820/1/820 3585/1/3584 6866/1/6865 3908/1/3907
f 3585/1/3584 837/1/837 3558/1/3557 6866/1/6865
f 6866/1/6865 3558/1/3557 1012/1/1012 3944/1/3943
f 3908/1/3907 6866/1/6865 3944/1/3943 991/1/991
f 991/1/991 3944/1/3943 6867/1/6866 3909/1/3908
f 3944/1/3943 1012/1/1012 3929/1/3928 6867/1/6866
f 6867/1/6866 3929/1/3928 1011/1/1011 3945/1/3944
f 3909/1/3908 6867/1/6866 3945/1/3944 992/1/992
f 909/1/909 3718/1/3717 6868/1/6867 3930/1/3929
f 3718/1/3717 844/1/844 3912/1/3911 6868/1/6867
f 6868/1/6867 3912/1/3911 995/1/995 3946/1/3945
f 3930/1/3929 6868/1/6867 3946/1/3945 1013/1/1013
f 1013/1/1013 3946/1/3945 6869/1/6868 3931/1/3930
f 3946/1/3945 995/1/995 3913/1/3912 6869/1/6868
f 6869/1/6868 3913/1/3912 996/1/996 3947/1/3946
f 3931/1/3930 6869/1/6868 3947/1/3946 1014/1/1014
f 837/1/837 3593/1/3592 6870/1/6869 3558/1/3557
f 3593/1/3592 829/1/829 3550/1/3549 6870/1/6869
f 6870/1/6869 3550/1/3549 1008/1/1008 3948/1/3947
f 3558/1/3557 6870/1/6869 3948/1/3947 1012/1/1012
f 1012/1/1012 3948/1/3947 6871/1/6870 3929/1/3928
f 3948/1/3947 1008/1/1008 3925/1/3924 6871/1/6870
f 6871/1/6870 3925/1/3924 1007/1/1007 3949/1/3948
f 3929/1/3928 6871/1/6870 3949/1/3948 1011/1/1011
f 833/1/833 3597/1/3596 6872/1/6871 3554/1/3553
f 3597/1/3596 821/1/821 3542/1/3541 6872/1/6871
f 6872/1/6871 3542/1/3541 1006/1/1006 3950/1/3949
f 3554/1/3553 6872/1/6871 3950/1/3949 1010/1/1010
f 1010/1/1010 3950/1/3949 6873/1/6872 3927/1/3926
f 3950/1/3949 1006/1/1006 3923/1/3922 6873/1/6872
f 6873/1/6872 3923/1/3922 1005/1/1005 3951/1/3950
f 3927/1/3926 6873/1/6872 3951/1/3950 1009/1/1009
f 829/1/829 3601/1/3600 6874/1/6873 3550/1/3549
f 3601/1/3600 828/1/828 3910/1/3909 6874/1/6873
f 6874/1/6873 3910/1/3909 993/1/993 3952/1/3951
f 3550/1/3549 6874/1/6873 3952/1/3951 1008/1/1008
f 1008/1/1008 3952/1/3951 6875/1/6874 3925/1/3924
f 3952/1/3951 993/1/993 3911/1/3910 6875/1/6874
f 6875/1/6874 3911/1/3910 994/1/994 3953/1/3952
f 3925/1/3924 6875/1/6874 3953/1/3952 1007/1/1007
f 821/1/821 3605/1/3604 6876/1/6875 3542/1/3541
f 3605/1/3604 820/1/820 3908/1/3907 6876/1/6875
f 6876/1/6875 3908/1/3907 991/1/991 3954/1/3953
f 3542/1/3541 6876/1/6875 3954/1/3953 1006/1/1006
f 1006/1/1006 3954/1/3953 6877/1/6876 3923/1/3922
f 3954/1/3953 991/1/991 3909/1/3908 6877/1/6876
f 6877/1/6876 3909/1/3908 992/1/992 3955/1/3954
f 3923/1/3922 6877/1/6876 3955/1/3954 1005/1/1005
f 796/1/796 3609/1/3608 6878/1/6877 3902/1/3901
f 3609/1/3608 816/1/816 3906/1/3905 6878/1/6877
f 6878/1/6877 3906/1/3905 989/1/989 3956/1/3955
f 3902/1/3901 6878/1/6877 3956/1/3955 985/1/985
f 985/1/985 3956/1/3955 6879/1/6878 3903/1/3902
f 3956/1/3955 989/1/989 3907/1/3906 6879/1/6878
f 6879/1/6878 3907/1/3906 990/1/990 3957/1/3956
f 3903/1/3902 6879/1/6878 3957/1/3956 986/1/986
f 809/1/809 3613/1/3612 6880/1/6879 3530/1/3529
f 3613/1/3612 805/1/805 3526/1/3525 6880/1/6879
f 6880/1/6879 3526/1/3525 1002/1/1002 3958/1/3957
f 3530/1/3529 6880/1/6879 3958/1/3957 1004/1/1004
f 1004/1/1004 3958/1/3957 6881/1/6880 3921/1/3920
f 3958/1/3957 1002/1/1002 3919/1/3918 6881/1/6880
f 6881/1/6880 3919/1/3918 1001/1/1001 3959/1/3958
f 3921/1/3920 6881/1/6880 3959/1/3958 1003/1/1003
f 804/1/804 3617/1/3616 6882/1/6881 3904/1/3903
f 3617/1/3616 797/1/797 3518/1/3517 6882/1/6881
f 6882/1/6881 3518/1/3517 1000/1/1000 3960/1/3959
f 3904/1/3903 6882/1/6881 3960/1/3959 987/1/987
f 987/1/987 3960/1/3959 6883/1/6882 3905/1/3904
f 3960/1/3959 1000/1/1000 3917/1/3916 6883/1/6882
f 6883/1/6882 3917/1/3916 999/1/999 3961/1/3960
f 3905/1/3904 6883/1/6882 3961/1/3960 988/1/988
f 805/1/805 3621/1/3620 6884/1/6883 3526/1/3525
f 3621/1/3620 804/1/804 3904/1/3903 6884/1/6883
f 6884/1/6883 3904/1/3903 987/1/987 3962/1/3961
f 3526/1/3525 6884/1/6883 3962/1/3961 1002/1/1002
f 1002/1/1002 3962/1/3961 6885/1/6884 3919/1/3918
f 3962/1/3961 987/1/987 3905/1/3904 6885/1/6884
f 6885/1/6884 3905/1/3904 988/1/988 3963/1/3962
f 3919/1/3918 6885/1/6884 3963/1/3962 1001/1/1001
f 797/1/797 3625/1/3624 6886/1/6885 3518/1/3517
f 3625/1/3624 796/1/796 3902/1/3901 6886/1/6885
f 6886/1/6885 3902/1/3901 985/1/985 3964/1/3963
f 3518/1/3517 6886/1/6885 3964/1/3963 1000/1/1000
f 1000/1/1000 3964/1/3963 6887/1/6886 3917/1/3916
f 3964/1/3963 985/1/985 3903/1/3902 6887/1/6886
f 6887/1/6886 3903/1/3902 986/1/986 3965/1/3964
f 3917/1/3916 6887/1/6886 3965/1/3964 999/1/999
f 868/1/868 3901/1/3900 6888/1/6887 3709/1/3708
f 3901/1/3900 900/1/900 3708/1/3707 6888/1/6887
f 6888/1/6887 3708/1/3707 849/1/849 3890/1/3889
f 3709/1/3708 6888/1/6887 3890/1/3889 898/1/898
f 1032/1/1032 3980/1/3979 6889/1/6888 3977/1/3976
f 3980/1/3979 1033/1/1033 3997/1/3996 6889/1/6888
f 6889/1/6888 3997/1/3996 1018/1/1018 3966/1/3965
f 3977/1/3976 6889/1/6888 3966/1/3965 1017/1/1017
f 1033/1/1033 3981/1/3980 6890/1/6889 3997/1/3996
f 3981/1/3980 1035/1/1035 3979/1/3978 6890/1/6889
f 6890/1/6889 3979/1/3978 1019/1/1019 3995/1/3994
f 3997/1/3996 6890/1/6889 3995/1/3994 1018/1/1018
f 1035/1/1035 3982/1/3981 6891/1/6890 3979/1/3978
f 3982/1/3981 1037/1/1037 3996/1/3995 6891/1/6890
f 6891/1/6890 3996/1/3995 1020/1/1020 3967/1/3966
f 3979/1/3978 6891/1/6890 3967/1/3966 1019/1/1019
f 1037/1/1037 3983/1/3982 6892/1/6891 3996/1/3995
f 3983/1/3982 1039/1/1039 3978/1/3977 6892/1/6891
f 6892/1/6891 3978/1/3977 1021/1/1021 3968/1/3967
f 3996/1/3995 6892/1/6891 3968/1/3967 1020/1/1020
f 1039/1/1039 3984/1/3983 6893/1/6892 3978/1/3977
f 3984/1/3983 1023/1/1023 3969/1/3968 6893/1/6892
f 6893/1/6892 3969/1/3968 1022/1/1022 3994/1/3993
f 3978/1/3977 6893/1/6892 3994/1/3993 1021/1/1021
f 1138/1/1138 4208/1/4207 6894/1/6893 4204/1/4203
f 4208/1/4207 1150/1/1150 4210/1/4209 6894/1/6893
f 6894/1/6893 4210/1/4209 1146/1/1146 4182/1/4181
f 4204/1/4203 6894/1/6893 4182/1/4181 1139/1/1139
f 1031/1/1031 3985/1/3984 6895/1/6894 4184/1/4183
f 3985/1/3984 1034/1/1034 4185/1/4184 6895/1/6894
f 6895/1/6894 4185/1/4184 1033/1/1033 3980/1/3979
f 4184/1/4183 6895/1/6894 3980/1/3979 1032/1/1032
f 1034/1/1034 3986/1/3985 6896/1/6895 4185/1/4184
f 3986/1/3985 1036/1/1036 4186/1/4185 6896/1/6895
f 6896/1/6895 4186/1/4185 1035/1/1035 3981/1/3980
f 4185/1/4184 6896/1/6895 3981/1/3980 1033/1/1033
f 1036/1/1036 3987/1/3986 6897/1/6896 4186/1/4185
f 3987/1/3986 1038/1/1038 4187/1/4186 6897/1/6896
f 6897/1/6896 4187/1/4186 1037/1/1037 3982/1/3981
f 4186/1/4185 6897/1/6896 3982/1/3981 1035/1/1035
f 1038/1/1038 3988/1/3987 6898/1/6897 4187/1/4186
f 3988/1/3987 1040/1/1040 4188/1/4187 6898/1/6897
f 6898/1/6897 4188/1/4187 1039/1/1039 3983/1/3982
f 4187/1/4186 6898/1/6897 3983/1/3982 1037/1/1037
f 1042/1/1042 4008/1/4007 6899/1/6898 3976/1/3975
f 4008/1/4007 1043/1/1043 3990/1/3989 6899/1/6898
f 6899/1/6898 3990/1/3989 1034/1/1034 3985/1/3984
f 3976/1/3975 6899/1/6898 3985/1/3984 1031/1/1031
f 1043/1/1043 4007/1/4006 6900/1/6899 3990/1/3989
f 4007/1/4006 1044/1/1044 3991/1/3990 6900/1/6899
f 6900/1/6899 3991/1/3990 1036/1/1036 3986/1/3985
f 3990/1/3989 6900/1/6899 3986/1/3985 1034/1/1034
f 1044/1/1044 4006/1/4005 6901/1/6900 3991/1/3990
f 4006/1/4005 1045/1/1045 3992/1/3991 6901/1/6900
f 6901/1/6900 3992/1/3991 1038/1/1038 3987/1/3986
f 3991/1/3990 6901/1/6900 3987/1/3986 1036/1/1036
f 1045/1/1045 4005/1/4004 6902/1/6901 3992/1/3991
f 4005/1/4004 1046/1/1046 3993/1/3992 6902/1/6901
f 6902/1/6901 3993/1/3992 1040/1/1040 3988/1/3987
f 3992/1/3991 6902/1/6901 3988/1/3987 1038/1/1038
f 1046/1/1046 4004/1/4003 6903/1/6902 3993/1/3992
f 4004/1/4003 1041/1/1041 3998/1/3997 6903/1/6902
f 6903/1/6902 3998/1/3997 1024/1/1024 3989/1/3988
f 3993/1/3992 6903/1/6902 3989/1/3988 1040/1/1040
f 1129/1/1129 4177/1/4176 6904/1/6903 4202/1/4201
f 4177/1/4176 1144/1/1144 4205/1/4204 6904/1/6903
f 6904/1/6903 4205/1/4204 1143/1/1143 4176/1/4175
f 4202/1/4201 6904/1/6903 4176/1/4175 1128/1/1128
f 1018/1/1018 3995/1/3994 6905/1/6904 4264/1/4263
f 3995/1/3994 1019/1/1019 4263/1/4262 6905/1/6904
f 6905/1/6904 4263/1/4262 27/1/27 1997/1/1997
f 4264/1/4263 6905/1/6904 1997/1/1997 26/1/26
f 1020/1/1020 3968/1/3967 6906/1/6905 4266/1/4265
f 3968/1/3967 1021/1/1021 4265/1/4264 6906/1/6905
f 6906/1/6905 4265/1/4264 29/1/29 1995/1/1995
f 4266/1/4265 6906/1/6905 1995/1/1995 28/1/28
f 1017/1/1017 3966/1/3965 6907/1/6906 4267/1/4266
f 3966/1/3965 1018/1/1018 4264/1/4263 6907/1/6906
f 6907/1/6906 4264/1/4263 26/1/26 1993/1/1993
f 4267/1/4266 6907/1/6906 1993/1/1993 25/1/25
f 1019/1/1019 3967/1/3966 6908/1/6907 4263/1/4262
f 3967/1/3966 1020/1/1020 4266/1/4265 6908/1/6907
f 6908/1/6907 4266/1/4265 28/1/28 1994/1/1994
f 4263/1/4262 6908/1/6907 1994/1/1994 27/1/27
f 1026/1/1026 3971/1/3970 6909/1/6908 4003/1/4002
f 3971/1/3970 1025/1/1025 3970/1/3969 6909/1/6908
f 6909/1/6908 3970/1/3969 1041/1/1041 4004/1/4003
f 4003/1/4002 6909/1/6908 4004/1/4003 1046/1/1046
f 1027/1/1027 3972/1/3971 6910/1/6909 4002/1/4001
f 3972/1/3971 1026/1/1026 4003/1/4002 6910/1/6909
f 6910/1/6909 4003/1/4002 1046/1/1046 4005/1/4004
f 4002/1/4001 6910/1/6909 4005/1/4004 1045/1/1045
f 1028/1/1028 3973/1/3972 6911/1/6910 4001/1/4000
f 3973/1/3972 1027/1/1027 4002/1/4001 6911/1/6910
f 6911/1/6910 4002/1/4001 1045/1/1045 4006/1/4005
f 4001/1/4000 6911/1/6910 4006/1/4005 1044/1/1044
f 1029/1/1029 3974/1/3973 6912/1/6911 4000/1/3999
f 3974/1/3973 1028/1/1028 4001/1/4000 6912/1/6911
f 6912/1/6911 4001/1/4000 1044/1/1044 4007/1/4006
f 4000/1/3999 6912/1/6911 4007/1/4006 1043/1/1043
f 1030/1/1030 3975/1/3974 6913/1/6912 3999/1/3998
f 3975/1/3974 1029/1/1029 4000/1/3999 6913/1/6912
f 6913/1/6912 4000/1/3999 1043/1/1043 4008/1/4007
f 3999/1/3998 6913/1/6912 4008/1/4007 1042/1/1042
f 1042/1/1042 4013/1/4012 6914/1/6913 3999/1/3998
f 4013/1/4012 1051/1/1051 4011/1/4010 6914/1/6913
f 6914/1/6913 4011/1/4010 1048/1/1048 4012/1/4011
f 3999/1/3998 6914/1/6913 4012/1/4011 1030/1/1030
f 1017/1/1017 4015/1/4014 6915/1/6914 3977/1/3976
f 4015/1/4014 1047/1/1047 4010/1/4009 6915/1/6914
f 6915/1/6914 4010/1/4009 1050/1/1050 4014/1/4013
f 3977/1/3976 6915/1/6914 4014/1/4013 1032/1/1032
f 1031/1/1031 4016/1/4015 6916/1/6915 3976/1/3975
f 4016/1/4015 1049/1/1049 4009/1/4008 6916/1/6915
f 6916/1/6915 4009/1/4008 1051/1/1051 4013/1/4012
f 3976/1/3975 6916/1/6915 4013/1/4012 1042/1/1042
f 1021/1/1021 3994/1/3993 6917/1/6916 4265/1/4264
f 3994/1/3993 1022/1/1022 4268/1/4267 6917/1/6916
f 6917/1/6916 4268/1/4267 30/1/30 1996/1/1996
f 4265/1/4264 6917/1/6916 1996/1/1996 29/1/29
f 1040/1/1040 3989/1/3988 6918/1/6917 4188/1/4187
f 3989/1/3988 1024/1/1024 4183/1/4182 6918/1/6917
f 6918/1/6917 4183/1/4182 1023/1/1023 3984/1/3983
f 4188/1/4187 6918/1/6917 3984/1/3983 1039/1/1039
f 1073/1/1073 4052/1/4051 6919/1/6918 4057/1/4056
f 4052/1/4051 1061/1/1061 4024/1/4023 6919/1/6918
f 6919/1/6918 4024/1/4023 1052/1/1052 4017/1/4016
f 4057/1/4056 6919/1/6918 4017/1/4016 1072/1/1072
f 1186/1/1186 4330/1/4329 6920/1/6919 4312/1/4311
f 4330/1/4329 1185/1/1185 4039/1/4038 6920/1/6919
f 6920/1/6919 4039/1/4038 1069/1/1069 4032/1/4031
f 4312/1/4311 6920/1/6919 4032/1/4031 1070/1/1070
f 1188/1/1188 4329/1/4328 6921/1/6920 4314/1/4313
f 4329/1/4328 1187/1/1187 4041/1/4040 6921/1/6920
f 6921/1/6920 4041/1/4040 1067/1/1067 4038/1/4037
f 4314/1/4313 6921/1/6920 4038/1/4037 1068/1/1068
f 1190/1/1190 4328/1/4327 6922/1/6921 4316/1/4315
f 4328/1/4327 1189/1/1189 4043/1/4042 6922/1/6921
f 6922/1/6921 4043/1/4042 1063/1/1063 4029/1/4028
f 4316/1/4315 6922/1/6921 4029/1/4028 1064/1/1064
f 1189/1/1189 4327/1/4326 6923/1/6922 4043/1/4042
f 4327/1/4326 1191/1/1191 4045/1/4044 6923/1/6922
f 6923/1/6922 4045/1/4044 1062/1/1062 4035/1/4034
f 4043/1/4042 6923/1/6922 4035/1/4034 1063/1/1063
f 1192/1/1192 4326/1/4325 6924/1/6923 4318/1/4317
f 4326/1/4325 1186/1/1186 4312/1/4311 6924/1/6923
f 6924/1/6923 4312/1/4311 1070/1/1070 4033/1/4032
f 4318/1/4317 6924/1/6923 4033/1/4032 1071/1/1071
f 1194/1/1194 4325/1/4324 6925/1/6924 4320/1/4319
f 4325/1/4324 1193/1/1193 4047/1/4046 6925/1/6924
f 6925/1/6924 4047/1/4046 1065/1/1065 4030/1/4029
f 4320/1/4319 6925/1/6924 4030/1/4029 1066/1/1066
f 1193/1/1193 4324/1/4323 6926/1/6925 4047/1/4046
f 4324/1/4323 1190/1/1190 4316/1/4315 6926/1/6925
f 6926/1/6925 4316/1/4315 1064/1/1064 4036/1/4035
f 4047/1/4046 6926/1/6925 4036/1/4035 1065/1/1065
f 1185/1/1185 4323/1/4322 6927/1/6926 4039/1/4038
f 4323/1/4322 1188/1/1188 4314/1/4313 6927/1/6926
f 6927/1/6926 4314/1/4313 1068/1/1068 4031/1/4030
f 4039/1/4038 6927/1/6926 4031/1/4030 1069/1/1069
f 1187/1/1187 4322/1/4321 6928/1/6927 4041/1/4040
f 4322/1/4321 1194/1/1194 4320/1/4319 6928/1/6927
f 6928/1/6927 4320/1/4319 1066/1/1066 4037/1/4036
f 4041/1/4040 6928/1/6927 4037/1/4036 1067/1/1067
f 1192/1/1192 4318/1/4317 6929/1/6928 4321/1/4320
f 4318/1/4317 1071/1/1071 4034/1/4033 6929/1/6928
f 6929/1/6928 4034/1/4033 1062/1/1062 4045/1/4044
f 4321/1/4320 6929/1/6928 4045/1/4044 1191/1/1191
f 1072/1/1072 4017/1/4016 6930/1/6929 4056/1/4055
f 4017/1/4016 1052/1/1052 4025/1/4024 6930/1/6929
f 6930/1/6929 4025/1/4024 1053/1/1053 4049/1/4048
f 4056/1/4055 6930/1/6929 4049/1/4048 1074/1/1074
f 1075/1/1075 4050/1/4049 6931/1/6930 4055/1/4054
f 4050/1/4049 1060/1/1060 4022/1/4021 6931/1/6930
f 6931/1/6930 4022/1/4021 1061/1/1061 4052/1/4051
f 4055/1/4054 6931/1/6930 4052/1/4051 1073/1/1073
f 1029/1/1029 4054/1/4053 6932/1/6931 3974/1/3973
f 4054/1/4053 1075/1/1075 4055/1/4054 6932/1/6931
f 6932/1/6931 4055/1/4054 1073/1/1073 4023/1/4022
f 3974/1/3973 6932/1/6931 4023/1/4022 1028/1/1028
f 1027/1/1027 4051/1/4050 6933/1/6932 3972/1/3971
f 4051/1/4050 1072/1/1072 4056/1/4055 6933/1/6932
f 6933/1/6932 4056/1/4055 1074/1/1074 4053/1/4052
f 3972/1/3971 6933/1/6932 4053/1/4052 1026/1/1026
f 1028/1/1028 4023/1/4022 6934/1/6933 3973/1/3972
f 4023/1/4022 1073/1/1073 4057/1/4056 6934/1/6933
f 6934/1/6933 4057/1/4056 1072/1/1072 4051/1/4050
f 3973/1/3972 6934/1/6933 4051/1/4050 1027/1/1027
f 1059/1/1059 4021/1/4020 6935/1/6934 4060/1/4059
f 4021/1/4020 1060/1/1060 4050/1/4049 6935/1/6934
f 6935/1/6934 4050/1/4049 1075/1/1075 4058/1/4057
f 4060/1/4059 6935/1/6934 4058/1/4057 1076/1/1076
f 1058/1/1058 4020/1/4019 6936/1/6935 4061/1/4060
f 4020/1/4019 1059/1/1059 4060/1/4059 6936/1/6935
f 6936/1/6935 4060/1/4059 1076/1/1076 4059/1/4058
f 4061/1/4060 6936/1/6935 4059/1/4058 1077/1/1077
f 1077/1/1077 4064/1/4063 6937/1/6936 4061/1/4060
f 4064/1/4063 1079/1/1079 4062/1/4061 6937/1/6936
f 6937/1/6936 4062/1/4061 1078/1/1078 4063/1/4062
f 4061/1/4060 6937/1/6936 4063/1/4062 1058/1/1058
f 1079/1/1079 4067/1/4066 6938/1/6937 4062/1/4061
f 4067/1/4066 1081/1/1081 4065/1/4064 6938/1/6937
f 6938/1/6937 4065/1/4064 1080/1/1080 4066/1/4065
f 4062/1/4061 6938/1/6937 4066/1/4065 1078/1/1078
f 1081/1/1081 4070/1/4069 6939/1/6938 4065/1/4064
f 4070/1/4069 1083/1/1083 4068/1/4067 6939/1/6938
f 6939/1/6938 4068/1/4067 1082/1/1082 4069/1/4068
f 4065/1/4064 6939/1/6938 4069/1/4068 1080/1/1080
f 1032/1/1032 4014/1/4013 6940/1/6939 4184/1/4183
f 4014/1/4013 1050/1/1050 4189/1/4188 6940/1/6939
f 6940/1/6939 4189/1/4188 1049/1/1049 4016/1/4015
f 4184/1/4183 6940/1/6939 4016/1/4015 1031/1/1031
f 1085/1/1085 4074/1/4073 6941/1/6940 4071/1/4070
f 4074/1/4073 1087/1/1087 4072/1/4071 6941/1/6940
f 6941/1/6940 4072/1/4071 1086/1/1086 4073/1/4072
f 4071/1/4070 6941/1/6940 4073/1/4072 1084/1/1084
f 25/1/25 2017/1/2017 6942/1/6941 4267/1/4266
f 2017/1/2017 41/1/41 4269/1/4268 6942/1/6941
f 6942/1/6941 4269/1/4268 1047/1/1047 4015/1/4014
f 4267/1/4266 6942/1/6941 4015/1/4014 1017/1/1017
f 1088/1/1088 4105/1/4104 6943/1/6942 4079/1/4078
f 4105/1/4104 1102/1/1102 4098/1/4097 6943/1/6942
f 6943/1/6942 4098/1/4097 1029/1/1029 3975/1/3974
f 4079/1/4078 6943/1/6942 3975/1/3974 1030/1/1030
f 1079/1/1079 4064/1/4063 6944/1/6943 4076/1/4075
f 4064/1/4063 1077/1/1077 4077/1/4076 6944/1/6943
f 6944/1/6943 4077/1/4076 1103/1/1103 4100/1/4099
f 4076/1/4075 6944/1/6943 4100/1/4099 1104/1/1104
f 1089/1/1089 4083/1/4082 6945/1/6944 4078/1/4077
f 4083/1/4082 1091/1/1091 4081/1/4080 6945/1/6944
f 6945/1/6944 4081/1/4080 1090/1/1090 4082/1/4081
f 4078/1/4077 6945/1/6944 4082/1/4081 1088/1/1088
f 1091/1/1091 4086/1/4085 6946/1/6945 4081/1/4080
f 4086/1/4085 1093/1/1093 4084/1/4083 6946/1/6945
f 6946/1/6945 4084/1/4083 1092/1/1092 4085/1/4084
f 4081/1/4080 6946/1/6945 4085/1/4084 1090/1/1090
f 1093/1/1093 4089/1/4088 6947/1/6946 4084/1/4083
f 4089/1/4088 1095/1/1095 4087/1/4086 6947/1/6946
f 6947/1/6946 4087/1/4086 1094/1/1094 4088/1/4087
f 4084/1/4083 6947/1/6946 4088/1/4087 1092/1/1092
f 1095/1/1095 4092/1/4091 6948/1/6947 4087/1/4086
f 4092/1/4091 1097/1/1097 4090/1/4089 6948/1/6947
f 6948/1/6947 4090/1/4089 1096/1/1096 4091/1/4090
f 4087/1/4086 6948/1/6947 4091/1/4090 1094/1/1094
f 1083/1/1083 4191/1/4190 6949/1/6948 4068/1/4067
f 4191/1/4190 1085/1/1085 4071/1/4070 6949/1/6948
f 6949/1/6948 4071/1/4070 1084/1/1084 4190/1/4189
f 4068/1/4067 6949/1/6948 4190/1/4189 1082/1/1082
f 1099/1/1099 4096/1/4095 6950/1/6949 4093/1/4092
f 4096/1/4095 1101/1/1101 4094/1/4093 6950/1/6949
f 6950/1/6949 4094/1/4093 1100/1/1100 4095/1/4094
f 4093/1/4092 6950/1/6949 4095/1/4094 1098/1/1098
f 1087/1/1087 4271/1/4270 6951/1/6950 4072/1/4071
f 4271/1/4270 80/1/80 2076/1/2076 6951/1/6950
f 6951/1/6950 2076/1/2076 79/1/79 4270/1/4269
f 4072/1/4071 6951/1/6950 4270/1/4269 1086/1/1086
f 1029/1/1029 4098/1/4097 6952/1/6951 4054/1/4053
f 4098/1/4097 1102/1/1102 4097/1/4096 6952/1/6951
f 6952/1/6951 4097/1/4096 1076/1/1076 4058/1/4057
f 4054/1/4053 6952/1/6951 4058/1/4057 1075/1/1075
f 1077/1/1077 4059/1/4058 6953/1/6952 4077/1/4076
f 4059/1/4058 1076/1/1076 4097/1/4096 6953/1/6952
f 6953/1/6952 4097/1/4096 1102/1/1102 4099/1/4098
f 4077/1/4076 6953/1/6952 4099/1/4098 1103/1/1103
f 1090/1/1090 4106/1/4105 6954/1/6953 4082/1/4081
f 4106/1/4105 1103/1/1103 4099/1/4098 6954/1/6953
f 6954/1/6953 4099/1/4098 1102/1/1102 4105/1/4104
f 4082/1/4081 6954/1/6953 4105/1/4104 1088/1/1088
f 1092/1/1092 4107/1/4106 6955/1/6954 4085/1/4084
f 4107/1/4106 1104/1/1104 4100/1/4099 6955/1/6954
f 6955/1/6954 4100/1/4099 1103/1/1103 4106/1/4105
f 4085/1/4084 6955/1/6954 4106/1/4105 1090/1/1090
f 1094/1/1094 4108/1/4107 6956/1/6955 4088/1/4087
f 4108/1/4107 1105/1/1105 4101/1/4100 6956/1/6955
f 6956/1/6955 4101/1/4100 1104/1/1104 4107/1/4106
f 4088/1/4087 6956/1/6955 4107/1/4106 1092/1/1092
f 1096/1/1096 4109/1/4108 6957/1/6956 4091/1/4090
f 4109/1/4108 1106/1/1106 4102/1/4101 6957/1/6956
f 6957/1/6956 4102/1/4101 1105/1/1105 4108/1/4107
f 4091/1/4090 6957/1/6956 4108/1/4107 1094/1/1094
f 1097/1/1097 4193/1/4192 6958/1/6957 4090/1/4089
f 4193/1/4192 1099/1/1099 4093/1/4092 6958/1/6957
f 6958/1/6957 4093/1/4092 1098/1/1098 4192/1/4191
f 4090/1/4089 6958/1/6957 4192/1/4191 1096/1/1096
f 1100/1/1100 4111/1/4110 6959/1/6958 4095/1/4094
f 4111/1/4110 1108/1/1108 4103/1/4102 6959/1/6958
f 6959/1/6958 4103/1/4102 1107/1/1107 4110/1/4109
f 4095/1/4094 6959/1/6958 4110/1/4109 1098/1/1098
f 1101/1/1101 4273/1/4272 6960/1/6959 4094/1/4093
f 4273/1/4272 96/1/96 2099/1/2099 6960/1/6959
f 6960/1/6959 2099/1/2099 95/1/95 4272/1/4271
f 4094/1/4093 6960/1/6959 4272/1/4271 1100/1/1100
f 1030/1/1030 4012/1/4011 6961/1/6960 4079/1/4078
f 4012/1/4011 1048/1/1048 4080/1/4079 6961/1/6960
f 6961/1/6960 4080/1/4079 1089/1/1089 4078/1/4077
f 4079/1/4078 6961/1/6960 4078/1/4077 1088/1/1088
f 1081/1/1081 4067/1/4066 6962/1/6961 4104/1/4103
f 4067/1/4066 1079/1/1079 4076/1/4075 6962/1/6961
f 6962/1/6961 4076/1/4075 1104/1/1104 4101/1/4100
f 4104/1/4103 6962/1/6961 4101/1/4100 1105/1/1105
f 1083/1/1083 4070/1/4069 6963/1/6962 4075/1/4074
f 4070/1/4069 1081/1/1081 4104/1/4103 6963/1/6962
f 6963/1/6962 4104/1/4103 1105/1/1105 4102/1/4101
f 4075/1/4074 6963/1/6962 4102/1/4101 1106/1/1106
f 1098/1/1098 4110/1/4109 6964/1/6963 4192/1/4191
f 4110/1/4109 1107/1/1107 4194/1/4193 6964/1/6963
f 6964/1/6963 4194/1/4193 1106/1/1106 4109/1/4108
f 4192/1/4191 6964/1/6963 4109/1/4108 1096/1/1096
f 1087/1/1087 4074/1/4073 6965/1/6964 4113/1/4112
f 4074/1/4073 1085/1/1085 4112/1/4111 6965/1/6964
f 6965/1/6964 4112/1/4111 1107/1/1107 4103/1/4102
f 4113/1/4112 6965/1/6964 4103/1/4102 1108/1/1108
f 95/1/95 2115/1/2115 6966/1/6965 4272/1/4271
f 2115/1/2115 104/1/104 4274/1/4273 6966/1/6965
f 6966/1/6965 4274/1/4273 1108/1/1108 4111/1/4110
f 4272/1/4271 6966/1/6965 4111/1/4110 1100/1/1100
f 80/1/80 4271/1/4270 6967/1/6966 2118/1/2118
f 4271/1/4270 1087/1/1087 4113/1/4112 6967/1/6966
f 6967/1/6966 4113/1/4112 1108/1/1108 4274/1/4273
f 2118/1/2118 6967/1/6966 4274/1/4273 104/1/104
f 1119/1/1119 4115/1/4114 6968/1/6967 4133/1/4132
f 4115/1/4114 1109/1/1109 4114/1/4113 6968/1/6967
f 6968/1/6967 4114/1/4113 1110/1/1110 4116/1/4115
f 4133/1/4132 6968/1/6967 4116/1/4115 1120/1/1120
f 121/1/121 2143/1/2143 6969/1/6968 4280/1/4279
f 2143/1/2143 107/1/107 4275/1/4274 6969/1/6968
f 6969/1/6968 4275/1/4274 1109/1/1109 4115/1/4114
f 4280/1/4279 6969/1/6968 4115/1/4114 1119/1/1119
f 1109/1/1109 4118/1/4117 6970/1/6969 4114/1/4113
f 4118/1/4117 1111/1/1111 4117/1/4116 6970/1/6969
f 6970/1/6969 4117/1/4116 1112/1/1112 4119/1/4118
f 4114/1/4113 6970/1/6969 4119/1/4118 1110/1/1110
f 107/1/107 2125/1/2125 6971/1/6970 4275/1/4274
f 2125/1/2125 110/1/110 4276/1/4275 6971/1/6970
f 6971/1/6970 4276/1/4275 1111/1/1111 4118/1/4117
f 4275/1/4274 6971/1/6970 4118/1/4117 1109/1/1109
f 1111/1/1111 4121/1/4120 6972/1/6971 4117/1/4116
f 4121/1/4120 1113/1/1113 4120/1/4119 6972/1/6971
f 6972/1/6971 4120/1/4119 1114/1/1114 4122/1/4121
f 4117/1/4116 6972/1/6971 4122/1/4121 1112/1/1112
f 110/1/110 2129/1/2129 6973/1/6972 4276/1/4275
f 2129/1/2129 113/1/113 4277/1/4276 6973/1/6972
f 6973/1/6972 4277/1/4276 1113/1/1113 4121/1/4120
f 4276/1/4275 6973/1/6972 4121/1/4120 1111/1/1111
f 1113/1/1113 4124/1/4123 6974/1/6973 4120/1/4119
f 4124/1/4123 1115/1/1115 4123/1/4122 6974/1/6973
f 6974/1/6973 4123/1/4122 1116/1/1116 4125/1/4124
f 4120/1/4119 6974/1/6973 4125/1/4124 1114/1/1114
f 113/1/113 2133/1/2133 6975/1/6974 4277/1/4276
f 2133/1/2133 116/1/116 4278/1/4277 6975/1/6974
f 6975/1/6974 4278/1/4277 1115/1/1115 4124/1/4123
f 4277/1/4276 6975/1/6974 4124/1/4123 1113/1/1113
f 1117/1/1117 4130/1/4129 6976/1/6975 4126/1/4125
f 4130/1/4129 1118/1/1118 4127/1/4126 6976/1/6975
f 6976/1/6975 4127/1/4126 1116/1/1116 4123/1/4122
f 4126/1/4125 6976/1/6975 4123/1/4122 1115/1/1115
f 1101/1/1101 4096/1/4095 6977/1/6976 4128/1/4127
f 4096/1/4095 1099/1/1099 4129/1/4128 6977/1/6976
f 6977/1/6976 4129/1/4128 1118/1/1118 4130/1/4129
f 4128/1/4127 6977/1/6976 4130/1/4129 1117/1/1117
f 1117/1/1117 4126/1/4125 6978/1/6977 4279/1/4278
f 4126/1/4125 1115/1/1115 4278/1/4277 6978/1/6977
f 6978/1/6977 4278/1/4277 116/1/116 2135/1/2135
f 4279/1/4278 6978/1/6977 2135/1/2135 117/1/117
f 1085/1/1085 4191/1/4190 6979/1/6978 4112/1/4111
f 4191/1/4190 1083/1/1083 4075/1/4074 6979/1/6978
f 6979/1/6978 4075/1/4074 1106/1/1106 4194/1/4193
f 4112/1/4111 6979/1/6978 4194/1/4193 1107/1/1107
f 1095/1/1095 4195/1/4194 6980/1/6979 4092/1/4091
f 4195/1/4194 1118/1/1118 4129/1/4128 6980/1/6979
f 6980/1/6979 4129/1/4128 1099/1/1099 4193/1/4192
f 4092/1/4091 6980/1/6979 4193/1/4192 1097/1/1097
f 1093/1/1093 4196/1/4195 6981/1/6980 4089/1/4088
f 4196/1/4195 1116/1/1116 4127/1/4126 6981/1/6980
f 6981/1/6980 4127/1/4126 1118/1/1118 4195/1/4194
f 4089/1/4088 6981/1/6980 4195/1/4194 1095/1/1095
f 1093/1/1093 4086/1/4085 6982/1/6981 4196/1/4195
f 4086/1/4085 1091/1/1091 4197/1/4196 6982/1/6981
f 6982/1/6981 4197/1/4196 1114/1/1114 4125/1/4124
f 4196/1/4195 6982/1/6981 4125/1/4124 1116/1/1116
f 1091/1/1091 4083/1/4082 6983/1/6982 4197/1/4196
f 4083/1/4082 1089/1/1089 4198/1/4197 6983/1/6982
f 6983/1/6982 4198/1/4197 1112/1/1112 4122/1/4121
f 4197/1/4196 6983/1/6982 4122/1/4121 1114/1/1114
f 1047/1/1047 4131/1/4130 6984/1/6983 4010/1/4009
f 4131/1/4130 1119/1/1119 4133/1/4132 6984/1/6983
f 6984/1/6983 4133/1/4132 1120/1/1120 4132/1/4131
f 4010/1/4009 6984/1/6983 4132/1/4131 1050/1/1050
f 1101/1/1101 4128/1/4127 6985/1/6984 4273/1/4272
f 4128/1/4127 1117/1/1117 4279/1/4278 6985/1/6984
f 6985/1/6984 4279/1/4278 117/1/117 2138/1/2138
f 4273/1/4272 6985/1/6984 2138/1/2138 96/1/96
f 1089/1/1089 4080/1/4079 6986/1/6985 4198/1/4197
f 4080/1/4079 1048/1/1048 4199/1/4198 6986/1/6985
f 6986/1/6985 4199/1/4198 1110/1/1110 4119/1/4118
f 4198/1/4197 6986/1/6985 4119/1/4118 1112/1/1112
f 1048/1/1048 4011/1/4010 6987/1/6986 4199/1/4198
f 4011/1/4010 1051/1/1051 4200/1/4199 6987/1/6986
f 6987/1/6986 4200/1/4199 1120/1/1120 4116/1/4115
f 4199/1/4198 6987/1/6986 4116/1/4115 1110/1/1110
f 1057/1/1057 4028/1/4027 6988/1/6987 4134/1/4133
f 4028/1/4027 1058/1/1058 4063/1/4062 6988/1/6987
f 6988/1/6987 4063/1/4062 1078/1/1078 4138/1/4137
f 4134/1/4133 6988/1/6987 4138/1/4137 1121/1/1121
f 1080/1/1080 4139/1/4138 6989/1/6988 4066/1/4065
f 4139/1/4138 1122/1/1122 4135/1/4134 6989/1/6988
f 6989/1/6988 4135/1/4134 1121/1/1121 4138/1/4137
f 4066/1/4065 6989/1/6988 4138/1/4137 1078/1/1078
f 1082/1/1082 4140/1/4139 6990/1/6989 4069/1/4068
f 4140/1/4139 1123/1/1123 4136/1/4135 6990/1/6989
f 6990/1/6989 4136/1/4135 1122/1/1122 4139/1/4138
f 4069/1/4068 6990/1/6989 4139/1/4138 1080/1/1080
f 1051/1/1051 4009/1/4008 6991/1/6990 4200/1/4199
f 4009/1/4008 1049/1/1049 4189/1/4188 6991/1/6990
f 6991/1/6990 4189/1/4188 1050/1/1050 4132/1/4131
f 4200/1/4199 6991/1/6990 4132/1/4131 1120/1/1120
f 1086/1/1086 4142/1/4141 6992/1/6991 4073/1/4072
f 4142/1/4141 1125/1/1125 4137/1/4136 6992/1/6991
f 6992/1/6991 4137/1/4136 1124/1/1124 4141/1/4140
f 4073/1/4072 6992/1/6991 4141/1/4140 1084/1/1084
f 41/1/41 2121/1/2121 6993/1/6992 4269/1/4268
f 2121/1/2121 121/1/121 4280/1/4279 6993/1/6992
f 6993/1/6992 4280/1/4279 1119/1/1119 4131/1/4130
f 4269/1/4268 6993/1/6992 4131/1/4130 1047/1/1047
f 1056/1/1056 4027/1/4026 6994/1/6993 4143/1/4142
f 4027/1/4026 1057/1/1057 4134/1/4133 6994/1/6993
f 6994/1/6993 4134/1/4133 1121/1/1121 4147/1/4146
f 4143/1/4142 6994/1/6993 4147/1/4146 1126/1/1126
f 1122/1/1122 4148/1/4147 6995/1/6994 4135/1/4134
f 4148/1/4147 1127/1/1127 4144/1/4143 6995/1/6994
f 6995/1/6994 4144/1/4143 1126/1/1126 4147/1/4146
f 4135/1/4134 6995/1/6994 4147/1/4146 1121/1/1121
f 1123/1/1123 4149/1/4148 6996/1/6995 4136/1/4135
f 4149/1/4148 1128/1/1128 4145/1/4144 6996/1/6995
f 6996/1/6995 4145/1/4144 1127/1/1127 4148/1/4147
f 4136/1/4135 6996/1/6995 4148/1/4147 1122/1/1122
f 1084/1/1084 4141/1/4140 6997/1/6996 4190/1/4189
f 4141/1/4140 1124/1/1124 4201/1/4200 6997/1/6996
f 6997/1/6996 4201/1/4200 1123/1/1123 4140/1/4139
f 4190/1/4189 6997/1/6996 4140/1/4139 1082/1/1082
f 1125/1/1125 4151/1/4150 6998/1/6997 4137/1/4136
f 4151/1/4150 1130/1/1130 4146/1/4145 6998/1/6997
f 6998/1/6997 4146/1/4145 1129/1/1129 4150/1/4149
f 4137/1/4136 6998/1/6997 4150/1/4149 1124/1/1124
f 79/1/79 2155/1/2155 6999/1/6998 4270/1/4269
f 2155/1/2155 128/1/128 4281/1/4280 6999/1/6998
f 6999/1/6998 4281/1/4280 1125/1/1125 4142/1/4141
f 4270/1/4269 6999/1/6998 4142/1/4141 1086/1/1086
f 1025/1/1025 3971/1/3970 7000/1/6999 4156/1/4155
f 3971/1/3970 1026/1/1026 4053/1/4052 7000/1/6999
f 7000/1/6999 4053/1/4052 1074/1/1074 4152/1/4151
f 4156/1/4155 7000/1/6999 4152/1/4151 1131/1/1131
f 1041/1/1041 3970/1/3969 7001/1/7000 4157/1/4156
f 3970/1/3969 1025/1/1025 4156/1/4155 7001/1/7000
f 7001/1/7000 4156/1/4155 1131/1/1131 4153/1/4152
f 4157/1/4156 7001/1/7000 4153/1/4152 1132/1/1132
f 1024/1/1024 3998/1/3997 7002/1/7001 4158/1/4157
f 3998/1/3997 1041/1/1041 4157/1/4156 7002/1/7001
f 7002/1/7001 4157/1/4156 1132/1/1132 4154/1/4153
f 4158/1/4157 7002/1/7001 4154/1/4153 1133/1/1133
f 1124/1/1124 4150/1/4149 7003/1/7002 4201/1/4200
f 4150/1/4149 1129/1/1129 4202/1/4201 7003/1/7002
f 7003/1/7002 4202/1/4201 1128/1/1128 4149/1/4148
f 4201/1/4200 7003/1/7002 4149/1/4148 1123/1/1123
f 1022/1/1022 3969/1/3968 7004/1/7003 4160/1/4159
f 3969/1/3968 1023/1/1023 4159/1/4158 7004/1/7003
f 7004/1/7003 4159/1/4158 1134/1/1134 4155/1/4154
f 4160/1/4159 7004/1/7003 4155/1/4154 1135/1/1135
f 128/1/128 2165/1/2165 7005/1/7004 4281/1/4280
f 2165/1/2165 134/1/134 4282/1/4281 7005/1/7004
f 7005/1/7004 4282/1/4281 1130/1/1130 4151/1/4150
f 4281/1/4280 7005/1/7004 4151/1/4150 1125/1/1125
f 1053/1/1053 4161/1/4160 7006/1/7005 4049/1/4048
f 4161/1/4160 1136/1/1136 4165/1/4164 7006/1/7005
f 7006/1/7005 4165/1/4164 1131/1/1131 4152/1/4151
f 4049/1/4048 7006/1/7005 4152/1/4151 1074/1/1074
f 1132/1/1132 4153/1/4152 7007/1/7006 4166/1/4165
f 4153/1/4152 1131/1/1131 4165/1/4164 7007/1/7006
f 7007/1/7006 4165/1/4164 1136/1/1136 4162/1/4161
f 4166/1/4165 7007/1/7006 4162/1/4161 1137/1/1137
f 1133/1/1133 4154/1/4153 7008/1/7007 4167/1/4166
f 4154/1/4153 1132/1/1132 4166/1/4165 7008/1/7007
f 7008/1/7007 4166/1/4165 1137/1/1137 4163/1/4162
f 4167/1/4166 7008/1/7007 4163/1/4162 1138/1/1138
f 1023/1/1023 4183/1/4182 7009/1/7008 4159/1/4158
f 4183/1/4182 1024/1/1024 4158/1/4157 7009/1/7008
f 7009/1/7008 4158/1/4157 1133/1/1133 4203/1/4202
f 4159/1/4158 7009/1/7008 4203/1/4202 1134/1/1134
f 1135/1/1135 4155/1/4154 7010/1/7009 4169/1/4168
f 4155/1/4154 1134/1/1134 4168/1/4167 7010/1/7009
f 7010/1/7009 4168/1/4167 1139/1/1139 4164/1/4163
f 4169/1/4168 7010/1/7009 4164/1/4163 1140/1/1140
f 30/1/30 4268/1/4267 7011/1/7010 2175/1/2175
f 4268/1/4267 1022/1/1022 4160/1/4159 7011/1/7010
f 7011/1/7010 4160/1/4159 1135/1/1135 4283/1/4282
f 2175/1/2175 7011/1/7010 4283/1/4282 140/1/140
f 1055/1/1055 4019/1/4018 7012/1/7011 4170/1/4169
f 4019/1/4018 1056/1/1056 4143/1/4142 7012/1/7011
f 7012/1/7011 4143/1/4142 1126/1/1126 4174/1/4173
f 4170/1/4169 7012/1/7011 4174/1/4173 1141/1/1141
f 1127/1/1127 4175/1/4174 7013/1/7012 4144/1/4143
f 4175/1/4174 1142/1/1142 4171/1/4170 7013/1/7012
f 7013/1/7012 4171/1/4170 1141/1/1141 4174/1/4173
f 4144/1/4143 7013/1/7012 4174/1/4173 1126/1/1126
f 1128/1/1128 4176/1/4175 7014/1/7013 4145/1/4144
f 4176/1/4175 1143/1/1143 4172/1/4171 7014/1/7013
f 7014/1/7013 4172/1/4171 1142/1/1142 4175/1/4174
f 4145/1/4144 7014/1/7013 4175/1/4174 1127/1/1127
f 1134/1/1134 4203/1/4202 7015/1/7014 4168/1/4167
f 4203/1/4202 1133/1/1133 4167/1/4166 7015/1/7014
f 7015/1/7014 4167/1/4166 1138/1/1138 4204/1/4203
f 4168/1/4167 7015/1/7014 4204/1/4203 1139/1/1139
f 1130/1/1130 4178/1/4177 7016/1/7015 4146/1/4145
f 4178/1/4177 1145/1/1145 4173/1/4172 7016/1/7015
f 7016/1/7015 4173/1/4172 1144/1/1144 4177/1/4176
f 4146/1/4145 7016/1/7015 4177/1/4176 1129/1/1129
f 140/1/140 4283/1/4282 7017/1/7016 2185/1/2185
f 4283/1/4282 1135/1/1135 4169/1/4168 7017/1/7016
f 7017/1/7016 4169/1/4168 1140/1/1140 4284/1/4283
f 2185/1/2185 7017/1/7016 4284/1/4283 146/1/146
f 134/1/134 2195/1/2195 7018/1/7017 4282/1/4281
f 2195/1/2195 152/1/152 4285/1/4284 7018/1/7017
f 7018/1/7017 4285/1/4284 1145/1/1145 4178/1/4177
f 4282/1/4281 7018/1/7017 4178/1/4177 1130/1/1130
f 1139/1/1139 4182/1/4181 7019/1/7018 4164/1/4163
f 4182/1/4181 1146/1/1146 4180/1/4179 7019/1/7018
f 7019/1/7018 4180/1/4179 1147/1/1147 4181/1/4180
f 4164/1/4163 7019/1/7018 4181/1/4180 1140/1/1140
f 1151/1/1151 4289/1/4288 7020/1/7019 4209/1/4208
f 4289/1/4288 153/1/153 2196/1/2196 7020/1/7019
f 7020/1/7019 2196/1/2196 154/1/154 4286/1/4285
f 4209/1/4208 7020/1/7019 4286/1/4285 1150/1/1150
f 1146/1/1146 4288/1/4287 7021/1/7020 4180/1/4179
f 4288/1/4287 157/1/157 2201/1/2201 7021/1/7020
f 7021/1/7020 2201/1/2201 158/1/158 4287/1/4286
f 4180/1/4179 7021/1/7020 4287/1/4286 1147/1/1147
f 1144/1/1144 4224/1/4223 7022/1/7021 4205/1/4204
f 4224/1/4223 1158/1/1158 4217/1/4216 7022/1/7021
f 7022/1/7021 4217/1/4216 1156/1/1156 4223/1/4222
f 4205/1/4204 7022/1/7021 4223/1/4222 1143/1/1143
f 146/1/146 4284/1/4283 7023/1/7022 2202/1/2202
f 4284/1/4283 1140/1/1140 4181/1/4180 7023/1/7022
f 7023/1/7022 4181/1/4180 1147/1/1147 4287/1/4286
f 2202/1/2202 7023/1/7022 4287/1/4286 158/1/158
f 1137/1/1137 4179/1/4178 7024/1/7023 4163/1/4162
f 4179/1/4178 1151/1/1151 4209/1/4208 7024/1/7023
f 7024/1/7023 4209/1/4208 1150/1/1150 4208/1/4207
f 4163/1/4162 7024/1/7023 4208/1/4207 1138/1/1138
f 1054/1/1054 4219/1/4218 7025/1/7024 4018/1/4017
f 4219/1/4218 1152/1/1152 4211/1/4210 7025/1/7024
f 7025/1/7024 4211/1/4210 1136/1/1136 4161/1/4160
f 4018/1/4017 7025/1/7024 4161/1/4160 1053/1/1053
f 1055/1/1055 4220/1/4219 7026/1/7025 4026/1/4025
f 4220/1/4219 1153/1/1153 4212/1/4211 7026/1/7025
f 7026/1/7025 4212/1/4211 1152/1/1152 4219/1/4218
f 4026/1/4025 7026/1/7025 4219/1/4218 1054/1/1054
f 1141/1/1141 4221/1/4220 7027/1/7026 4170/1/4169
f 4221/1/4220 1154/1/1154 4213/1/4212 7027/1/7026
f 7027/1/7026 4213/1/4212 1153/1/1153 4220/1/4219
f 4170/1/4169 7027/1/7026 4220/1/4219 1055/1/1055
f 1142/1/1142 4222/1/4221 7028/1/7027 4171/1/4170
f 4222/1/4221 1155/1/1155 4214/1/4213 7028/1/7027
f 7028/1/7027 4214/1/4213 1154/1/1154 4221/1/4220
f 4171/1/4170 7028/1/7027 4221/1/4220 1141/1/1141
f 1143/1/1143 4223/1/4222 7029/1/7028 4172/1/4171
f 4223/1/4222 1156/1/1156 4215/1/4214 7029/1/7028
f 7029/1/7028 4215/1/4214 1155/1/1155 4222/1/4221
f 4172/1/4171 7029/1/7028 4222/1/4221 1142/1/1142
f 1158/1/1158 4239/1/4238 7030/1/7029 4217/1/4216
f 4239/1/4238 1166/1/1166 4232/1/4231 7030/1/7029
f 7030/1/7029 4232/1/4231 1164/1/1164 4238/1/4237
f 4217/1/4216 7030/1/7029 4238/1/4237 1156/1/1156
f 1145/1/1145 4225/1/4224 7031/1/7030 4173/1/4172
f 4225/1/4224 1159/1/1159 4218/1/4217 7031/1/7030
f 7031/1/7030 4218/1/4217 1158/1/1158 4224/1/4223
f 4173/1/4172 7031/1/7030 4224/1/4223 1144/1/1144
f 1172/1/1172 4247/1/4246 7032/1/7031 4298/1/4297
f 4247/1/4246 1174/1/1174 4299/1/4298 7032/1/7031
f 7032/1/7031 4299/1/4298 1181/1/1181 4261/1/4260
f 4298/1/4297 7032/1/7031 4261/1/4260 1180/1/1180
f 1137/1/1137 4162/1/4161 7033/1/7032 4226/1/4225
f 4162/1/4161 1136/1/1136 4211/1/4210 7033/1/7032
f 7033/1/7032 4211/1/4210 1152/1/1152 4234/1/4233
f 4226/1/4225 7033/1/7032 4234/1/4233 1160/1/1160
f 1153/1/1153 4235/1/4234 7034/1/7033 4212/1/4211
f 4235/1/4234 1161/1/1161 4227/1/4226 7034/1/7033
f 7034/1/7033 4227/1/4226 1160/1/1160 4234/1/4233
f 4212/1/4211 7034/1/7033 4234/1/4233 1152/1/1152
f 1154/1/1154 4236/1/4235 7035/1/7034 4213/1/4212
f 4236/1/4235 1162/1/1162 4228/1/4227 7035/1/7034
f 7035/1/7034 4228/1/4227 1161/1/1161 4235/1/4234
f 4213/1/4212 7035/1/7034 4235/1/4234 1153/1/1153
f 1155/1/1155 4237/1/4236 7036/1/7035 4214/1/4213
f 4237/1/4236 1163/1/1163 4229/1/4228 7036/1/7035
f 7036/1/7035 4229/1/4228 1162/1/1162 4236/1/4235
f 4214/1/4213 7036/1/7035 4236/1/4235 1154/1/1154
f 1156/1/1156 4238/1/4237 7037/1/7036 4215/1/4214
f 4238/1/4237 1164/1/1164 4230/1/4229 7037/1/7036
f 7037/1/7036 4230/1/4229 1163/1/1163 4237/1/4236
f 4215/1/4214 7037/1/7036 4237/1/4236 1155/1/1155
f 1166/1/1166 4254/1/4253 7038/1/7037 4232/1/4231
f 4254/1/4253 1174/1/1174 4247/1/4246 7038/1/7037
f 7038/1/7037 4247/1/4246 1172/1/1172 4253/1/4252
f 4232/1/4231 7038/1/7037 4253/1/4252 1164/1/1164
f 1159/1/1159 4240/1/4239 7039/1/7038 4218/1/4217
f 4240/1/4239 1167/1/1167 4233/1/4232 7039/1/7038
f 7039/1/7038 4233/1/4232 1166/1/1166 4239/1/4238
f 4218/1/4217 7039/1/7038 4239/1/4238 1158/1/1158
f 152/1/152 2247/1/2247 7040/1/7039 4285/1/4284
f 2247/1/2247 171/1/171 4290/1/4289 7040/1/7039
f 7040/1/7039 4290/1/4289 1159/1/1159 4225/1/4224
f 4285/1/4284 7040/1/7039 4225/1/4224 1145/1/1145
f 1151/1/1151 4179/1/4178 7041/1/7040 4241/1/4240
f 4179/1/4178 1137/1/1137 4226/1/4225 7041/1/7040
f 7041/1/7040 4226/1/4225 1160/1/1160 4249/1/4248
f 4241/1/4240 7041/1/7040 4249/1/4248 1168/1/1168
f 1161/1/1161 4250/1/4249 7042/1/7041 4227/1/4226
f 4250/1/4249 1169/1/1169 4242/1/4241 7042/1/7041
f 7042/1/7041 4242/1/4241 1168/1/1168 4249/1/4248
f 4227/1/4226 7042/1/7041 4249/1/4248 1160/1/1160
f 1162/1/1162 4251/1/4250 7043/1/7042 4228/1/4227
f 4251/1/4250 1170/1/1170 4243/1/4242 7043/1/7042
f 7043/1/7042 4243/1/4242 1169/1/1169 4250/1/4249
f 4228/1/4227 7043/1/7042 4250/1/4249 1161/1/1161
f 1163/1/1163 4252/1/4251 7044/1/7043 4229/1/4228
f 4252/1/4251 1171/1/1171 4244/1/4243 7044/1/7043
f 7044/1/7043 4244/1/4243 1170/1/1170 4251/1/4250
f 4229/1/4228 7044/1/7043 4251/1/4250 1162/1/1162
f 1164/1/1164 4253/1/4252 7045/1/7044 4230/1/4229
f 4253/1/4252 1172/1/1172 4245/1/4244 7045/1/7044
f 7045/1/7044 4245/1/4244 1171/1/1171 4252/1/4251
f 4230/1/4229 7045/1/7044 4252/1/4251 1163/1/1163
f 1146/1/1146 4210/1/4209 7046/1/7045 4288/1/4287
f 4210/1/4209 1150/1/1150 4286/1/4285 7046/1/7045
f 7046/1/7045 4286/1/4285 154/1/154 2231/1/2231
f 4288/1/4287 7046/1/7045 2231/1/2231 157/1/157
f 1167/1/1167 4255/1/4254 7047/1/7046 4233/1/4232
f 4255/1/4254 1175/1/1175 4248/1/4247 7047/1/7046
f 7047/1/7046 4248/1/4247 1174/1/1174 4254/1/4253
f 4233/1/4232 7047/1/7046 4254/1/4253 1166/1/1166
f 171/1/171 2263/1/2263 7048/1/7047 4290/1/4289
f 2263/1/2263 180/1/180 4291/1/4290 7048/1/7047
f 7048/1/7047 4291/1/4290 1167/1/1167 4240/1/4239
f 4290/1/4289 7048/1/7047 4240/1/4239 1159/1/1159
f 180/1/180 2279/1/2279 7049/1/7048 4291/1/4290
f 2279/1/2279 189/1/189 4292/1/4291 7049/1/7048
f 7049/1/7048 4292/1/4291 1175/1/1175 4255/1/4254
f 4291/1/4290 7049/1/7048 4255/1/4254 1167/1/1167
f 1176/1/1176 4256/1/4255 7050/1/7049 4293/1/4292
f 4256/1/4255 153/1/153 4289/1/4288 7050/1/7049
f 7050/1/7049 4289/1/4288 1151/1/1151 4241/1/4240
f 4293/1/4292 7050/1/7049 4241/1/4240 1168/1/1168
f 1169/1/1169 4295/1/4294 7051/1/7050 4242/1/4241
f 4295/1/4294 1177/1/1177 4257/1/4256 7051/1/7050
f 7051/1/7050 4257/1/4256 1176/1/1176 4293/1/4292
f 4242/1/4241 7051/1/7050 4293/1/4292 1168/1/1168
f 1170/1/1170 4296/1/4295 7052/1/7051 4243/1/4242
f 4296/1/4295 1178/1/1178 4258/1/4257 7052/1/7051
f 7052/1/7051 4258/1/4257 1177/1/1177 4295/1/4294
f 4243/1/4242 7052/1/7051 4295/1/4294 1169/1/1169
f 1171/1/1171 4297/1/4296 7053/1/7052 4244/1/4243
f 4297/1/4296 1179/1/1179 4259/1/4258 7053/1/7052
f 7053/1/7052 4259/1/4258 1178/1/1178 4296/1/4295
f 4244/1/4243 7053/1/7052 4296/1/4295 1170/1/1170
f 1172/1/1172 4298/1/4297 7054/1/7053 4245/1/4244
f 4298/1/4297 1180/1/1180 4260/1/4259 7054/1/7053
f 7054/1/7053 4260/1/4259 1179/1/1179 4297/1/4296
f 4245/1/4244 7054/1/7053 4297/1/4296 1171/1/1171
f 189/1/189 2326/1/2326 7055/1/7054 4292/1/4291
f 2326/1/2326 198/1/198 4294/1/4293 7055/1/7054
f 7055/1/7054 4294/1/4293 1182/1/1182 4300/1/4299
f 4292/1/4291 7055/1/7054 4300/1/4299 1175/1/1175
f 1175/1/1175 4300/1/4299 7056/1/7055 4248/1/4247
f 4300/1/4299 1182/1/1182 4262/1/4261 7056/1/7055
f 7056/1/7055 4262/1/4261 1181/1/1181 4299/1/4298
f 4248/1/4247 7056/1/7055 4299/1/4298 1174/1/1174
f 1176/1/1176 4246/1/4245 7057/1/7056 4256/1/4255
f 4246/1/4245 1173/1/1173 4303/1/4302 7057/1/7056
f 7057/1/7056 4303/1/4302 195/1/195 2285/1/2285
f 4256/1/4255 7057/1/7056 2285/1/2285 153/1/153
f 1177/1/1177 4231/1/4230 7058/1/7057 4257/1/4256
f 4231/1/4230 1165/1/1165 4304/1/4303 7058/1/7057
f 7058/1/7057 4304/1/4303 1173/1/1173 4246/1/4245
f 4257/1/4256 7058/1/7057 4246/1/4245 1176/1/1176
f 1178/1/1178 4216/1/4215 7059/1/7058 4258/1/4257
f 4216/1/4215 1157/1/1157 4305/1/4304 7059/1/7058
f 7059/1/7058 4305/1/4304 1165/1/1165 4231/1/4230
f 4258/1/4257 7059/1/7058 4231/1/4230 1177/1/1177
f 1179/1/1179 4207/1/4206 7060/1/7059 4259/1/4258
f 4207/1/4206 1149/1/1149 4306/1/4305 7060/1/7059
f 7060/1/7059 4306/1/4305 1157/1/1157 4216/1/4215
f 4259/1/4258 7060/1/7059 4216/1/4215 1178/1/1178
f 1180/1/1180 4206/1/4205 7061/1/7060 4260/1/4259
f 4206/1/4205 1148/1/1148 4307/1/4306 7061/1/7060
f 7061/1/7060 4307/1/4306 1149/1/1149 4207/1/4206
f 4260/1/4259 7061/1/7060 4207/1/4206 1179/1/1179
f 1148/1/1148 4206/1/4205 7062/1/7061 4308/1/4307
f 4206/1/4205 1180/1/1180 4261/1/4260 7062/1/7061
f 7062/1/7061 4261/1/4260 1181/1/1181 4301/1/4300
f 4308/1/4307 7062/1/7061 4301/1/4300 1183/1/1183
f 1182/1/1182 4302/1/4301 7063/1/7062 4262/1/4261
f 4302/1/4301 1184/1/1184 4309/1/4308 7063/1/7062
f 7063/1/7062 4309/1/4308 1183/1/1183 4301/1/4300
f 4262/1/4261 7063/1/7062 4301/1/4300 1181/1/1181
f 198/1/198 2329/1/2329 7064/1/7063 4294/1/4293
f 2329/1/2329 201/1/201 4310/1/4309 7064/1/7063
f 7064/1/7063 4310/1/4309 1184/1/1184 4302/1/4301
f 4294/1/4293 7064/1/7063 4302/1/4301 1182/1/1182
f 1061/1/1061 4046/1/4045 7065/1/7064 4024/1/4023
f 4046/1/4045 1192/1/1192 4321/1/4320 7065/1/7064
f 7065/1/7064 4321/1/4320 1191/1/1191 4317/1/4316
f 4024/1/4023 7065/1/7064 4317/1/4316 1052/1/1052
f 1057/1/1057 4027/1/4026 7066/1/7065 4313/1/4312
f 4027/1/4026 1056/1/1056 4048/1/4047 7066/1/7065
f 7066/1/7065 4048/1/4047 1194/1/1194 4322/1/4321
f 4313/1/4312 7066/1/7065 4322/1/4321 1187/1/1187
f 1059/1/1059 4020/1/4019 7067/1/7066 4311/1/4310
f 4020/1/4019 1058/1/1058 4042/1/4041 7067/1/7066
f 7067/1/7066 4042/1/4041 1188/1/1188 4323/1/4322
f 4311/1/4310 7067/1/7066 4323/1/4322 1185/1/1185
f 1055/1/1055 4026/1/4025 7068/1/7067 4319/1/4318
f 4026/1/4025 1054/1/1054 4044/1/4043 7068/1/7067
f 7068/1/7067 4044/1/4043 1190/1/1190 4324/1/4323
f 4319/1/4318 7068/1/7067 4324/1/4323 1193/1/1193
f 1056/1/1056 4019/1/4018 7069/1/7068 4048/1/4047
f 4019/1/4018 1055/1/1055 4319/1/4318 7069/1/7068
f 7069/1/7068 4319/1/4318 1193/1/1193 4325/1/4324
f 4048/1/4047 7069/1/7068 4325/1/4324 1194/1/1194
f 1061/1/1061 4022/1/4021 7070/1/7069 4046/1/4045
f 4022/1/4021 1060/1/1060 4040/1/4039 7070/1/7069
f 7070/1/7069 4040/1/4039 1186/1/1186 4326/1/4325
f 4046/1/4045 7070/1/7069 4326/1/4325 1192/1/1192
f 1053/1/1053 4025/1/4024 7071/1/7070 4315/1/4314
f 4025/1/4024 1052/1/1052 4317/1/4316 7071/1/7070
f 7071/1/7070 4317/1/4316 1191/1/1191 4327/1/4326
f 4315/1/4314 7071/1/7070 4327/1/4326 1189/1/1189
f 1054/1/1054 4018/1/4017 7072/1/7071 4044/1/4043
f 4018/1/4017 1053/1/1053 4315/1/4314 7072/1/7071
f 7072/1/7071 4315/1/4314 1189/1/1189 4328/1/4327
f 4044/1/4043 7072/1/7071 4328/1/4327 1190/1/1190
f 1058/1/1058 4028/1/4027 7073/1/7072 4042/1/4041
f 4028/1/4027 1057/1/1057 4313/1/4312 7073/1/7072
f 7073/1/7072 4313/1/4312 1187/1/1187 4329/1/4328
f 4042/1/4041 7073/1/7072 4329/1/4328 1188/1/1188
f 1060/1/1060 4021/1/4020 7074/1/7073 4040/1/4039
f 4021/1/4020 1059/1/1059 4311/1/4310 7074/1/7073
f 7074/1/7073 4311/1/4310 1185/1/1185 4330/1/4329
f 4040/1/4039 7074/1/7073 4330/1/4329 1186/1/1186
f 1066/1/1066 4342/1/4341 7075/1/7074 4037/1/4036
f 4342/1/4341 1199/1/1199 4339/1/4338 7075/1/7074
f 7075/1/7074 4339/1/4338 1200/1/1200 4341/1/4340
f 4037/1/4036 7075/1/7074 4341/1/4340 1067/1/1067
f 1071/1/1071 4344/1/4343 7076/1/7075 4034/1/4033
f 4344/1/4343 1204/1/1204 4336/1/4335 7076/1/7075
f 7076/1/7075 4336/1/4335 1195/1/1195 4343/1/4342
f 4034/1/4033 7076/1/7075 4343/1/4342 1062/1/1062
f 1068/1/1068 4346/1/4345 7077/1/7076 4031/1/4030
f 4346/1/4345 1201/1/1201 4333/1/4332 7077/1/7076
f 7077/1/7076 4333/1/4332 1202/1/1202 4345/1/4344
f 4031/1/4030 7077/1/7076 4345/1/4344 1069/1/1069
f 1067/1/1067 4341/1/4340 7078/1/7077 4038/1/4037
f 4341/1/4340 1200/1/1200 4340/1/4339 7078/1/7077
f 7078/1/7077 4340/1/4339 1201/1/1201 4346/1/4345
f 4038/1/4037 7078/1/7077 4346/1/4345 1068/1/1068
f 1062/1/1062 4343/1/4342 7079/1/7078 4035/1/4034
f 4343/1/4342 1195/1/1195 4337/1/4336 7079/1/7078
f 7079/1/7078 4337/1/4336 1196/1/1196 4347/1/4346
f 4035/1/4034 7079/1/7078 4347/1/4346 1063/1/1063
f 1069/1/1069 4345/1/4344 7080/1/7079 4032/1/4031
f 4345/1/4344 1202/1/1202 4334/1/4333 7080/1/7079
f 7080/1/7079 4334/1/4333 1203/1/1203 4348/1/4347
f 4032/1/4031 7080/1/7079 4348/1/4347 1070/1/1070
f 1063/1/1063 4347/1/4346 7081/1/7080 4029/1/4028
f 4347/1/4346 1196/1/1196 4331/1/4330 7081/1/7080
f 7081/1/7080 4331/1/4330 1197/1/1197 4349/1/4348
f 4029/1/4028 7081/1/7080 4349/1/4348 1064/1/1064
f 1064/1/1064 4349/1/4348 7082/1/7081 4036/1/4035
f 4349/1/4348 1197/1/1197 4338/1/4337 7082/1/7081
f 7082/1/7081 4338/1/4337 1198/1/1198 4350/1/4349
f 4036/1/4035 7082/1/7081 4350/1/4349 1065/1/1065
f 1070/1/1070 4348/1/4347 7083/1/7082 4033/1/4032
f 4348/1/4347 1203/1/1203 4335/1/4334 7083/1/7082
f 7083/1/7082 4335/1/4334 1204/1/1204 4344/1/4343
f 4033/1/4032 7083/1/7082 4344/1/4343 1071/1/1071
f 1065/1/1065 4350/1/4349 7084/1/7083 4030/1/4029
f 4350/1/4349 1198/1/1198 4332/1/4331 7084/1/7083
f 7084/1/7083 4332/1/4331 1199/1/1199 4342/1/4341
f 4030/1/4029 7084/1/7083 4342/1/4341 1066/1/1066
f 1199/1/1199 4362/1/4361 7085/1/7084 4339/1/4338
f 4362/1/4361 1209/1/1209 4359/1/4358 7085/1/7084
f 7085/1/7084 4359/1/4358 1210/1/1210 4361/1/4360
f 4339/1/4338 7085/1/7084 4361/1/4360 1200/1/1200
f 1204/1/1204 4364/1/4363 7086/1/7085 4336/1/4335
f 4364/1/4363 1214/1/1214 4356/1/4355 7086/1/7085
f 7086/1/7085 4356/1/4355 1205/1/1205 4363/1/4362
f 4336/1/4335 7086/1/7085 4363/1/4362 1195/1/1195
f 1201/1/1201 4366/1/4365 7087/1/7086 4333/1/4332
f 4366/1/4365 1211/1/1211 4353/1/4352 7087/1/7086
f 7087/1/7086 4353/1/4352 1212/1/1212 4365/1/4364
f 4333/1/4332 7087/1/7086 4365/1/4364 1202/1/1202
f 1200/1/1200 4361/1/4360 7088/1/7087 4340/1/4339
f 4361/1/4360 1210/1/1210 4360/1/4359 7088/1/7087
f 7088/1/7087 4360/1/4359 1211/1/1211 4366/1/4365
f 4340/1/4339 7088/1/7087 4366/1/4365 1201/1/1201
f 1195/1/1195 4363/1/4362 7089/1/7088 4337/1/4336
f 4363/1/4362 1205/1/1205 4357/1/4356 7089/1/7088
f 7089/1/7088 4357/1/4356 1206/1/1206 4367/1/4366
f 4337/1/4336 7089/1/7088 4367/1/4366 1196/1/1196
f 1202/1/1202 4365/1/4364 7090/1/7089 4334/1/4333
f 4365/1/4364 1212/1/1212 4354/1/4353 7090/1/7089
f 7090/1/7089 4354/1/4353 1213/1/1213 4368/1/4367
f 4334/1/4333 7090/1/7089 4368/1/4367 1203/1/1203
f 1196/1/1196 4367/1/4366 7091/1/7090 4331/1/4330
f 4367/1/4366 1206/1/1206 4351/1/4350 7091/1/7090
f 7091/1/7090 4351/1/4350 1207/1/1207 4369/1/4368
f 4331/1/4330 7091/1/7090 4369/1/4368 1197/1/1197
f 1197/1/1197 4369/1/4368 7092/1/7091 4338/1/4337
f 4369/1/4368 1207/1/1207 4358/1/4357 7092/1/7091
f 7092/1/7091 4358/1/4357 1208/1/1208 4370/1/4369
f 4338/1/4337 7092/1/7091 4370/1/4369 1198/1/1198
f 1203/1/1203 4368/1/4367 7093/1/7092 4335/1/4334
f 4368/1/4367 1213/1/1213 4355/1/4354 7093/1/7092
f 7093/1/7092 4355/1/4354 1214/1/1214 4364/1/4363
f 4335/1/4334 7093/1/7092 4364/1/4363 1204/1/1204
f 1198/1/1198 4370/1/4369 7094/1/7093 4332/1/4331
f 4370/1/4369 1208/1/1208 4352/1/4351 7094/1/7093
f 7094/1/7093 4352/1/4351 1209/1/1209 4362/1/4361
f 4332/1/4331 7094/1/7093 4362/1/4361 1199/1/1199
f 1214/1/1214 4382/1/4381 7095/1/7094 4356/1/4355
f 4382/1/4381 1224/1/1224 4376/1/4375 7095/1/7094
f 7095/1/7094 4376/1/4375 1215/1/1215 4381/1/4380
f 4356/1/4355 7095/1/7094 4381/1/4380 1205/1/1205
f 1211/1/1211 4384/1/4383 7096/1/7095 4353/1/4352
f 4384/1/4383 1221/1/1221 4373/1/4372 7096/1/7095
f 7096/1/7095 4373/1/4372 1222/1/1222 4383/1/4382
f 4353/1/4352 7096/1/7095 4383/1/4382 1212/1/1212
f 1210/1/1210 4385/1/4384 7097/1/7096 4360/1/4359
f 4385/1/4384 1220/1/1220 4380/1/4379 7097/1/7096
f 7097/1/7096 4380/1/4379 1221/1/1221 4384/1/4383
f 4360/1/4359 7097/1/7096 4384/1/4383 1211/1/1211
f 1205/1/1205 4381/1/4380 7098/1/7097 4357/1/4356
f 4381/1/4380 1215/1/1215 4377/1/4376 7098/1/7097
f 7098/1/7097 4377/1/4376 1216/1/1216 4386/1/4385
f 4357/1/4356 7098/1/7097 4386/1/4385 1206/1/1206
f 1212/1/1212 4383/1/4382 7099/1/7098 4354/1/4353
f 4383/1/4382 1222/1/1222 4374/1/4373 7099/1/7098
f 7099/1/7098 4374/1/4373 1223/1/1223 4387/1/4386
f 4354/1/4353 7099/1/7098 4387/1/4386 1213/1/1213
f 1206/1/1206 4386/1/4385 7100/1/7099 4351/1/4350
f 4386/1/4385 1216/1/1216 4371/1/4370 7100/1/7099
f 7100/1/7099 4371/1/4370 1217/1/1217 4388/1/4387
f 4351/1/4350 7100/1/7099 4388/1/4387 1207/1/1207
f 1207/1/1207 4388/1/4387 7101/1/7100 4358/1/4357
f 4388/1/4387 1217/1/1217 4378/1/4377 7101/1/7100
f 7101/1/7100 4378/1/4377 1218/1/1218 4389/1/4388
f 4358/1/4357 7101/1/7100 4389/1/4388 1208/1/1208
f 1213/1/1213 4387/1/4386 7102/1/7101 4355/1/4354
f 4387/1/4386 1223/1/1223 4375/1/4374 7102/1/7101
f 7102/1/7101 4375/1/4374 1224/1/1224 4382/1/4381
f 4355/1/4354 7102/1/7101 4382/1/4381 1214/1/1214
f 1208/1/1208 4389/1/4388 7103/1/7102 4352/1/4351
f 4389/1/4388 1218/1/1218 4372/1/4371 7103/1/7102
f 7103/1/7102 4372/1/4371 1219/1/1219 4390/1/4389
f 4352/1/4351 7103/1/7102 4390/1/4389 1209/1/1209
f 1209/1/1209 4390/1/4389 7104/1/7103 4359/1/4358
f 4390/1/4389 1219/1/1219 4379/1/4378 7104/1/7103
f 7104/1/7103 4379/1/4378 1220/1/1220 4385/1/4384
f 4359/1/4358 7104/1/7103 4385/1/4384 1210/1/1210
f 1215/1/1215 4402/1/4401 7105/1/7104 4377/1/4376
f 4402/1/4401 1225/1/1225 4397/1/4396 7105/1/7104
f 7105/1/7104 4397/1/4396 1226/1/1226 4401/1/4400
f 4377/1/4376 7105/1/7104 4401/1/4400 1216/1/1216
f 1222/1/1222 4404/1/4403 7106/1/7105 4374/1/4373
f 4404/1/4403 1232/1/1232 4394/1/4393 7106/1/7105
f 7106/1/7105 4394/1/4393 1233/1/1233 4403/1/4402
f 4374/1/4373 7106/1/7105 4403/1/4402 1223/1/1223
f 1216/1/1216 4401/1/4400 7107/1/7106 4371/1/4370
f 4401/1/4400 1226/1/1226 4391/1/4390 7107/1/7106
f 7107/1/7106 4391/1/4390 1227/1/1227 4405/1/4404
f 4371/1/4370 7107/1/7106 4405/1/4404 1217/1/1217
f 1217/1/1217 4405/1/4404 7108/1/7107 4378/1/4377
f 4405/1/4404 1227/1/1227 4398/1/4397 7108/1/7107
f 7108/1/7107 4398/1/4397 1228/1/1228 4406/1/4405
f 4378/1/4377 7108/1/7107 4406/1/4405 1218/1/1218
f 1223/1/1223 4403/1/4402 7109/1/7108 4375/1/4374
f 4403/1/4402 1233/1/1233 4395/1/4394 7109/1/7108
f 7109/1/7108 4395/1/4394 1234/1/1234 4407/1/4406
f 4375/1/4374 7109/1/7108 4407/1/4406 1224/1/1224
f 1218/1/1218 4406/1/4405 7110/1/7109 4372/1/4371
f 4406/1/4405 1228/1/1228 4392/1/4391 7110/1/7109
f 7110/1/7109 4392/1/4391 1229/1/1229 4408/1/4407
f 4372/1/4371 7110/1/7109 4408/1/4407 1219/1/1219
f 1219/1/1219 4408/1/4407 7111/1/7110 4379/1/4378
f 4408/1/4407 1229/1/1229 4399/1/4398 7111/1/7110
f 7111/1/7110 4399/1/4398 1230/1/1230 4409/1/4408
f 4379/1/4378 7111/1/7110 4409/1/4408 1220/1/1220
f 1224/1/1224 4407/1/4406 7112/1/7111 4376/1/4375
f 4407/1/4406 1234/1/1234 4396/1/4395 7112/1/7111
f 7112/1/7111 4396/1/4395 1225/1/1225 4402/1/4401
f 4376/1/4375 7112/1/7111 4402/1/4401 1215/1/1215
f 1221/1/1221 4410/1/4409 7113/1/7112 4373/1/4372
f 4410/1/4409 1231/1/1231 4393/1/4392 7113/1/7112
f 7113/1/7112 4393/1/4392 1232/1/1232 4404/1/4403
f 4373/1/4372 7113/1/7112 4404/1/4403 1222/1/1222
f 1220/1/1220 4409/1/4408 7114/1/7113 4380/1/4379
f 4409/1/4408 1230/1/1230 4400/1/4399 7114/1/7113
f 7114/1/7113 4400/1/4399 1231/1/1231 4410/1/4409
f 4380/1/4379 7114/1/7113 4410/1/4409 1221/1/1221
f 1225/1/1225 4422/1/4421 7115/1/7114 4397/1/4396
f 4422/1/4421 1235/1/1235 4417/1/4416 7115/1/7114
f 7115/1/7114 4417/1/4416 1236/1/1236 4421/1/4420
f 4397/1/4396 7115/1/7114 4421/1/4420 1226/1/1226
f 1232/1/1232 4424/1/4423 7116/1/7115 4394/1/4393
f 4424/1/4423 1242/1/1242 4414/1/4413 7116/1/7115
f 7116/1/7115 4414/1/4413 1243/1/1243 4423/1/4422
f 4394/1/4393 7116/1/7115 4423/1/4422 1233/1/1233
f 1226/1/1226 4421/1/4420 7117/1/7116 4391/1/4390
f 4421/1/4420 1236/1/1236 4411/1/4410 7117/1/7116
f 7117/1/7116 4411/1/4410 1237/1/1237 4425/1/4424
f 4391/1/4390 7117/1/7116 4425/1/4424 1227/1/1227
f 1227/1/1227 4425/1/4424 7118/1/7117 4398/1/4397
f 4425/1/4424 1237/1/1237 4418/1/4417 7118/1/7117
f 7118/1/7117 4418/1/4417 1238/1/1238 4426/1/4425
f 4398/1/4397 7118/1/7117 4426/1/4425 1228/1/1228
f 1233/1/1233 4423/1/4422 7119/1/7118 4395/1/4394
f 4423/1/4422 1243/1/1243 4415/1/4414 7119/1/7118
f 7119/1/7118 4415/1/4414 1244/1/1244 4427/1/4426
f 4395/1/4394 7119/1/7118 4427/1/4426 1234/1/1234
f 1228/1/1228 4426/1/4425 7120/1/7119 4392/1/4391
f 4426/1/4425 1238/1/1238 4412/1/4411 7120/1/7119
f 7120/1/7119 4412/1/4411 1239/1/1239 4428/1/4427
f 4392/1/4391 7120/1/7119 4428/1/4427 1229/1/1229
f 1229/1/1229 4428/1/4427 7121/1/7120 4399/1/4398
f 4428/1/4427 1239/1/1239 4419/1/4418 7121/1/7120
f 7121/1/7120 4419/1/4418 1240/1/1240 4429/1/4428
f 4399/1/4398 7121/1/7120 4429/1/4428 1230/1/1230
f 1234/1/1234 4427/1/4426 7122/1/7121 4396/1/4395
f 4427/1/4426 1244/1/1244 4416/1/4415 7122/1/7121
f 7122/1/7121 4416/1/4415 1235/1/1235 4422/1/4421
f 4396/1/4395 7122/1/7121 4422/1/4421 1225/1/1225
f 1231/1/1231 4430/1/4429 7123/1/7122 4393/1/4392
f 4430/1/4429 1241/1/1241 4413/1/4412 7123/1/7122
f 7123/1/7122 4413/1/4412 1242/1/1242 4424/1/4423
f 4393/1/4392 7123/1/7122 4424/1/4423 1232/1/1232
f 1230/1/1230 4429/1/4428 7124/1/7123 4400/1/4399
f 4429/1/4428 1240/1/1240 4420/1/4419 7124/1/7123
f 7124/1/7123 4420/1/4419 1241/1/1241 4430/1/4429
f 4400/1/4399 7124/1/7123 4430/1/4429 1231/1/1231
f 1242/1/1242 4442/1/4441 7125/1/7124 4414/1/4413
f 4442/1/4441 1252/1/1252 4434/1/4433 7125/1/7124
f 7125/1/7124 4434/1/4433 1253/1/1253 4441/1/4440
f 4414/1/4413 7125/1/7124 4441/1/4440 1243/1/1243
f 1236/1/1236 4444/1/4443 7126/1/7125 4411/1/4410
f 4444/1/4443 1246/1/1246 4431/1/4430 7126/1/7125
f 7126/1/7125 4431/1/4430 1247/1/1247 4443/1/4442
f 4411/1/4410 7126/1/7125 4443/1/4442 1237/1/1237
f 1237/1/1237 4443/1/4442 7127/1/7126 4418/1/4417
f 4443/1/4442 1247/1/1247 4438/1/4437 7127/1/7126
f 7127/1/7126 4438/1/4437 1248/1/1248 4445/1/4444
f 4418/1/4417 7127/1/7126 4445/1/4444 1238/1/1238
f 1243/1/1243 4441/1/4440 7128/1/7127 4415/1/4414
f 4441/1/4440 1253/1/1253 4435/1/4434 7128/1/7127
f 7128/1/7127 4435/1/4434 1254/1/1254 4446/1/4445
f 4415/1/4414 7128/1/7127 4446/1/4445 1244/1/1244
f 1238/1/1238 4445/1/4444 7129/1/7128 4412/1/4411
f 4445/1/4444 1248/1/1248 4432/1/4431 7129/1/7128
f 7129/1/7128 4432/1/4431 1249/1/1249 4447/1/4446
f 4412/1/4411 7129/1/7128 4447/1/4446 1239/1/1239
f 1239/1/1239 4447/1/4446 7130/1/7129 4419/1/4418
f 4447/1/4446 1249/1/1249 4439/1/4438 7130/1/7129
f 7130/1/7129 4439/1/4438 1250/1/1250 4448/1/4447
f 4419/1/4418 7130/1/7129 4448/1/4447 1240/1/1240
f 1244/1/1244 4446/1/4445 7131/1/7130 4416/1/4415
f 4446/1/4445 1254/1/1254 4436/1/4435 7131/1/7130
f 7131/1/7130 4436/1/4435 1245/1/1245 4449/1/4448
f 4416/1/4415 7131/1/7130 4449/1/4448 1235/1/1235
f 1241/1/1241 4450/1/4449 7132/1/7131 4413/1/4412
f 4450/1/4449 1251/1/1251 4433/1/4432 7132/1/7131
f 7132/1/7131 4433/1/4432 1252/1/1252 4442/1/4441
f 4413/1/4412 7132/1/7131 4442/1/4441 1242/1/1242
f 1240/1/1240 4448/1/4447 7133/1/7132 4420/1/4419
f 4448/1/4447 1250/1/1250 4440/1/4439 7133/1/7132
f 7133/1/7132 4440/1/4439 1251/1/1251 4450/1/4449
f 4420/1/4419 7133/1/7132 4450/1/4449 1241/1/1241
f 1235/1/1235 4449/1/4448 7134/1/7133 4417/1/4416
f 4449/1/4448 1245/1/1245 4437/1/4436 7134/1/7133
f 7134/1/7133 4437/1/4436 1246/1/1246 4444/1/4443
f 4417/1/4416 7134/1/7133 4444/1/4443 1236/1/1236
f 1246/1/1246 4462/1/4461 7135/1/7134 4431/1/4430
f 4462/1/4461 1256/1/1256 4451/1/4450 7135/1/7134
f 7135/1/7134 4451/1/4450 1257/1/1257 4461/1/4460
f 4431/1/4430 7135/1/7134 4461/1/4460 1247/1/1247
f 1247/1/1247 4461/1/4460 7136/1/7135 4438/1/4437
f 4461/1/4460 1257/1/1257 4458/1/4457 7136/1/7135
f 7136/1/7135 4458/1/4457 1258/1/1258 4463/1/4462
f 4438/1/4437 7136/1/7135 4463/1/4462 1248/1/1248
f 1253/1/1253 4465/1/4464 7137/1/7136 4435/1/4434
f 4465/1/4464 1263/1/1263 4455/1/4454 7137/1/7136
f 7137/1/7136 4455/1/4454 1264/1/1264 4464/1/4463
f 4435/1/4434 7137/1/7136 4464/1/4463 1254/1/1254
f 1248/1/1248 4463/1/4462 7138/1/7137 4432/1/4431
f 4463/1/4462 1258/1/1258 4452/1/4451 7138/1/7137
f 7138/1/7137 4452/1/4451 1259/1/1259 4466/1/4465
f 4432/1/4431 7138/1/7137 4466/1/4465 1249/1/1249
f 1249/1/1249 4466/1/4465 7139/1/7138 4439/1/4438
f 4466/1/4465 1259/1/1259 4459/1/4458 7139/1/7138
f 7139/1/7138 4459/1/4458 1260/1/1260 4467/1/4466
f 4439/1/4438 7139/1/7138 4467/1/4466 1250/1/1250
f 1254/1/1254 4464/1/4463 7140/1/7139 4436/1/4435
f 4464/1/4463 1264/1/1264 4456/1/4455 7140/1/7139
f 7140/1/7139 4456/1/4455 1255/1/1255 4468/1/4467
f 4436/1/4435 7140/1/7139 4468/1/4467 1245/1/1245
f 1251/1/1251 4470/1/4469 7141/1/7140 4433/1/4432
f 4470/1/4469 1261/1/1261 4453/1/4452 7141/1/7140
f 7141/1/7140 4453/1/4452 1262/1/1262 4469/1/4468
f 4433/1/4432 7141/1/7140 4469/1/4468 1252/1/1252
f 1250/1/1250 4467/1/4466 7142/1/7141 4440/1/4439
f 4467/1/4466 1260/1/1260 4460/1/4459 7142/1/7141
f 7142/1/7141 4460/1/4459 1261/1/1261 4470/1/4469
f 4440/1/4439 7142/1/7141 4470/1/4469 1251/1/1251
f 1245/1/1245 4468/1/4467 7143/1/7142 4437/1/4436
f 4468/1/4467 1255/1/1255 4457/1/4456 7143/1/7142
f 7143/1/7142 4457/1/4456 1256/1/1256 4462/1/4461
f 4437/1/4436 7143/1/7142 4462/1/4461 1246/1/1246
f 1252/1/1252 4469/1/4468 7144/1/7143 4434/1/4433
f 4469/1/4468 1262/1/1262 4454/1/4453 7144/1/7143
f 7144/1/7143 4454/1/4453 1263/1/1263 4465/1/4464
f 4434/1/4433 7144/1/7143 4465/1/4464 1253/1/1253
f 1257/1/1257 4482/1/4481 7145/1/7144 4458/1/4457
f 4482/1/4481 1267/1/1267 4478/1/4477 7145/1/7144
f 7145/1/7144 4478/1/4477 1268/1/1268 4481/1/4480
f 4458/1/4457 7145/1/7144 4481/1/4480 1258/1/1258
f 1263/1/1263 4484/1/4483 7146/1/7145 4455/1/4454
f 4484/1/4483 1273/1/1273 4475/1/4474 7146/1/7145
f 7146/1/7145 4475/1/4474 1274/1/1274 4483/1/4482
f 4455/1/4454 7146/1/7145 4483/1/4482 1264/1/1264
f 1258/1/1258 4481/1/4480 7147/1/7146 4452/1/4451
f 4481/1/4480 1268/1/1268 4472/1/4471 7147/1/7146
f 7147/1/7146 4472/1/4471 1269/1/1269 4485/1/4484
f 4452/1/4451 7147/1/7146 4485/1/4484 1259/1/1259
f 1259/1/1259 4485/1/4484 7148/1/7147 4459/1/4458
f 4485/1/4484 1269/1/1269 4479/1/4478 7148/1/7147
f 7148/1/7147 4479/1/4478 1270/1/1270 4486/1/4485
f 4459/1/4458 7148/1/7147 4486/1/4485 1260/1/1260
f 1264/1/1264 4483/1/4482 7149/1/7148 4456/1/4455
f 4483/1/4482 1274/1/1274 4476/1/4475 7149/1/7148
f 7149/1/7148 4476/1/4475 1265/1/1265 4487/1/4486
f 4456/1/4455 7149/1/7148 4487/1/4486 1255/1/1255
f 1261/1/1261 4489/1/4488 7150/1/7149 4453/1/4452
f 4489/1/4488 1271/1/1271 4473/1/4472 7150/1/7149
f 7150/1/7149 4473/1/4472 1272/1/1272 4488/1/4487
f 4453/1/4452 7150/1/7149 4488/1/4487 1262/1/1262
f 1260/1/1260 4486/1/4485 7151/1/7150 4460/1/4459
f 4486/1/4485 1270/1/1270 4480/1/4479 7151/1/7150
f 7151/1/7150 4480/1/4479 1271/1/1271 4489/1/4488
f 4460/1/4459 7151/1/7150 4489/1/4488 1261/1/1261
f 1255/1/1255 4487/1/4486 7152/1/7151 4457/1/4456
f 4487/1/4486 1265/1/1265 4477/1/4476 7152/1/7151
f 7152/1/7151 4477/1/4476 1266/1/1266 4490/1/4489
f 4457/1/4456 7152/1/7151 4490/1/4489 1256/1/1256
f 1262/1/1262 4488/1/4487 7153/1/7152 4454/1/4453
f 4488/1/4487 1272/1/1272 4474/1/4473 7153/1/7152
f 7153/1/7152 4474/1/4473 1273/1/1273 4484/1/4483
f 4454/1/4453 7153/1/7152 4484/1/4483 1263/1/1263
f 1256/1/1256 4490/1/4489 7154/1/7153 4451/1/4450
f 4490/1/4489 1266/1/1266 4471/1/4470 7154/1/7153
f 7154/1/7153 4471/1/4470 1267/1/1267 4482/1/4481
f 4451/1/4450 7154/1/7153 4482/1/4481 1257/1/1257
f 1273/1/1273 4502/1/4501 7155/1/7154 4475/1/4474
f 4502/1/4501 1283/1/1283 4495/1/4494 7155/1/7154
f 7155/1/7154 4495/1/4494 1284/1/1284 4501/1/4500
f 4475/1/4474 7155/1/7154 4501/1/4500 1274/1/1274
f 1268/1/1268 4504/1/4503 7156/1/7155 4472/1/4471
f 4504/1/4503 1278/1/1278 4492/1/4491 7156/1/7155
f 7156/1/7155 4492/1/4491 1279/1/1279 4503/1/4502
f 4472/1/4471 7156/1/7155 4503/1/4502 1269/1/1269
f 1269/1/1269 4503/1/4502 7157/1/7156 4479/1/4478
f 4503/1/4502 1279/1/1279 4499/1/4498 7157/1/7156
f 7157/1/7156 4499/1/4498 1280/1/1280 4505/1/4504
f 4479/1/4478 7157/1/7156 4505/1/4504 1270/1/1270
f 1274/1/1274 4501/1/4500 7158/1/7157 4476/1/4475
f 4501/1/4500 1284/1/1284 4496/1/4495 7158/1/7157
f 7158/1/7157 4496/1/4495 1275/1/1275 4506/1/4505
f 4476/1/4475 7158/1/7157 4506/1/4505 1265/1/1265
f 1271/1/1271 4508/1/4507 7159/1/7158 4473/1/4472
f 4508/1/4507 1281/1/1281 4493/1/4492 7159/1/7158
f 7159/1/7158 4493/1/4492 1282/1/1282 4507/1/4506
f 4473/1/4472 7159/1/7158 4507/1/4506 1272/1/1272
f 1270/1/1270 4505/1/4504 7160/1/7159 4480/1/4479
f 4505/1/4504 1280/1/1280 4500/1/4499 7160/1/7159
f 7160/1/7159 4500/1/4499 1281/1/1281 4508/1/4507
f 4480/1/4479 7160/1/7159 4508/1/4507 1271/1/1271
f 1265/1/1265 4506/1/4505 7161/1/7160 4477/1/4476
f 4506/1/4505 1275/1/1275 4497/1/4496 7161/1/7160
f 7161/1/7160 4497/1/4496 1276/1/1276 4509/1/4508
f 4477/1/4476 7161/1/7160 4509/1/4508 1266/1/1266
f 1272/1/1272 4507/1/4506 7162/1/7161 4474/1/4473
f 4507/1/4506 1282/1/1282 4494/1/4493 7162/1/7161
f 7162/1/7161 4494/1/4493 1283/1/1283 4502/1/4501
f 4474/1/4473 7162/1/7161 4502/1/4501 1273/1/1273
f 1266/1/1266 4509/1/4508 7163/1/7162 4471/1/4470
f 4509/1/4508 1276/1/1276 4491/1/4490 7163/1/7162
f 7163/1/7162 4491/1/4490 1277/1/1277 4510/1/4509
f 4471/1/4470 7163/1/7162 4510/1/4509 1267/1/1267
f 1267/1/1267 4510/1/4509 7164/1/7163 4478/1/4477
f 4510/1/4509 1277/1/1277 4498/1/4497 7164/1/7163
f 7164/1/7163 4498/1/4497 1278/1/1278 4504/1/4503
f 4478/1/4477 7164/1/7163 4504/1/4503 1268/1/1268
f 1278/1/1278 4522/1/4521 7165/1/7164 4492/1/4491
f 4522/1/4521 1288/1/1288 4512/1/4511 7165/1/7164
f 7165/1/7164 4512/1/4511 1289/1/1289 4521/1/4520
f 4492/1/4491 7165/1/7164 4521/1/4520 1279/1/1279
f 1279/1/1279 4521/1/4520 7166/1/7165 4499/1/4498
f 4521/1/4520 1289/1/1289 4519/1/4518 7166/1/7165
f 7166/1/7165 4519/1/4518 1290/1/1290 4523/1/4522
f 4499/1/4498 7166/1/7165 4523/1/4522 1280/1/1280
f 1284/1/1284 4525/1/4524 7167/1/7166 4496/1/4495
f 4525/1/4524 1294/1/1294 4516/1/4515 7167/1/7166
f 7167/1/7166 4516/1/4515 1285/1/1285 4524/1/4523
f 4496/1/4495 7167/1/7166 4524/1/4523 1275/1/1275
f 1281/1/1281 4527/1/4526 7168/1/7167 4493/1/4492
f 4527/1/4526 1291/1/1291 4513/1/4512 7168/1/7167
f 7168/1/7167 4513/1/4512 1292/1/1292 4526/1/4525
f 4493/1/4492 7168/1/7167 4526/1/4525 1282/1/1282
f 1280/1/1280 4523/1/4522 7169/1/7168 4500/1/4499
f 4523/1/4522 1290/1/1290 4520/1/4519 7169/1/7168
f 7169/1/7168 4520/1/4519 1291/1/1291 4527/1/4526
f 4500/1/4499 7169/1/7168 4527/1/4526 1281/1/1281
f 1275/1/1275 4524/1/4523 7170/1/7169 4497/1/4496
f 4524/1/4523 1285/1/1285 4517/1/4516 7170/1/7169
f 7170/1/7169 4517/1/4516 1286/1/1286 4528/1/4527
f 4497/1/4496 7170/1/7169 4528/1/4527 1276/1/1276
f 1282/1/1282 4526/1/4525 7171/1/7170 4494/1/4493
f 4526/1/4525 1292/1/1292 4514/1/4513 7171/1/7170
f 7171/1/7170 4514/1/4513 1293/1/1293 4529/1/4528
f 4494/1/4493 7171/1/7170 4529/1/4528 1283/1/1283
f 1276/1/1276 4528/1/4527 7172/1/7171 4491/1/4490
f 4528/1/4527 1286/1/1286 4511/1/4510 7172/1/7171
f 7172/1/7171 4511/1/4510 1287/1/1287 4530/1/4529
f 4491/1/4490 7172/1/7171 4530/1/4529 1277/1/1277
f 1277/1/1277 4530/1/4529 7173/1/7172 4498/1/4497
f 4530/1/4529 1287/1/1287 4518/1/4517 7173/1/7172
f 7173/1/7172 4518/1/4517 1288/1/1288 4522/1/4521
f 4498/1/4497 7173/1/7172 4522/1/4521 1278/1/1278
f 1283/1/1283 4529/1/4528 7174/1/7173 4495/1/4494
f 4529/1/4528 1293/1/1293 4515/1/4514 7174/1/7173
f 7174/1/7173 4515/1/4514 1294/1/1294 4525/1/4524
f 4495/1/4494 7174/1/7173 4525/1/4524 1284/1/1284
f 1294/1/1294 4542/1/4541 7175/1/7174 4516/1/4515
f 4542/1/4541 1304/1/1304 4536/1/4535 7175/1/7174
f 7175/1/7174 4536/1/4535 1295/1/1295 4541/1/4540
f 4516/1/4515 7175/1/7174 4541/1/4540 1285/1/1285
f 1291/1/1291 4544/1/4543 7176/1/7175 4513/1/4512
f 4544/1/4543 1301/1/1301 4533/1/4532 7176/1/7175
f 7176/1/7175 4533/1/4532 1302/1/1302 4543/1/4542
f 4513/1/4512 7176/1/7175 4543/1/4542 1292/1/1292
f 1290/1/1290 4545/1/4544 7177/1/7176 4520/1/4519
f 4545/1/4544 1300/1/1300 4540/1/4539 7177/1/7176
f 7177/1/7176 4540/1/4539 1301/1/1301 4544/1/4543
f 4520/1/4519 7177/1/7176 4544/1/4543 1291/1/1291
f 1285/1/1285 4541/1/4540 7178/1/7177 4517/1/4516
f 4541/1/4540 1295/1/1295 4537/1/4536 7178/1/7177
f 7178/1/7177 4537/1/4536 1296/1/1296 4546/1/4545
f 4517/1/4516 7178/1/7177 4546/1/4545 1286/1/1286
f 1292/1/1292 4543/1/4542 7179/1/7178 4514/1/4513
f 4543/1/4542 1302/1/1302 4534/1/4533 7179/1/7178
f 7179/1/7178 4534/1/4533 1303/1/1303 4547/1/4546
f 4514/1/4513 7179/1/7178 4547/1/4546 1293/1/1293
f 1286/1/1286 4546/1/4545 7180/1/7179 4511/1/4510
f 4546/1/4545 1296/1/1296 4531/1/4530 7180/1/7179
f 7180/1/7179 4531/1/4530 1297/1/1297 4548/1/4547
f 4511/1/4510 7180/1/7179 4548/1/4547 1287/1/1287
f 1287/1/1287 4548/1/4547 7181/1/7180 4518/1/4517
f 4548/1/4547 1297/1/1297 4538/1/4537 7181/1/7180
f 7181/1/7180 4538/1/4537 1298/1/1298 4549/1/4548
f 4518/1/4517 7181/1/7180 4549/1/4548 1288/1/1288
f 1293/1/1293 4547/1/4546 7182/1/7181 4515/1/4514
f 4547/1/4546 1303/1/1303 4535/1/4534 7182/1/7181
f 7182/1/7181 4535/1/4534 1304/1/1304 4542/1/4541
f 4515/1/4514 7182/1/7181 4542/1/4541 1294/1/1294
f 1288/1/1288 4549/1/4548 7183/1/7182 4512/1/4511
f 4549/1/4548 1298/1/1298 4532/1/4531 7183/1/7182
f 7183/1/7182 4532/1/4531 1299/1/1299 4550/1/4549
f 4512/1/4511 7183/1/7182 4550/1/4549 1289/1/1289
f 1289/1/1289 4550/1/4549 7184/1/7183 4519/1/4518
f 4550/1/4549 1299/1/1299 4539/1/4538 7184/1/7183
f 7184/1/7183 4539/1/4538 1300/1/1300 4545/1/4544
f 4519/1/4518 7184/1/7183 4545/1/4544 1290/1/1290
f 1301/1/1301 4562/1/4561 7185/1/7184 4533/1/4532
f 4562/1/4561 1311/1/1311 4553/1/4552 7185/1/7184
f 7185/1/7184 4553/1/4552 1312/1/1312 4561/1/4560
f 4533/1/4532 7185/1/7184 4561/1/4560 1302/1/1302
f 1300/1/1300 4563/1/4562 7186/1/7185 4540/1/4539
f 4563/1/4562 1310/1/1310 4560/1/4559 7186/1/7185
f 7186/1/7185 4560/1/4559 1311/1/1311 4562/1/4561
f 4540/1/4539 7186/1/7185 4562/1/4561 1301/1/1301
f 1295/1/1295 4565/1/4564 7187/1/7186 4537/1/4536
f 4565/1/4564 1305/1/1305 4557/1/4556 7187/1/7186
f 7187/1/7186 4557/1/4556 1306/1/1306 4564/1/4563
f 4537/1/4536 7187/1/7186 4564/1/4563 1296/1/1296
f 1302/1/1302 4561/1/4560 7188/1/7187 4534/1/4533
f 4561/1/4560 1312/1/1312 4554/1/4553 7188/1/7187
f 7188/1/7187 4554/1/4553 1313/1/1313 4566/1/4565
f 4534/1/4533 7188/1/7187 4566/1/4565 1303/1/1303
f 1296/1/1296 4564/1/4563 7189/1/7188 4531/1/4530
f 4564/1/4563 1306/1/1306 4551/1/4550 7189/1/7188
f 7189/1/7188 4551/1/4550 1307/1/1307 4567/1/4566
f 4531/1/4530 7189/1/7188 4567/1/4566 1297/1/1297
f 1297/1/1297 4567/1/4566 7190/1/7189 4538/1/4537
f 4567/1/4566 1307/1/1307 4558/1/4557 7190/1/7189
f 7190/1/7189 4558/1/4557 1308/1/1308 4568/1/4567
f 4538/1/4537 7190/1/7189 4568/1/4567 1298/1/1298
f 1303/1/1303 4566/1/4565 7191/1/7190 4535/1/4534
f 4566/1/4565 1313/1/1313 4555/1/4554 7191/1/7190
f 7191/1/7190 4555/1/4554 1314/1/1314 4569/1/4568
f 4535/1/4534 7191/1/7190 4569/1/4568 1304/1/1304
f 1298/1/1298 4568/1/4567 7192/1/7191 4532/1/4531
f 4568/1/4567 1308/1/1308 4552/1/4551 7192/1/7191
f 7192/1/7191 4552/1/4551 1309/1/1309 4570/1/4569
f 4532/1/4531 7192/1/7191 4570/1/4569 1299/1/1299
f 1299/1/1299 4570/1/4569 7193/1/7192 4539/1/4538
f 4570/1/4569 1309/1/1309 4559/1/4558 7193/1/7192
f 7193/1/7192 4559/1/4558 1310/1/1310 4563/1/4562
f 4539/1/4538 7193/1/7192 4563/1/4562 1300/1/1300
f 1304/1/1304 4569/1/4568 7194/1/7193 4536/1/4535
f 4569/1/4568 1314/1/1314 4556/1/4555 7194/1/7193
f 7194/1/7193 4556/1/4555 1305/1/1305 4565/1/4564
f 4536/1/4535 7194/1/7193 4565/1/4564 1295/1/1295
f 1310/1/1310 4582/1/4581 7195/1/7194 4560/1/4559
f 4582/1/4581 1320/1/1320 4580/1/4579 7195/1/7194
f 7195/1/7194 4580/1/4579 1321/1/1321 4581/1/4580
f 4560/1/4559 7195/1/7194 4581/1/4580 1311/1/1311
f 1305/1/1305 4584/1/4583 7196/1/7195 4557/1/4556
f 4584/1/4583 1315/1/1315 4577/1/4576 7196/1/7195
f 7196/1/7195 4577/1/4576 1316/1/1316 4583/1/4582
f 4557/1/4556 7196/1/7195 4583/1/4582 1306/1/1306
f 1312/1/1312 4586/1/4585 7197/1/7196 4554/1/4553
f 4586/1/4585 1322/1/1322 4574/1/4573 7197/1/7196
f 7197/1/7196 4574/1/4573 1323/1/1323 4585/1/4584
f 4554/1/4553 7197/1/7196 4585/1/4584 1313/1/1313
f 1306/1/1306 4583/1/4582 7198/1/7197 4551/1/4550
f 4583/1/4582 1316/1/1316 4571/1/4570 7198/1/7197
f 7198/1/7197 4571/1/4570 1317/1/1317 4587/1/4586
f 4551/1/4550 7198/1/7197 4587/1/4586 1307/1/1307
f 1307/1/1307 4587/1/4586 7199/1/7198 4558/1/4557
f 4587/1/4586 1317/1/1317 4578/1/4577 7199/1/7198
f 7199/1/7198 4578/1/4577 1318/1/1318 4588/1/4587
f 4558/1/4557 7199/1/7198 4588/1/4587 1308/1/1308
f 1313/1/1313 4585/1/4584 7200/1/7199 4555/1/4554
f 4585/1/4584 1323/1/1323 4575/1/4574 7200/1/7199
f 7200/1/7199 4575/1/4574 1324/1/1324 4589/1/4588
f 4555/1/4554 7200/1/7199 4589/1/4588 1314/1/1314
f 1308/1/1308 4588/1/4587 7201/1/7200 4552/1/4551
f 4588/1/4587 1318/1/1318 4572/1/4571 7201/1/7200
f 7201/1/7200 4572/1/4571 1319/1/1319 4590/1/4589
f 4552/1/4551 7201/1/7200 4590/1/4589 1309/1/1309
f 1309/1/1309 4590/1/4589 7202/1/7201 4559/1/4558
f 4590/1/4589 1319/1/1319 4579/1/4578 7202/1/7201
f 7202/1/7201 4579/1/4578 1320/1/1320 4582/1/4581
f 4559/1/4558 7202/1/7201 4582/1/4581 1310/1/1310
f 1314/1/1314 4589/1/4588 7203/1/7202 4556/1/4555
f 4589/1/4588 1324/1/1324 4576/1/4575 7203/1/7202
f 7203/1/7202 4576/1/4575 1315/1/1315 4584/1/4583
f 4556/1/4555 7203/1/7202 4584/1/4583 1305/1/1305
f 1311/1/1311 4581/1/4580 7204/1/7203 4553/1/4552
f 4581/1/4580 1321/1/1321 4573/1/4572 7204/1/7203
f 7204/1/7203 4573/1/4572 1322/1/1322 4586/1/4585
f 4553/1/4552 7204/1/7203 4586/1/4585 1312/1/1312
f 1315/1/1315 4591/1/4590 7205/1/7204 4577/1/4576
f 1325/1/1325 4592/1/4591 7205/1/7204 4591/1/4590
f 1316/1/1316 4577/1/4576 7205/1/7204 4592/1/4591
f 1322/1/1322 4594/1/4593 7206/1/7205 4574/1/4573
f 1325/1/1325 4593/1/4592 7206/1/7205 4594/1/4593
f 1323/1/1323 4574/1/4573 7206/1/7205 4593/1/4592
f 1316/1/1316 4592/1/4591 7207/1/7206 4571/1/4570
f 1325/1/1325 4595/1/4594 7207/1/7206 4592/1/4591
f 1317/1/1317 4571/1/4570 7207/1/7206 4595/1/4594
f 1317/1/1317 4595/1/4594 7208/1/7207 4578/1/4577
f 1325/1/1325 4596/1/4595 7208/1/7207 4595/1/4594
f 1318/1/1318 4578/1/4577 7208/1/7207 4596/1/4595
f 1323/1/1323 4593/1/4592 7209/1/7208 4575/1/4574
f 1325/1/1325 4597/1/4596 7209/1/7208 4593/1/4592
f 1324/1/1324 4575/1/4574 7209/1/7208 4597/1/4596
f 1318/1/1318 4596/1/4595 7210/1/7209 4572/1/4571
f 1325/1/1325 4598/1/4597 7210/1/7209 4596/1/4595
f 1319/1/1319 4572/1/4571 7210/1/7209 4598/1/4597
f 1319/1/1319 4598/1/4597 7211/1/7210 4579/1/4578
f 1325/1/1325 4599/1/4598 7211/1/7210 4598/1/4597
f 1320/1/1320 4579/1/4578 7211/1/7210 4599/1/4598
f 1324/1/1324 4597/1/4596 7212/1/7211 4576/1/4575
f 1325/1/1325 4591/1/4590 7212/1/7211 4597/1/4596
f 1315/1/1315 4576/1/4575 7212/1/7211 4591/1/4590
f 1321/1/1321 4600/1/4599 7213/1/7212 4573/1/4572
f 1325/1/1325 4594/1/4593 7213/1/7212 4600/1/4599
f 1322/1/1322 4573/1/4572 7213/1/7212 4594/1/4593
f 1320/1/1320 4599/1/4598 7214/1/7213 4580/1/4579
f 1325/1/1325 4600/1/4599 7214/1/7213 4599/1/4598
f 1321/1/1321 4580/1/4579 7214/1/7213 4600/1/4599
f 1183/1/1183 4610/1/4609 7215/1/7214 4308/1/4307
f 4610/1/4609 1331/1/1331 4606/1/4605 7215/1/7214
f 7215/1/7214 4606/1/4605 1326/1/1326 4609/1/4608
f 4308/1/4307 7215/1/7214 4609/1/4608 1148/1/1148
f 1184/1/1184 4611/1/4610 7216/1/7215 4309/1/4308
f 4611/1/4610 1332/1/1332 4607/1/4606 7216/1/7215
f 7216/1/7215 4607/1/4606 1331/1/1331 4610/1/4609
f 4309/1/4308 7216/1/7215 4610/1/4609 1183/1/1183
f 201/1/201 2638/1/2638 7217/1/7216 4310/1/4309
f 2638/1/2638 351/1/351 4608/1/4607 7217/1/7216
f 7217/1/7216 4608/1/4607 1332/1/1332 4611/1/4610
f 4310/1/4309 7217/1/7216 4611/1/4610 1184/1/1184
f 1173/1/1173 4612/1/4611 7218/1/7217 4303/1/4302
f 4612/1/4611 1330/1/1330 4601/1/4600 7218/1/7217
f 7218/1/7217 4601/1/4600 348/1/348 2639/1/2639
f 4303/1/4302 7218/1/7217 2639/1/2639 195/1/195
f 1165/1/1165 4613/1/4612 7219/1/7218 4304/1/4303
f 4613/1/4612 1329/1/1329 4602/1/4601 7219/1/7218
f 7219/1/7218 4602/1/4601 1330/1/1330 4612/1/4611
f 4304/1/4303 7219/1/7218 4612/1/4611 1173/1/1173
f 1157/1/1157 4614/1/4613 7220/1/7219 4305/1/4304
f 4614/1/4613 1328/1/1328 4603/1/4602 7220/1/7219
f 7220/1/7219 4603/1/4602 1329/1/1329 4613/1/4612
f 4305/1/4304 7220/1/7219 4613/1/4612 1165/1/1165
f 1149/1/1149 4615/1/4614 7221/1/7220 4306/1/4305
f 4615/1/4614 1327/1/1327 4604/1/4603 7221/1/7220
f 7221/1/7220 4604/1/4603 1328/1/1328 4614/1/4613
f 4306/1/4305 7221/1/7220 4614/1/4613 1157/1/1157
f 1148/1/1148 4609/1/4608 7222/1/7221 4307/1/4306
f 4609/1/4608 1326/1/1326 4605/1/4604 7222/1/7221
f 7222/1/7221 4605/1/4604 1327/1/1327 4615/1/4614
f 4307/1/4306 7222/1/7221 4615/1/4614 1149/1/1149
f 1341/1/1341 4632/1/4631 7223/1/7222 4645/1/4644
f 4632/1/4631 1338/1/1338 4621/1/4620 7223/1/7222
f 7223/1/7222 4621/1/4620 1333/1/1333 4624/1/4623
f 4645/1/4644 7223/1/7222 4624/1/4623 1340/1/1340
f 1342/1/1342 4633/1/4632 7224/1/7223 4644/1/4643
f 4633/1/4632 1339/1/1339 4622/1/4621 7224/1/7223
f 7224/1/7223 4622/1/4621 1338/1/1338 4632/1/4631
f 4644/1/4643 7224/1/7223 4632/1/4631 1341/1/1341
f 364/1/364 2665/1/2665 7225/1/7224 4643/1/4642
f 2665/1/2665 360/1/360 4623/1/4622 7225/1/7224
f 7225/1/7224 4623/1/4622 1339/1/1339 4633/1/4632
f 4643/1/4642 7225/1/7224 4633/1/4632 1342/1/1342
f 1343/1/1343 4634/1/4633 7226/1/7225 4642/1/4641
f 4634/1/4633 1337/1/1337 4616/1/4615 7226/1/7225
f 7226/1/7225 4616/1/4615 357/1/357 2657/1/2657
f 4642/1/4641 7226/1/7225 2657/1/2657 365/1/365
f 1344/1/1344 4635/1/4634 7227/1/7226 4641/1/4640
f 4635/1/4634 1336/1/1336 4617/1/4616 7227/1/7226
f 7227/1/7226 4617/1/4616 1337/1/1337 4634/1/4633
f 4641/1/4640 7227/1/7226 4634/1/4633 1343/1/1343
f 1345/1/1345 4636/1/4635 7228/1/7227 4640/1/4639
f 4636/1/4635 1335/1/1335 4618/1/4617 7228/1/7227
f 7228/1/7227 4618/1/4617 1336/1/1336 4635/1/4634
f 4640/1/4639 7228/1/7227 4635/1/4634 1344/1/1344
f 1346/1/1346 4637/1/4636 7229/1/7228 4639/1/4638
f 4637/1/4636 1334/1/1334 4619/1/4618 7229/1/7228
f 7229/1/7228 4619/1/4618 1335/1/1335 4636/1/4635
f 4639/1/4638 7229/1/7228 4636/1/4635 1345/1/1345
f 1340/1/1340 4624/1/4623 7230/1/7229 4638/1/4637
f 4624/1/4623 1333/1/1333 4620/1/4619 7230/1/7229
f 7230/1/7229 4620/1/4619 1334/1/1334 4637/1/4636
f 4638/1/4637 7230/1/7229 4637/1/4636 1346/1/1346
f 1326/1/1326 4631/1/4630 7231/1/7230 4605/1/4604
f 4631/1/4630 1340/1/1340 4638/1/4637 7231/1/7230
f 7231/1/7230 4638/1/4637 1346/1/1346 4630/1/4629
f 4605/1/4604 7231/1/7230 4630/1/4629 1327/1/1327
f 1327/1/1327 4630/1/4629 7232/1/7231 4604/1/4603
f 4630/1/4629 1346/1/1346 4639/1/4638 7232/1/7231
f 7232/1/7231 4639/1/4638 1345/1/1345 4629/1/4628
f 4604/1/4603 7232/1/7231 4629/1/4628 1328/1/1328
f 1328/1/1328 4629/1/4628 7233/1/7232 4603/1/4602
f 4629/1/4628 1345/1/1345 4640/1/4639 7233/1/7232
f 7233/1/7232 4640/1/4639 1344/1/1344 4628/1/4627
f 4603/1/4602 7233/1/7232 4628/1/4627 1329/1/1329
f 1329/1/1329 4628/1/4627 7234/1/7233 4602/1/4601
f 4628/1/4627 1344/1/1344 4641/1/4640 7234/1/7233
f 7234/1/7233 4641/1/4640 1343/1/1343 4627/1/4626
f 4602/1/4601 7234/1/7233 4627/1/4626 1330/1/1330
f 1330/1/1330 4627/1/4626 7235/1/7234 4601/1/4600
f 4627/1/4626 1343/1/1343 4642/1/4641 7235/1/7234
f 7235/1/7234 4642/1/4641 365/1/365 2666/1/2666
f 4601/1/4600 7235/1/7234 2666/1/2666 348/1/348
f 351/1/351 2656/1/2656 7236/1/7235 4608/1/4607
f 2656/1/2656 364/1/364 4643/1/4642 7236/1/7235
f 7236/1/7235 4643/1/4642 1342/1/1342 4626/1/4625
f 4608/1/4607 7236/1/7235 4626/1/4625 1332/1/1332
f 1332/1/1332 4626/1/4625 7237/1/7236 4607/1/4606
f 4626/1/4625 1342/1/1342 4644/1/4643 7237/1/7236
f 7237/1/7236 4644/1/4643 1341/1/1341 4625/1/4624
f 4607/1/4606 7237/1/7236 4625/1/4624 1331/1/1331
f 1331/1/1331 4625/1/4624 7238/1/7237 4606/1/4605
f 4625/1/4624 1341/1/1341 4645/1/4644 7238/1/7237
f 7238/1/7237 4645/1/4644 1340/1/1340 4631/1/4630
f 4606/1/4605 7238/1/7237 4631/1/4630 1326/1/1326
f 1434/1/1434 4816/1/4815 7239/1/7238 4812/1/4811
f 4816/1/4815 1436/1/1436 4686/1/4685 7239/1/7238
f 7239/1/7238 4686/1/4685 1371/1/1371 4745/1/4744
f 4812/1/4811 7239/1/7238 4745/1/4744 1374/1/1374
f 1396/1/1396 4747/1/4746 7240/1/7239 4752/1/4751
f 4747/1/4746 1348/1/1348 4648/1/4647 7240/1/7239
f 7240/1/7239 4648/1/4647 373/1/373 2682/1/2682
f 4752/1/4751 7240/1/7239 2682/1/2682 433/1/433
f 1348/1/1348 4650/1/4649 7241/1/7240 4648/1/4647
f 4650/1/4649 1349/1/1349 4649/1/4648 7241/1/7240
f 7241/1/7240 4649/1/4648 375/1/375 2684/1/2684
f 4648/1/4647 7241/1/7240 2684/1/2684 373/1/373
f 1349/1/1349 4652/1/4651 7242/1/7241 4649/1/4648
f 4652/1/4651 1350/1/1350 4651/1/4650 7242/1/7241
f 7242/1/7241 4651/1/4650 377/1/377 2687/1/2687
f 4649/1/4648 7242/1/7241 2687/1/2687 375/1/375
f 1350/1/1350 4654/1/4653 7243/1/7242 4651/1/4650
f 4654/1/4653 1351/1/1351 4653/1/4652 7243/1/7242
f 7243/1/7242 4653/1/4652 379/1/379 2690/1/2690
f 4651/1/4650 7243/1/7242 2690/1/2690 377/1/377
f 1350/1/1350 4657/1/4656 7244/1/7243 4654/1/4653
f 4657/1/4656 1352/1/1352 4655/1/4654 7244/1/7243
f 7244/1/7243 4655/1/4654 1353/1/1353 4656/1/4655
f 4654/1/4653 7244/1/7243 4656/1/4655 1351/1/1351
f 1352/1/1352 4660/1/4659 7245/1/7244 4655/1/4654
f 4660/1/4659 1354/1/1354 4658/1/4657 7245/1/7244
f 7245/1/7244 4658/1/4657 1355/1/1355 4659/1/4658
f 4655/1/4654 7245/1/7244 4659/1/4658 1353/1/1353
f 1356/1/1356 4665/1/4664 7246/1/7245 4726/1/4725
f 4665/1/4664 1354/1/1354 4684/1/4683 7246/1/7245
f 7246/1/7245 4684/1/4683 1369/1/1369 4720/1/4719
f 4726/1/4725 7246/1/7245 4720/1/4719 1388/1/1388
f 1457/1/1457 4870/1/4869 7247/1/7246 4877/1/4876
f 4870/1/4869 1358/1/1358 4666/1/4665 7247/1/7246
f 7247/1/7246 4666/1/4665 1359/1/1359 4667/1/4666
f 4877/1/4876 7247/1/7246 4667/1/4666 1450/1/1450
f 1468/1/1468 4893/1/4892 7248/1/7247 4888/1/4887
f 4893/1/4892 1467/1/1467 4887/1/4886 7248/1/7247
f 7248/1/7247 4887/1/4886 1440/1/1440 4823/1/4822
f 4888/1/4887 7248/1/7247 4823/1/4822 1448/1/1448
f 1360/1/1360 4673/1/4672 7249/1/7248 4668/1/4667
f 4673/1/4672 1362/1/1362 4671/1/4670 7249/1/7248
f 7249/1/7248 4671/1/4670 1363/1/1363 4672/1/4671
f 4668/1/4667 7249/1/7248 4672/1/4671 1361/1/1361
f 1362/1/1362 4676/1/4675 7250/1/7249 4671/1/4670
f 4676/1/4675 1364/1/1364 4674/1/4673 7250/1/7249
f 7250/1/7249 4674/1/4673 1365/1/1365 4675/1/4674
f 4671/1/4670 7250/1/7249 4675/1/4674 1363/1/1363
f 1364/1/1364 4678/1/4677 7251/1/7250 4674/1/4673
f 4678/1/4677 394/1/394 2714/1/2714 7251/1/7250
f 7251/1/7250 2714/1/2714 395/1/395 4677/1/4676
f 4674/1/4673 7251/1/7250 4677/1/4676 1365/1/1365
f 1349/1/1349 4681/1/4680 7252/1/7251 4652/1/4651
f 4681/1/4680 1366/1/1366 4679/1/4678 7252/1/7251
f 7252/1/7251 4679/1/4678 1352/1/1352 4657/1/4656
f 4652/1/4651 7252/1/7251 4657/1/4656 1350/1/1350
f 1348/1/1348 4682/1/4681 7253/1/7252 4650/1/4649
f 4682/1/4681 1367/1/1367 4680/1/4679 7253/1/7252
f 7253/1/7252 4680/1/4679 1366/1/1366 4681/1/4680
f 4650/1/4649 7253/1/7252 4681/1/4680 1349/1/1349
f 1396/1/1396 4751/1/4750 7254/1/7253 4747/1/4746
f 4751/1/4750 1397/1/1397 4748/1/4747 7254/1/7253
f 7254/1/7253 4748/1/4747 1367/1/1367 4682/1/4681
f 4747/1/4746 7254/1/7253 4682/1/4681 1348/1/1348
f 1372/1/1372 4746/1/4745 7255/1/7254 4695/1/4694
f 4746/1/4745 1347/1/1347 4646/1/4645 7255/1/7254
f 7255/1/7254 4646/1/4645 371/1/371 2790/1/2790
f 4695/1/4694 7255/1/7254 2790/1/2790 402/1/402
f 1354/1/1354 4660/1/4659 7256/1/7255 4684/1/4683
f 4660/1/4659 1352/1/1352 4679/1/4678 7256/1/7255
f 7256/1/7255 4679/1/4678 1366/1/1366 4687/1/4686
f 4684/1/4683 7256/1/7255 4687/1/4686 1369/1/1369
f 1367/1/1367 4688/1/4687 7257/1/7256 4680/1/4679
f 4688/1/4687 1370/1/1370 4685/1/4684 7257/1/7256
f 7257/1/7256 4685/1/4684 1369/1/1369 4687/1/4686
f 4680/1/4679 7257/1/7256 4687/1/4686 1366/1/1366
f 1397/1/1397 4750/1/4749 7258/1/7257 4748/1/4747
f 4750/1/4749 1398/1/1398 4749/1/4748 7258/1/7257
f 7258/1/7257 4749/1/4748 1370/1/1370 4688/1/4687
f 4748/1/4747 7258/1/7257 4688/1/4687 1367/1/1367
f 1373/1/1373 4744/1/4743 7259/1/7258 4694/1/4693
f 4744/1/4743 1368/1/1368 4683/1/4682 7259/1/7258
f 7259/1/7258 4683/1/4682 1347/1/1347 4746/1/4745
f 4694/1/4693 7259/1/7258 4746/1/4745 1372/1/1372
f 1375/1/1375 4692/1/4691 7260/1/7259 4735/1/4734
f 4692/1/4691 1374/1/1374 4693/1/4692 7260/1/7259
f 7260/1/7259 4693/1/4692 1373/1/1373 4691/1/4690
f 4735/1/4734 7260/1/7259 4691/1/4690 1393/1/1393
f 1393/1/1393 4691/1/4690 7261/1/7260 4753/1/4752
f 4691/1/4690 1373/1/1373 4694/1/4693 7261/1/7260
f 7261/1/7260 4694/1/4693 1372/1/1372 4731/1/4730
f 4753/1/4752 7261/1/7260 4731/1/4730 1399/1/1399
f 1399/1/1399 4731/1/4730 7262/1/7261 4754/1/4753
f 4731/1/4730 1372/1/1372 4695/1/4694 7262/1/7261
f 7262/1/7261 4695/1/4694 402/1/402 2728/1/2728
f 4754/1/4753 7262/1/7261 2728/1/2728 432/1/432
f 1376/1/1376 4696/1/4695 7263/1/7262 4697/1/4696
f 4696/1/4695 1339/1/1339 4623/1/4622 7263/1/7262
f 7263/1/7262 4623/1/4622 360/1/360 2735/1/2735
f 4697/1/4696 7263/1/7262 2735/1/2735 406/1/406
f 1338/1/1338 4622/1/4621 7264/1/7263 4700/1/4699
f 4622/1/4621 1339/1/1339 4696/1/4695 7264/1/7263
f 7264/1/7263 4696/1/4695 1376/1/1376 4698/1/4697
f 4700/1/4699 7264/1/7263 4698/1/4697 1377/1/1377
f 1378/1/1378 4701/1/4700 7265/1/7264 4699/1/4698
f 4701/1/4700 1333/1/1333 4621/1/4620 7265/1/7264
f 7265/1/7264 4621/1/4620 1338/1/1338 4700/1/4699
f 4699/1/4698 7265/1/7264 4700/1/4699 1377/1/1377
f 407/1/407 4703/1/4702 7266/1/7265 2736/1/2736
f 4703/1/4702 1379/1/1379 4702/1/4701 7266/1/7265
f 7266/1/7265 4702/1/4701 1376/1/1376 4697/1/4696
f 2736/1/2736 7266/1/7265 4697/1/4696 406/1/406
f 1377/1/1377 4698/1/4697 7267/1/7266 4706/1/4705
f 4698/1/4697 1376/1/1376 4702/1/4701 7267/1/7266
f 7267/1/7266 4702/1/4701 1379/1/1379 4704/1/4703
f 4706/1/4705 7267/1/7266 4704/1/4703 1380/1/1380
f 1378/1/1378 4699/1/4698 7268/1/7267 4707/1/4706
f 4699/1/4698 1377/1/1377 4706/1/4705 7268/1/7267
f 7268/1/7267 4706/1/4705 1380/1/1380 4705/1/4704
f 4707/1/4706 7268/1/7267 4705/1/4704 1381/1/1381
f 408/1/408 4710/1/4709 7269/1/7268 2737/1/2737
f 4710/1/4709 1382/1/1382 4708/1/4707 7269/1/7268
f 7269/1/7268 4708/1/4707 1379/1/1379 4703/1/4702
f 2737/1/2737 7269/1/7268 4703/1/4702 407/1/407
f 1380/1/1380 4704/1/4703 7270/1/7269 4709/1/4708
f 4704/1/4703 1379/1/1379 4708/1/4707 7270/1/7269
f 7270/1/7269 4708/1/4707 1382/1/1382 4711/1/4710
f 4709/1/4708 7270/1/7269 4711/1/4710 1383/1/1383
f 1381/1/1381 4705/1/4704 7271/1/7270 4713/1/4712
f 4705/1/4704 1380/1/1380 4709/1/4708 7271/1/7270
f 7271/1/7270 4709/1/4708 1383/1/1383 4712/1/4711
f 4713/1/4712 7271/1/7270 4712/1/4711 1384/1/1384
f 1382/1/1382 4710/1/4709 7272/1/7271 4714/1/4713
f 4710/1/4709 408/1/408 2758/1/2758 7272/1/7271
f 7272/1/7271 2758/1/2758 419/1/419 4715/1/4714
f 4714/1/4713 7272/1/7271 4715/1/4714 1385/1/1385
f 1384/1/1384 4712/1/4711 7273/1/7272 4719/1/4718
f 4712/1/4711 1383/1/1383 4718/1/4717 7273/1/7272
f 7273/1/7272 4718/1/4717 1386/1/1386 4717/1/4716
f 4719/1/4718 7273/1/7272 4717/1/4716 1387/1/1387
f 1383/1/1383 4711/1/4710 7274/1/7273 4718/1/4717
f 4711/1/4710 1382/1/1382 4714/1/4713 7274/1/7273
f 7274/1/7273 4714/1/4713 1385/1/1385 4716/1/4715
f 4718/1/4717 7274/1/7273 4716/1/4715 1386/1/1386
f 1388/1/1388 4720/1/4719 7275/1/7274 4736/1/4735
f 4720/1/4719 1369/1/1369 4685/1/4684 7275/1/7274
f 7275/1/7274 4685/1/4684 1370/1/1370 4732/1/4731
f 4736/1/4735 7275/1/7274 4732/1/4731 1394/1/1394
f 1449/1/1449 4820/1/4819 7276/1/7275 4826/1/4825
f 4820/1/4819 1433/1/1433 4838/1/4837 7276/1/7275
f 7276/1/7275 4838/1/4837 1437/1/1437 4843/1/4842
f 4826/1/4825 7276/1/7275 4843/1/4842 1441/1/1441
f 1362/1/1362 4673/1/4672 7277/1/7276 4729/1/4728
f 4673/1/4672 1360/1/1360 4728/1/4727 7277/1/7276
f 7277/1/7276 4728/1/4727 1390/1/1390 4723/1/4722
f 4729/1/4728 7277/1/7276 4723/1/4722 1391/1/1391
f 1364/1/1364 4676/1/4675 7278/1/7277 4730/1/4729
f 4676/1/4675 1362/1/1362 4729/1/4728 7278/1/7277
f 7278/1/7277 4729/1/4728 1391/1/1391 4724/1/4723
f 4730/1/4729 7278/1/7277 4724/1/4723 1392/1/1392
f 1364/1/1364 4730/1/4729 7279/1/7278 4678/1/4677
f 4730/1/4729 1392/1/1392 4725/1/4724 7279/1/7278
f 7279/1/7278 4725/1/4724 420/1/420 2759/1/2759
f 4678/1/4677 7279/1/7278 2759/1/2759 394/1/394
f 1335/1/1335 4662/1/4661 7280/1/7279 4618/1/4617
f 4662/1/4661 1375/1/1375 4735/1/4734 7280/1/7279
f 7280/1/7279 4735/1/4734 1393/1/1393 4661/1/4660
f 4618/1/4617 7280/1/7279 4661/1/4660 1336/1/1336
f 1443/1/1443 4849/1/4848 7281/1/7280 4831/1/4830
f 4849/1/4848 1356/1/1356 4726/1/4725 7281/1/7280
f 7281/1/7280 4726/1/4725 1388/1/1388 4860/1/4859
f 4831/1/4830 7281/1/7280 4860/1/4859 1444/1/1444
f 1358/1/1358 4841/1/4840 7282/1/7281 4666/1/4665
f 4841/1/4840 1360/1/1360 4668/1/4667 7282/1/7281
f 7282/1/7281 4668/1/4667 1361/1/1361 4833/1/4832
f 4666/1/4665 7282/1/7281 4833/1/4832 1359/1/1359
f 1386/1/1386 4739/1/4738 7283/1/7282 4717/1/4716
f 4739/1/4738 1391/1/1391 4723/1/4722 7283/1/7282
f 7283/1/7282 4723/1/4722 1390/1/1390 4738/1/4737
f 4717/1/4716 7283/1/7282 4738/1/4737 1387/1/1387
f 1385/1/1385 4740/1/4739 7284/1/7283 4716/1/4715
f 4740/1/4739 1392/1/1392 4724/1/4723 7284/1/7283
f 7284/1/7283 4724/1/4723 1391/1/1391 4739/1/4738
f 4716/1/4715 7284/1/7283 4739/1/4738 1386/1/1386
f 420/1/420 4725/1/4724 7285/1/7284 2739/1/2739
f 4725/1/4724 1392/1/1392 4740/1/4739 7285/1/7284
f 7285/1/7284 4740/1/4739 1385/1/1385 4715/1/4714
f 2739/1/2739 7285/1/7284 4715/1/4714 419/1/419
f 1347/1/1347 4683/1/4682 7286/1/7285 4741/1/4740
f 4683/1/4682 1368/1/1368 4742/1/4741 7286/1/7285
f 7286/1/7285 4742/1/4741 1397/1/1397 4751/1/4750
f 4741/1/4740 7286/1/7285 4751/1/4750 1396/1/1396
f 371/1/371 4646/1/4645 7287/1/7286 2794/1/2794
f 4646/1/4645 1347/1/1347 4741/1/4740 7287/1/7286
f 7287/1/7286 4741/1/4740 1396/1/1396 4752/1/4751
f 2794/1/2794 7287/1/7286 4752/1/4751 433/1/433
f 1436/1/1436 4815/1/4814 7288/1/7287 4686/1/4685
f 4815/1/4814 1435/1/1435 4818/1/4817 7288/1/7287
f 7288/1/7287 4818/1/4817 1398/1/1398 4743/1/4742
f 4686/1/4685 7288/1/7287 4743/1/4742 1371/1/1371
f 1444/1/1444 4860/1/4859 7289/1/7288 4830/1/4829
f 4860/1/4859 1388/1/1388 4736/1/4735 7289/1/7288
f 7289/1/7288 4736/1/4735 1394/1/1394 4861/1/4860
f 4830/1/4829 7289/1/7288 4861/1/4860 1445/1/1445
f 1336/1/1336 4661/1/4660 7290/1/7289 4617/1/4616
f 4661/1/4660 1393/1/1393 4753/1/4752 7290/1/7289
f 7290/1/7289 4753/1/4752 1399/1/1399 4647/1/4646
f 4617/1/4616 7290/1/7289 4647/1/4646 1337/1/1337
f 1337/1/1337 4647/1/4646 7291/1/7290 4616/1/4615
f 4647/1/4646 1399/1/1399 4754/1/4753 7291/1/7290
f 7291/1/7290 4754/1/4753 432/1/432 2738/1/2738
f 4616/1/4615 7291/1/7290 2738/1/2738 357/1/357
f 1355/1/1355 4658/1/4657 7292/1/7291 4664/1/4663
f 4658/1/4657 1354/1/1354 4665/1/4664 7292/1/7291
f 7292/1/7291 4665/1/4664 1356/1/1356 4663/1/4662
f 4664/1/4663 7292/1/7291 4663/1/4662 1357/1/1357
f 1378/1/1378 4757/1/4756 7293/1/7292 4701/1/4700
f 4757/1/4756 1401/1/1401 4755/1/4754 7293/1/7292
f 7293/1/7292 4755/1/4754 1400/1/1400 4756/1/4755
f 4701/1/4700 7293/1/7292 4756/1/4755 1333/1/1333
f 1438/1/1438 4858/1/4857 7294/1/7293 4690/1/4689
f 4858/1/4857 1436/1/1436 4816/1/4815 7294/1/7293
f 7294/1/7293 4816/1/4815 1434/1/1434 4857/1/4856
f 4690/1/4689 7294/1/7293 4857/1/4856 1426/1/1426
f 1459/1/1459 4879/1/4878 7295/1/7294 4902/1/4901
f 4879/1/4878 1405/1/1405 4759/1/4758 7295/1/7294
f 7295/1/7294 4759/1/4758 1404/1/1404 4760/1/4759
f 4902/1/4901 7295/1/7294 4760/1/4759 1458/1/1458
f 1405/1/1405 4764/1/4763 7296/1/7295 4759/1/4758
f 4764/1/4763 1407/1/1407 4762/1/4761 7296/1/7295
f 7296/1/7295 4762/1/4761 1406/1/1406 4763/1/4762
f 4759/1/4758 7296/1/7295 4763/1/4762 1404/1/1404
f 1335/1/1335 4767/1/4766 7297/1/7296 4662/1/4661
f 4767/1/4766 1408/1/1408 4765/1/4764 7297/1/7296
f 7297/1/7296 4765/1/4764 1409/1/1409 4766/1/4765
f 4662/1/4661 7297/1/7296 4766/1/4765 1375/1/1375
f 1401/1/1401 4851/1/4850 7298/1/7297 4755/1/4754
f 4851/1/4850 1403/1/1403 4758/1/4757 7298/1/7297
f 7298/1/7297 4758/1/4757 1402/1/1402 4850/1/4849
f 4755/1/4754 7298/1/7297 4850/1/4849 1400/1/1400
f 1461/1/1461 4881/1/4880 7299/1/7298 4901/1/4900
f 4881/1/4880 1412/1/1412 4769/1/4768 7299/1/7298
f 7299/1/7298 4769/1/4768 1413/1/1413 4770/1/4769
f 4901/1/4900 7299/1/7298 4770/1/4769 1460/1/1460
f 1412/1/1412 4774/1/4773 7300/1/7299 4769/1/4768
f 4774/1/4773 1414/1/1414 4772/1/4771 7300/1/7299
f 7300/1/7299 4772/1/4771 1415/1/1415 4773/1/4772
f 4769/1/4768 7300/1/7299 4773/1/4772 1413/1/1413
f 1334/1/1334 4620/1/4619 7301/1/7300 4775/1/4774
f 4620/1/4619 1333/1/1333 4756/1/4755 7301/1/7300
f 7301/1/7300 4756/1/4755 1400/1/1400 4778/1/4777
f 4775/1/4774 7301/1/7300 4778/1/4777 1416/1/1416
f 1408/1/1408 4853/1/4852 7302/1/7301 4765/1/4764
f 4853/1/4852 1410/1/1410 4768/1/4767 7302/1/7301
f 7302/1/7301 4768/1/4767 1411/1/1411 4852/1/4851
f 4765/1/4764 7302/1/7301 4852/1/4851 1409/1/1409
f 1458/1/1458 4900/1/4899 7303/1/7302 4878/1/4877
f 4900/1/4899 1462/1/1462 4882/1/4881 7303/1/7302
f 7303/1/7302 4882/1/4881 1417/1/1417 4779/1/4778
f 4878/1/4877 7303/1/7302 4779/1/4778 1402/1/1402
f 1406/1/1406 4781/1/4780 7304/1/7303 4763/1/4762
f 4781/1/4780 1419/1/1419 4777/1/4776 7304/1/7303
f 7304/1/7303 4777/1/4776 1418/1/1418 4780/1/4779
f 4763/1/4762 7304/1/7303 4780/1/4779 1404/1/1404
f 1334/1/1334 4775/1/4774 7305/1/7304 4619/1/4618
f 4775/1/4774 1416/1/1416 4782/1/4781 7305/1/7304
f 7305/1/7304 4782/1/4781 1408/1/1408 4767/1/4766
f 4619/1/4618 7305/1/7304 4767/1/4766 1335/1/1335
f 1402/1/1402 4779/1/4778 7306/1/7305 4850/1/4849
f 4779/1/4778 1417/1/1417 4854/1/4853 7306/1/7305
f 7306/1/7305 4854/1/4853 1416/1/1416 4778/1/4777
f 4850/1/4849 7306/1/7305 4778/1/4777 1400/1/1400
f 1461/1/1461 4771/1/4770 7307/1/7306 4899/1/4898
f 4771/1/4770 1410/1/1410 4783/1/4782 7307/1/7306
f 7307/1/7306 4783/1/4782 1417/1/1417 4882/1/4881
f 4899/1/4898 7307/1/7306 4882/1/4881 1462/1/1462
f 1414/1/1414 4774/1/4773 7308/1/7307 4785/1/4784
f 4774/1/4773 1412/1/1412 4784/1/4783 7308/1/7307
f 7308/1/7307 4784/1/4783 1418/1/1418 4777/1/4776
f 4785/1/4784 7308/1/7307 4777/1/4776 1419/1/1419
f 1405/1/1405 4789/1/4788 7309/1/7308 4764/1/4763
f 4789/1/4788 1421/1/1421 4787/1/4786 7309/1/7308
f 7309/1/7308 4787/1/4786 1422/1/1422 4788/1/4787
f 4764/1/4763 7309/1/7308 4788/1/4787 1407/1/1407
f 1459/1/1459 4898/1/4897 7310/1/7309 4879/1/4878
f 4898/1/4897 1463/1/1463 4883/1/4882 7310/1/7309
f 7310/1/7309 4883/1/4882 1421/1/1421 4789/1/4788
f 4879/1/4878 7310/1/7309 4789/1/4788 1405/1/1405
f 1421/1/1421 4794/1/4793 7311/1/7310 4787/1/4786
f 4794/1/4793 1424/1/1424 4792/1/4791 7311/1/7310
f 7311/1/7310 4792/1/4791 1425/1/1425 4793/1/4792
f 4787/1/4786 7311/1/7310 4793/1/4792 1422/1/1422
f 1463/1/1463 4897/1/4896 7312/1/7311 4883/1/4882
f 4897/1/4896 1464/1/1464 4884/1/4883 7312/1/7311
f 7312/1/7311 4884/1/4883 1424/1/1424 4794/1/4793
f 4883/1/4882 7312/1/7311 4794/1/4793 1421/1/1421
f 1415/1/1415 4799/1/4798 7313/1/7312 4773/1/4772
f 4799/1/4798 1428/1/1428 4797/1/4796 7313/1/7312
f 7313/1/7312 4797/1/4796 1427/1/1427 4798/1/4797
f 4773/1/4772 7313/1/7312 4798/1/4797 1413/1/1413
f 1460/1/1460 4896/1/4895 7314/1/7313 4880/1/4879
f 4896/1/4895 1465/1/1465 4885/1/4884 7314/1/7313
f 7314/1/7313 4885/1/4884 1426/1/1426 4800/1/4799
f 4880/1/4879 7314/1/7313 4800/1/4799 1411/1/1411
f 1428/1/1428 4803/1/4802 7315/1/7314 4797/1/4796
f 4803/1/4802 1430/1/1430 4801/1/4800 7315/1/7314
f 7315/1/7314 4801/1/4800 1429/1/1429 4802/1/4801
f 4797/1/4796 7315/1/7314 4802/1/4801 1427/1/1427
f 1453/1/1453 4876/1/4875 7316/1/7315 4804/1/4803
f 4876/1/4875 1454/1/1454 4805/1/4804 7316/1/7315
f 7316/1/7315 4805/1/4804 1429/1/1429 4801/1/4800
f 4804/1/4803 7316/1/7315 4801/1/4800 1430/1/1430
f 1381/1/1381 4807/1/4806 7317/1/7316 4707/1/4706
f 4807/1/4806 1431/1/1431 4806/1/4805 7317/1/7316
f 7317/1/7316 4806/1/4805 1401/1/1401 4757/1/4756
f 4707/1/4706 7317/1/7316 4757/1/4756 1378/1/1378
f 1410/1/1410 4853/1/4852 7318/1/7317 4783/1/4782
f 4853/1/4852 1408/1/1408 4782/1/4781 7318/1/7317
f 7318/1/7317 4782/1/4781 1416/1/1416 4854/1/4853
f 4783/1/4782 7318/1/7317 4854/1/4853 1417/1/1417
f 1384/1/1384 4809/1/4808 7319/1/7318 4713/1/4712
f 4809/1/4808 1432/1/1432 4808/1/4807 7319/1/7318
f 7319/1/7318 4808/1/4807 1431/1/1431 4807/1/4806
f 4713/1/4712 7319/1/7318 4807/1/4806 1381/1/1381
f 1401/1/1401 4806/1/4805 7320/1/7319 4851/1/4850
f 4806/1/4805 1431/1/1431 4855/1/4854 7320/1/7319
f 7320/1/7319 4855/1/4854 1420/1/1420 4790/1/4789
f 4851/1/4850 7320/1/7319 4790/1/4789 1403/1/1403
f 1387/1/1387 4811/1/4810 7321/1/7320 4719/1/4718
f 4811/1/4810 1433/1/1433 4810/1/4809 7321/1/7320
f 7321/1/7320 4810/1/4809 1432/1/1432 4809/1/4808
f 4719/1/4718 7321/1/7320 4809/1/4808 1384/1/1384
f 1374/1/1374 4692/1/4691 7322/1/7321 4812/1/4811
f 4692/1/4691 1375/1/1375 4766/1/4765 7322/1/7321
f 7322/1/7321 4766/1/4765 1409/1/1409 4813/1/4812
f 4812/1/4811 7322/1/7321 4813/1/4812 1434/1/1434
f 1423/1/1423 4795/1/4794 7323/1/7322 4856/1/4855
f 4795/1/4794 1420/1/1420 4855/1/4854 7323/1/7322
f 7323/1/7322 4855/1/4854 1431/1/1431 4808/1/4807
f 4856/1/4855 7323/1/7322 4808/1/4807 1432/1/1432
f 1466/1/1466 4895/1/4894 7324/1/7323 4886/1/4885
f 4895/1/4894 1465/1/1465 4796/1/4795 7324/1/7323
f 7324/1/7323 4796/1/4795 1427/1/1427 4802/1/4801
f 4886/1/4885 7324/1/7323 4802/1/4801 1429/1/1429
f 1394/1/1394 4732/1/4731 7325/1/7324 4817/1/4816
f 4732/1/4731 1370/1/1370 4749/1/4748 7325/1/7324
f 7325/1/7324 4749/1/4748 1398/1/1398 4818/1/4817
f 4817/1/4816 7325/1/7324 4818/1/4817 1435/1/1435
f 1368/1/1368 4689/1/4688 7326/1/7325 4742/1/4741
f 4689/1/4688 1371/1/1371 4743/1/4742 7326/1/7325
f 7326/1/7325 4743/1/4742 1398/1/1398 4750/1/4749
f 4742/1/4741 7326/1/7325 4750/1/4749 1397/1/1397
f 1409/1/1409 4852/1/4851 7327/1/7326 4813/1/4812
f 4852/1/4851 1411/1/1411 4800/1/4799 7327/1/7326
f 7327/1/7326 4800/1/4799 1426/1/1426 4857/1/4856
f 4813/1/4812 7327/1/7326 4857/1/4856 1434/1/1434
f 1360/1/1360 4841/1/4840 7328/1/7327 4728/1/4727
f 4841/1/4840 1358/1/1358 4727/1/4726 7328/1/7327
f 7328/1/7327 4727/1/4726 1389/1/1389 4840/1/4839
f 4728/1/4727 7328/1/7327 4840/1/4839 1390/1/1390
f 1374/1/1374 4745/1/4744 7329/1/7328 4693/1/4692
f 4745/1/4744 1371/1/1371 4689/1/4688 7329/1/7328
f 7329/1/7328 4689/1/4688 1368/1/1368 4744/1/4743
f 4693/1/4692 7329/1/7328 4744/1/4743 1373/1/1373
f 1389/1/1389 4737/1/4736 7330/1/7329 4840/1/4839
f 4737/1/4736 1395/1/1395 4839/1/4838 7330/1/7329
f 7330/1/7329 4839/1/4838 1387/1/1387 4738/1/4737
f 4840/1/4839 7330/1/7329 4738/1/4737 1390/1/1390
f 1469/1/1469 4875/1/4874 7331/1/7330 4894/1/4893
f 4875/1/4874 1456/1/1456 4869/1/4868 7331/1/7330
f 7331/1/7330 4869/1/4868 1438/1/1438 4814/1/4813
f 4894/1/4893 7331/1/7330 4814/1/4813 1466/1/1466
f 1439/1/1439 4927/1/4926 7332/1/7331 4822/1/4821
f 4927/1/4926 1480/1/1480 4913/1/4912 7332/1/7331
f 7332/1/7331 4913/1/4912 1482/1/1482 4926/1/4925
f 4822/1/4821 7332/1/7331 4926/1/4925 1447/1/1447
f 1452/1/1452 4865/1/4864 7333/1/7332 4874/1/4873
f 4865/1/4864 1445/1/1445 4829/1/4828 7333/1/7332
f 7333/1/7332 4829/1/4828 1446/1/1446 4868/1/4867
f 4874/1/4873 7333/1/7332 4868/1/4867 1455/1/1455
f 1451/1/1451 4864/1/4863 7334/1/7333 4873/1/4872
f 4864/1/4863 1444/1/1444 4830/1/4829 7334/1/7333
f 7334/1/7333 4830/1/4829 1445/1/1445 4865/1/4864
f 4873/1/4872 7334/1/7333 4865/1/4864 1452/1/1452
f 1457/1/1457 4828/1/4827 7335/1/7334 4872/1/4871
f 4828/1/4827 1443/1/1443 4831/1/4830 7335/1/7334
f 7335/1/7334 4831/1/4830 1444/1/1444 4864/1/4863
f 4872/1/4871 7335/1/7334 4864/1/4863 1451/1/1451
f 1445/1/1445 4861/1/4860 7336/1/7335 4829/1/4828
f 4861/1/4860 1394/1/1394 4817/1/4816 7336/1/7335
f 7336/1/7335 4817/1/4816 1435/1/1435 4862/1/4861
f 4829/1/4828 7336/1/7335 4862/1/4861 1446/1/1446
f 1468/1/1468 4847/1/4846 7337/1/7336 4893/1/4892
f 4847/1/4846 1449/1/1449 4826/1/4825 7337/1/7336
f 7337/1/7336 4826/1/4825 1441/1/1441 4827/1/4826
f 4893/1/4892 7337/1/7336 4827/1/4826 1467/1/1467
f 1433/1/1433 4820/1/4819 7338/1/7337 4810/1/4809
f 4820/1/4819 1449/1/1449 4846/1/4845 7338/1/7337
f 7338/1/7337 4846/1/4845 1423/1/1423 4856/1/4855
f 4810/1/4809 7338/1/7337 4856/1/4855 1432/1/1432
f 1356/1/1356 4849/1/4848 7339/1/7338 4663/1/4662
f 4849/1/4848 1443/1/1443 4832/1/4831 7339/1/7338
f 7339/1/7338 4832/1/4831 1442/1/1442 4859/1/4858
f 4663/1/4662 7339/1/7338 4859/1/4858 1357/1/1357
f 1455/1/1455 4868/1/4867 7340/1/7339 4871/1/4870
f 4868/1/4867 1446/1/1446 4842/1/4841 7340/1/7339
f 7340/1/7339 4842/1/4841 1438/1/1438 4869/1/4868
f 4871/1/4870 7340/1/7339 4869/1/4868 1456/1/1456
f 1464/1/1464 4891/1/4890 7341/1/7340 4884/1/4883
f 4891/1/4890 1468/1/1468 4888/1/4887 7341/1/7340
f 7341/1/7340 4888/1/4887 1448/1/1448 4845/1/4844
f 4884/1/4883 7341/1/7340 4845/1/4844 1424/1/1424
f 1425/1/1425 4792/1/4791 7342/1/7341 4844/1/4843
f 4792/1/4791 1424/1/1424 4845/1/4844 7342/1/7341
f 7342/1/7341 4845/1/4844 1448/1/1448 4848/1/4847
f 4844/1/4843 7342/1/7341 4848/1/4847 1447/1/1447
f 1437/1/1437 4819/1/4818 7343/1/7342 4843/1/4842
f 4819/1/4818 1455/1/1455 4871/1/4870 7343/1/7342
f 7343/1/7342 4871/1/4870 1456/1/1456 4825/1/4824
f 4843/1/4842 7343/1/7342 4825/1/4824 1441/1/1441
f 1358/1/1358 4870/1/4869 7344/1/7343 4727/1/4726
f 4870/1/4869 1457/1/1457 4872/1/4871 7344/1/7343
f 7344/1/7343 4872/1/4871 1451/1/1451 4721/1/4720
f 4727/1/4726 7344/1/7343 4721/1/4720 1389/1/1389
f 1389/1/1389 4721/1/4720 7345/1/7344 4737/1/4736
f 4721/1/4720 1451/1/1451 4873/1/4872 7345/1/7344
f 7345/1/7344 4873/1/4872 1452/1/1452 4733/1/4732
f 4737/1/4736 7345/1/7344 4733/1/4732 1395/1/1395
f 1395/1/1395 4733/1/4732 7346/1/7345 4821/1/4820
f 4733/1/4732 1452/1/1452 4874/1/4873 7346/1/7345
f 7346/1/7345 4874/1/4873 1455/1/1455 4819/1/4818
f 4821/1/4820 7346/1/7345 4819/1/4818 1437/1/1437
f 1467/1/1467 4827/1/4826 7347/1/7346 4890/1/4889
f 4827/1/4826 1441/1/1441 4825/1/4824 7347/1/7346
f 7347/1/7346 4825/1/4824 1456/1/1456 4875/1/4874
f 4890/1/4889 7347/1/7346 4875/1/4874 1469/1/1469
f 1439/1/1439 4824/1/4823 7348/1/7347 4866/1/4865
f 4824/1/4823 1440/1/1440 4867/1/4866 7348/1/7347
f 7348/1/7347 4867/1/4866 1454/1/1454 4876/1/4875
f 4866/1/4865 7348/1/7347 4876/1/4875 1453/1/1453
f 1443/1/1443 4828/1/4827 7349/1/7348 4832/1/4831
f 4828/1/4827 1457/1/1457 4877/1/4876 7349/1/7348
f 7349/1/7348 4877/1/4876 1450/1/1450 4863/1/4862
f 4832/1/4831 7349/1/7348 4863/1/4862 1442/1/1442
f 1435/1/1435 4815/1/4814 7350/1/7349 4862/1/4861
f 4815/1/4814 1436/1/1436 4858/1/4857 7350/1/7349
f 7350/1/7349 4858/1/4857 1438/1/1438 4842/1/4841
f 4862/1/4861 7350/1/7349 4842/1/4841 1446/1/1446
f 1440/1/1440 4887/1/4886 7351/1/7350 4867/1/4866
f 4887/1/4886 1467/1/1467 4890/1/4889 7351/1/7350
f 7351/1/7350 4890/1/4889 1469/1/1469 4889/1/4888
f 4867/1/4866 7351/1/7350 4889/1/4888 1454/1/1454
f 1423/1/1423 4846/1/4845 7352/1/7351 4791/1/4790
f 4846/1/4845 1449/1/1449 4847/1/4846 7352/1/7351
f 7352/1/7351 4847/1/4846 1468/1/1468 4891/1/4890
f 4791/1/4790 7352/1/7351 4891/1/4890 1464/1/1464
f 1447/1/1447 4848/1/4847 7353/1/7352 4822/1/4821
f 4848/1/4847 1448/1/1448 4823/1/4822 7353/1/7352
f 7353/1/7352 4823/1/4822 1440/1/1440 4824/1/4823
f 4822/1/4821 7353/1/7352 4824/1/4823 1439/1/1439
f 1454/1/1454 4889/1/4888 7354/1/7353 4805/1/4804
f 4889/1/4888 1469/1/1469 4894/1/4893 7354/1/7353
f 7354/1/7353 4894/1/4893 1466/1/1466 4886/1/4885
f 4805/1/4804 7354/1/7353 4886/1/4885 1429/1/1429
f 1438/1/1438 4690/1/4689 7355/1/7354 4814/1/4813
f 4690/1/4689 1426/1/1426 4885/1/4884 7355/1/7354
f 7355/1/7354 4885/1/4884 1465/1/1465 4895/1/4894
f 4814/1/4813 7355/1/7354 4895/1/4894 1466/1/1466
f 1413/1/1413 4798/1/4797 7356/1/7355 4770/1/4769
f 4798/1/4797 1427/1/1427 4796/1/4795 7356/1/7355
f 7356/1/7355 4796/1/4795 1465/1/1465 4896/1/4895
f 4770/1/4769 7356/1/7355 4896/1/4895 1460/1/1460
f 1420/1/1420 4795/1/4794 7357/1/7356 4786/1/4785
f 4795/1/4794 1423/1/1423 4791/1/4790 7357/1/7356
f 7357/1/7356 4791/1/4790 1464/1/1464 4897/1/4896
f 4786/1/4785 7357/1/7356 4897/1/4896 1463/1/1463
f 1403/1/1403 4790/1/4789 7358/1/7357 4761/1/4760
f 4790/1/4789 1420/1/1420 4786/1/4785 7358/1/7357
f 7358/1/7357 4786/1/4785 1463/1/1463 4898/1/4897
f 4761/1/4760 7358/1/7357 4898/1/4897 1459/1/1459
f 1412/1/1412 4881/1/4880 7359/1/7358 4784/1/4783
f 4881/1/4880 1461/1/1461 4899/1/4898 7359/1/7358
f 7359/1/7358 4899/1/4898 1462/1/1462 4776/1/4775
f 4784/1/4783 7359/1/7358 4776/1/4775 1418/1/1418
f 1404/1/1404 4780/1/4779 7360/1/7359 4760/1/4759
f 4780/1/4779 1418/1/1418 4776/1/4775 7360/1/7359
f 7360/1/7359 4776/1/4775 1462/1/1462 4900/1/4899
f 4760/1/4759 7360/1/7359 4900/1/4899 1458/1/1458
f 1410/1/1410 4771/1/4770 7361/1/7360 4768/1/4767
f 4771/1/4770 1461/1/1461 4901/1/4900 7361/1/7360
f 7361/1/7360 4901/1/4900 1460/1/1460 4880/1/4879
f 4768/1/4767 7361/1/7360 4880/1/4879 1411/1/1411
f 1403/1/1403 4761/1/4760 7362/1/7361 4758/1/4757
f 4761/1/4760 1459/1/1459 4902/1/4901 7362/1/7361
f 7362/1/7361 4902/1/4901 1458/1/1458 4878/1/4877
f 4758/1/4757 7362/1/7361 4878/1/4877 1402/1/1402
f 1425/1/1425 4917/1/4916 7363/1/7362 4793/1/4792
f 4917/1/4916 1477/1/1477 4909/1/4908 7363/1/7362
f 7363/1/7362 4909/1/4908 1476/1/1476 4916/1/4915
f 4793/1/4792 7363/1/7362 4916/1/4915 1422/1/1422
f 1414/1/1414 4919/1/4918 7364/1/7363 4772/1/4771
f 4919/1/4918 1473/1/1473 4905/1/4904 7364/1/7363
f 7364/1/7363 4905/1/4904 1474/1/1474 4918/1/4917
f 4772/1/4771 7364/1/7363 4918/1/4917 1415/1/1415
f 1422/1/1422 4916/1/4915 7365/1/7364 4788/1/4787
f 4916/1/4915 1476/1/1476 4908/1/4907 7365/1/7364
f 7365/1/7364 4908/1/4907 1472/1/1472 4920/1/4919
f 4788/1/4787 7365/1/7364 4920/1/4919 1407/1/1407
f 1428/1/1428 4922/1/4921 7366/1/7365 4803/1/4802
f 4922/1/4921 1478/1/1478 4911/1/4910 7366/1/7365
f 7366/1/7365 4911/1/4910 1479/1/1479 4921/1/4920
f 4803/1/4802 7366/1/7365 4921/1/4920 1430/1/1430
f 1406/1/1406 4924/1/4923 7367/1/7366 4781/1/4780
f 4924/1/4923 1471/1/1471 4906/1/4905 7367/1/7366
f 7367/1/7366 4906/1/4905 1475/1/1475 4923/1/4922
f 4781/1/4780 7367/1/7366 4923/1/4922 1419/1/1419
f 1430/1/1430 4921/1/4920 7368/1/7367 4804/1/4803
f 4921/1/4920 1479/1/1479 4912/1/4911 7368/1/7367
f 7368/1/7367 4912/1/4911 1483/1/1483 4925/1/4924
f 4804/1/4803 7368/1/7367 4925/1/4924 1453/1/1453
f 1482/1/1482 4913/1/4912 7369/1/7368 4951/1/4950
f 4913/1/4912 1480/1/1480 4948/1/4947 7369/1/7368
f 7369/1/7368 4948/1/4947 1493/1/1493 4938/1/4937
f 4951/1/4950 7369/1/7368 4938/1/4937 1495/1/1495
f 1407/1/1407 4920/1/4919 7370/1/7369 4762/1/4761
f 4920/1/4919 1472/1/1472 4904/1/4903 7370/1/7369
f 7370/1/7369 4904/1/4903 1471/1/1471 4924/1/4923
f 4762/1/4761 7370/1/7369 4924/1/4923 1406/1/1406
f 1415/1/1415 4918/1/4917 7371/1/7370 4799/1/4798
f 4918/1/4917 1474/1/1474 4910/1/4909 7371/1/7370
f 7371/1/7370 4910/1/4909 1478/1/1478 4922/1/4921
f 4799/1/4798 7371/1/7370 4922/1/4921 1428/1/1428
f 1453/1/1453 4925/1/4924 7372/1/7371 4866/1/4865
f 4925/1/4924 1483/1/1483 4915/1/4914 7372/1/7371
f 7372/1/7371 4915/1/4914 1480/1/1480 4927/1/4926
f 4866/1/4865 7372/1/7371 4927/1/4926 1439/1/1439
f 1447/1/1447 4926/1/4925 7373/1/7372 4844/1/4843
f 4926/1/4925 1482/1/1482 4914/1/4913 7373/1/7372
f 7373/1/7372 4914/1/4913 1477/1/1477 4917/1/4916
f 4844/1/4843 7373/1/7372 4917/1/4916 1425/1/1425
f 1419/1/1419 4923/1/4922 7374/1/7373 4785/1/4784
f 4923/1/4922 1475/1/1475 4907/1/4906 7374/1/7373
f 7374/1/7373 4907/1/4906 1473/1/1473 4919/1/4918
f 4785/1/4784 7374/1/7373 4919/1/4918 1414/1/1414
f 1610/1/1610 5122/1/5121 7375/1/7374 5166/1/5165
f 5122/1/5121 1494/1/1494 4928/1/4927 7375/1/7374
f 7375/1/7374 4928/1/4927 1481/1/1481 4670/1/4669
f 5166/1/5165 7375/1/7374 4670/1/4669 1612/1/1612
f 1478/1/1478 4942/1/4941 7376/1/7375 4911/1/4910
f 4942/1/4941 1491/1/1491 4936/1/4935 7376/1/7375
f 7376/1/7375 4936/1/4935 1492/1/1492 4941/1/4940
f 4911/1/4910 7376/1/7375 4941/1/4940 1479/1/1479
f 1472/1/1472 4944/1/4943 7377/1/7376 4904/1/4903
f 4944/1/4943 1485/1/1485 4929/1/4928 7377/1/7376
f 7377/1/7376 4929/1/4928 1484/1/1484 4943/1/4942
f 4904/1/4903 7377/1/7376 4943/1/4942 1471/1/1471
f 1479/1/1479 4941/1/4940 7378/1/7377 4912/1/4911
f 4941/1/4940 1492/1/1492 4937/1/4936 7378/1/7377
f 7378/1/7377 4937/1/4936 1496/1/1496 4945/1/4944
f 4912/1/4911 7378/1/7377 4945/1/4944 1483/1/1483
f 1473/1/1473 4947/1/4946 7379/1/7378 4905/1/4904
f 4947/1/4946 1486/1/1486 4930/1/4929 7379/1/7378
f 7379/1/7378 4930/1/4929 1487/1/1487 4946/1/4945
f 4905/1/4904 7379/1/7378 4946/1/4945 1474/1/1474
f 1493/1/1493 4968/1/4967 7380/1/7379 4938/1/4937
f 4968/1/4967 1506/1/1506 4963/1/4962 7380/1/7379
f 7380/1/7379 4963/1/4962 1508/1/1508 4975/1/4974
f 4938/1/4937 7380/1/7379 4975/1/4974 1495/1/1495
f 1471/1/1471 4943/1/4942 7381/1/7380 4906/1/4905
f 4943/1/4942 1484/1/1484 4931/1/4930 7381/1/7380
f 7381/1/7380 4931/1/4930 1488/1/1488 4949/1/4948
f 4906/1/4905 7381/1/7380 4949/1/4948 1475/1/1475
f 1482/1/1482 4951/1/4950 7382/1/7381 4914/1/4913
f 4951/1/4950 1495/1/1495 4939/1/4938 7382/1/7381
f 7382/1/7381 4939/1/4938 1490/1/1490 4950/1/4949
f 4914/1/4913 7382/1/7381 4950/1/4949 1477/1/1477
f 1475/1/1475 4949/1/4948 7383/1/7382 4907/1/4906
f 4949/1/4948 1488/1/1488 4932/1/4931 7383/1/7382
f 7383/1/7382 4932/1/4931 1486/1/1486 4947/1/4946
f 4907/1/4906 7383/1/7382 4947/1/4946 1473/1/1473
f 1483/1/1483 4945/1/4944 7384/1/7383 4915/1/4914
f 4945/1/4944 1496/1/1496 4940/1/4939 7384/1/7383
f 7384/1/7383 4940/1/4939 1493/1/1493 4948/1/4947
f 4915/1/4914 7384/1/7383 4948/1/4947 1480/1/1480
f 1476/1/1476 4952/1/4951 7385/1/7384 4908/1/4907
f 4952/1/4951 1489/1/1489 4933/1/4932 7385/1/7384
f 7385/1/7384 4933/1/4932 1485/1/1485 4944/1/4943
f 4908/1/4907 7385/1/7384 4944/1/4943 1472/1/1472
f 1477/1/1477 4950/1/4949 7386/1/7385 4909/1/4908
f 4950/1/4949 1490/1/1490 4934/1/4933 7386/1/7385
f 7386/1/7385 4934/1/4933 1489/1/1489 4952/1/4951
f 4909/1/4908 7386/1/7385 4952/1/4951 1476/1/1476
f 1474/1/1474 4946/1/4945 7387/1/7386 4910/1/4909
f 4946/1/4945 1487/1/1487 4935/1/4934 7387/1/7386
f 7387/1/7386 4935/1/4934 1491/1/1491 4942/1/4941
f 4910/1/4909 7387/1/7386 4942/1/4941 1478/1/1478
f 1601/1/1601 4669/1/4668 7388/1/7387 5159/1/5158
f 4669/1/4668 1611/1/1611 5104/1/5103 7388/1/7387
f 7388/1/7387 5104/1/5103 1559/1/1559 4734/1/4733
f 5159/1/5158 7388/1/7387 4734/1/4733 1605/1/1605
f 1488/1/1488 4967/1/4966 7389/1/7388 4932/1/4931
f 4967/1/4966 1501/1/1501 4957/1/4956 7389/1/7388
f 7389/1/7388 4957/1/4956 1499/1/1499 4966/1/4965
f 4932/1/4931 7389/1/7388 4966/1/4965 1486/1/1486
f 1496/1/1496 4969/1/4968 7390/1/7389 4940/1/4939
f 4969/1/4968 1509/1/1509 4965/1/4964 7390/1/7389
f 7390/1/7389 4965/1/4964 1506/1/1506 4968/1/4967
f 4940/1/4939 7390/1/7389 4968/1/4967 1493/1/1493
f 1489/1/1489 4971/1/4970 7391/1/7390 4933/1/4932
f 4971/1/4970 1502/1/1502 4958/1/4957 7391/1/7390
f 7391/1/7390 4958/1/4957 1498/1/1498 4970/1/4969
f 4933/1/4932 7391/1/7390 4970/1/4969 1485/1/1485
f 1490/1/1490 4972/1/4971 7392/1/7391 4934/1/4933
f 4972/1/4971 1503/1/1503 4959/1/4958 7392/1/7391
f 7392/1/7391 4959/1/4958 1502/1/1502 4971/1/4970
f 4934/1/4933 7392/1/7391 4971/1/4970 1489/1/1489
f 1487/1/1487 4974/1/4973 7393/1/7392 4935/1/4934
f 4974/1/4973 1500/1/1500 4960/1/4959 7393/1/7392
f 7393/1/7392 4960/1/4959 1504/1/1504 4973/1/4972
f 4935/1/4934 7393/1/7392 4973/1/4972 1491/1/1491
f 1506/1/1506 4999/1/4998 7394/1/7393 4963/1/4962
f 4999/1/4998 1519/1/1519 4988/1/4987 7394/1/7393
f 7394/1/7393 4988/1/4987 1521/1/1521 4991/1/4990
f 4963/1/4962 7394/1/7393 4991/1/4990 1508/1/1508
f 1491/1/1491 4973/1/4972 7395/1/7394 4936/1/4935
f 4973/1/4972 1504/1/1504 4961/1/4960 7395/1/7394
f 7395/1/7394 4961/1/4960 1505/1/1505 4976/1/4975
f 4936/1/4935 7395/1/7394 4976/1/4975 1492/1/1492
f 1485/1/1485 4970/1/4969 7396/1/7395 4929/1/4928
f 4970/1/4969 1498/1/1498 4954/1/4953 7396/1/7395
f 7396/1/7395 4954/1/4953 1497/1/1497 4977/1/4976
f 4929/1/4928 7396/1/7395 4977/1/4976 1484/1/1484
f 1492/1/1492 4976/1/4975 7397/1/7396 4937/1/4936
f 4976/1/4975 1505/1/1505 4962/1/4961 7397/1/7396
f 7397/1/7396 4962/1/4961 1509/1/1509 4969/1/4968
f 4937/1/4936 7397/1/7396 4969/1/4968 1496/1/1496
f 1486/1/1486 4966/1/4965 7398/1/7397 4930/1/4929
f 4966/1/4965 1499/1/1499 4955/1/4954 7398/1/7397
f 7398/1/7397 4955/1/4954 1500/1/1500 4974/1/4973
f 4930/1/4929 7398/1/7397 4974/1/4973 1487/1/1487
f 1607/1/1607 4722/1/4721 7399/1/7398 5162/1/5161
f 4722/1/4721 1533/1/1533 5028/1/5027 7399/1/7398
f 7399/1/7398 5028/1/5027 1546/1/1546 5143/1/5142
f 5162/1/5161 7399/1/7398 5143/1/5142 1606/1/1606
f 1484/1/1484 4977/1/4976 7400/1/7399 4931/1/4930
f 4977/1/4976 1497/1/1497 4956/1/4955 7400/1/7399
f 7400/1/7399 4956/1/4955 1501/1/1501 4967/1/4966
f 4931/1/4930 7400/1/7399 4967/1/4966 1488/1/1488
f 1495/1/1495 4975/1/4974 7401/1/7400 4939/1/4938
f 4975/1/4974 1508/1/1508 4964/1/4963 7401/1/7400
f 7401/1/7400 4964/1/4963 1503/1/1503 4972/1/4971
f 4939/1/4938 7401/1/7400 4972/1/4971 1490/1/1490
f 1519/1/1519 5020/1/5019 7402/1/7401 4988/1/4987
f 5020/1/5019 1532/1/1532 5013/1/5012 7402/1/7401
f 7402/1/7401 5013/1/5012 1534/1/1534 5017/1/5016
f 4988/1/4987 7402/1/7401 5017/1/5016 1521/1/1521
f 1504/1/1504 4993/1/4992 7403/1/7402 4961/1/4960
f 4993/1/4992 1517/1/1517 4986/1/4985 7403/1/7402
f 7403/1/7402 4986/1/4985 1518/1/1518 4992/1/4991
f 4961/1/4960 7403/1/7402 4992/1/4991 1505/1/1505
f 1498/1/1498 4995/1/4994 7404/1/7403 4954/1/4953
f 4995/1/4994 1511/1/1511 4979/1/4978 7404/1/7403
f 7404/1/7403 4979/1/4978 1510/1/1510 4994/1/4993
f 4954/1/4953 7404/1/7403 4994/1/4993 1497/1/1497
f 1505/1/1505 4992/1/4991 7405/1/7404 4962/1/4961
f 4992/1/4991 1518/1/1518 4987/1/4986 7405/1/7404
f 7405/1/7404 4987/1/4986 1522/1/1522 4996/1/4995
f 4962/1/4961 7405/1/7404 4996/1/4995 1509/1/1509
f 1499/1/1499 4998/1/4997 7406/1/7405 4955/1/4954
f 4998/1/4997 1512/1/1512 4980/1/4979 7406/1/7405
f 7406/1/7405 4980/1/4979 1513/1/1513 4997/1/4996
f 4955/1/4954 7406/1/7405 4997/1/4996 1500/1/1500
f 1609/1/1609 5174/1/5173 7407/1/7406 5165/1/5164
f 5174/1/5173 1507/1/1507 4953/1/4952 7407/1/7406
f 7407/1/7406 4953/1/4952 1470/1/1470 5101/1/5100
f 5165/1/5164 7407/1/7406 5101/1/5100 1613/1/1613
f 1497/1/1497 4994/1/4993 7408/1/7407 4956/1/4955
f 4994/1/4993 1510/1/1510 4981/1/4980 7408/1/7407
f 7408/1/7407 4981/1/4980 1514/1/1514 5000/1/4999
f 4956/1/4955 7408/1/7407 5000/1/4999 1501/1/1501
f 1508/1/1508 4991/1/4990 7409/1/7408 4964/1/4963
f 4991/1/4990 1521/1/1521 4989/1/4988 7409/1/7408
f 7409/1/7408 4989/1/4988 1516/1/1516 5001/1/5000
f 4964/1/4963 7409/1/7408 5001/1/5000 1503/1/1503
f 1501/1/1501 5000/1/4999 7410/1/7409 4957/1/4956
f 5000/1/4999 1514/1/1514 4982/1/4981 7410/1/7409
f 7410/1/7409 4982/1/4981 1512/1/1512 4998/1/4997
f 4957/1/4956 7410/1/7409 4998/1/4997 1499/1/1499
f 1509/1/1509 4996/1/4995 7411/1/7410 4965/1/4964
f 4996/1/4995 1522/1/1522 4990/1/4989 7411/1/7410
f 7411/1/7410 4990/1/4989 1519/1/1519 4999/1/4998
f 4965/1/4964 7411/1/7410 4999/1/4998 1506/1/1506
f 1502/1/1502 5002/1/5001 7412/1/7411 4958/1/4957
f 5002/1/5001 1515/1/1515 4983/1/4982 7412/1/7411
f 7412/1/7411 4983/1/4982 1511/1/1511 4995/1/4994
f 4958/1/4957 7412/1/7411 4995/1/4994 1498/1/1498
f 1503/1/1503 5001/1/5000 7413/1/7412 4959/1/4958
f 5001/1/5000 1516/1/1516 4984/1/4983 7413/1/7412
f 7413/1/7412 4984/1/4983 1515/1/1515 5002/1/5001
f 4959/1/4958 7413/1/7412 5002/1/5001 1502/1/1502
f 1500/1/1500 4997/1/4996 7414/1/7413 4960/1/4959
f 4997/1/4996 1513/1/1513 4985/1/4984 7414/1/7413
f 7414/1/7413 4985/1/4984 1517/1/1517 4993/1/4992
f 4960/1/4959 7414/1/7413 4993/1/4992 1504/1/1504
f 1521/1/1521 5017/1/5016 7415/1/7414 4989/1/4988
f 5017/1/5016 1534/1/1534 5014/1/5013 7415/1/7414
f 7415/1/7414 5014/1/5013 1529/1/1529 5016/1/5015
f 4989/1/4988 7415/1/7414 5016/1/5015 1516/1/1516
f 1514/1/1514 5019/1/5018 7416/1/7415 4982/1/4981
f 5019/1/5018 1527/1/1527 5007/1/5006 7416/1/7415
f 7416/1/7415 5007/1/5006 1525/1/1525 5018/1/5017
f 4982/1/4981 7416/1/7415 5018/1/5017 1512/1/1512
f 1522/1/1522 5021/1/5020 7417/1/7416 4990/1/4989
f 5021/1/5020 1535/1/1535 5015/1/5014 7417/1/7416
f 7417/1/7416 5015/1/5014 1532/1/1532 5020/1/5019
f 4990/1/4989 7417/1/7416 5020/1/5019 1519/1/1519
f 1515/1/1515 5023/1/5022 7418/1/7417 4983/1/4982
f 5023/1/5022 1528/1/1528 5008/1/5007 7418/1/7417
f 7418/1/7417 5008/1/5007 1524/1/1524 5022/1/5021
f 4983/1/4982 7418/1/7417 5022/1/5021 1511/1/1511
f 1516/1/1516 5016/1/5015 7419/1/7418 4984/1/4983
f 5016/1/5015 1529/1/1529 5009/1/5008 7419/1/7418
f 7419/1/7418 5009/1/5008 1528/1/1528 5023/1/5022
f 4984/1/4983 7419/1/7418 5023/1/5022 1515/1/1515
f 1513/1/1513 5025/1/5024 7420/1/7419 4985/1/4984
f 5025/1/5024 1526/1/1526 5010/1/5009 7420/1/7419
f 7420/1/7419 5010/1/5009 1530/1/1530 5024/1/5023
f 4985/1/4984 7420/1/7419 5024/1/5023 1517/1/1517
f 1532/1/1532 5045/1/5044 7421/1/7420 5013/1/5012
f 5045/1/5044 1545/1/1545 5038/1/5037 7421/1/7420
f 7421/1/7420 5038/1/5037 1547/1/1547 5042/1/5041
f 5013/1/5012 7421/1/7420 5042/1/5041 1534/1/1534
f 1517/1/1517 5024/1/5023 7422/1/7421 4986/1/4985
f 5024/1/5023 1530/1/1530 5011/1/5010 7422/1/7421
f 7422/1/7421 5011/1/5010 1531/1/1531 5026/1/5025
f 4986/1/4985 7422/1/7421 5026/1/5025 1518/1/1518
f 1511/1/1511 5022/1/5021 7423/1/7422 4979/1/4978
f 5022/1/5021 1524/1/1524 5004/1/5003 7423/1/7422
f 7423/1/7422 5004/1/5003 1523/1/1523 5027/1/5026
f 4979/1/4978 7423/1/7422 5027/1/5026 1510/1/1510
f 1518/1/1518 5026/1/5025 7424/1/7423 4987/1/4986
f 5026/1/5025 1531/1/1531 5012/1/5011 7424/1/7423
f 7424/1/7423 5012/1/5011 1535/1/1535 5021/1/5020
f 4987/1/4986 7424/1/7423 5021/1/5020 1522/1/1522
f 1512/1/1512 5018/1/5017 7425/1/7424 4980/1/4979
f 5018/1/5017 1525/1/1525 5005/1/5004 7425/1/7424
f 7425/1/7424 5005/1/5004 1526/1/1526 5025/1/5024
f 4980/1/4979 7425/1/7424 5025/1/5024 1513/1/1513
f 1603/1/1603 4835/1/4834 7426/1/7425 5158/1/5157
f 4835/1/4834 1585/1/1585 5130/1/5129 7426/1/7425
f 7426/1/7425 5130/1/5129 1572/1/1572 4836/1/4835
f 5158/1/5157 7426/1/7425 4836/1/4835 1604/1/1604
f 1510/1/1510 5027/1/5026 7427/1/7426 4981/1/4980
f 5027/1/5026 1523/1/1523 5006/1/5005 7427/1/7426
f 7427/1/7426 5006/1/5005 1527/1/1527 5019/1/5018
f 4981/1/4980 7427/1/7426 5019/1/5018 1514/1/1514
f 1534/1/1534 5042/1/5041 7428/1/7427 5014/1/5013
f 5042/1/5041 1547/1/1547 5039/1/5038 7428/1/7427
f 7428/1/7427 5039/1/5038 1542/1/1542 5041/1/5040
f 5014/1/5013 7428/1/7427 5041/1/5040 1529/1/1529
f 1527/1/1527 5044/1/5043 7429/1/7428 5007/1/5006
f 5044/1/5043 1540/1/1540 5032/1/5031 7429/1/7428
f 7429/1/7428 5032/1/5031 1538/1/1538 5043/1/5042
f 5007/1/5006 7429/1/7428 5043/1/5042 1525/1/1525
f 1535/1/1535 5046/1/5045 7430/1/7429 5015/1/5014
f 5046/1/5045 1548/1/1548 5040/1/5039 7430/1/7429
f 7430/1/7429 5040/1/5039 1545/1/1545 5045/1/5044
f 5015/1/5014 7430/1/7429 5045/1/5044 1532/1/1532
f 1528/1/1528 5048/1/5047 7431/1/7430 5008/1/5007
f 5048/1/5047 1541/1/1541 5033/1/5032 7431/1/7430
f 7431/1/7430 5033/1/5032 1537/1/1537 5047/1/5046
f 5008/1/5007 7431/1/7430 5047/1/5046 1524/1/1524
f 1529/1/1529 5041/1/5040 7432/1/7431 5009/1/5008
f 5041/1/5040 1542/1/1542 5034/1/5033 7432/1/7431
f 7432/1/7431 5034/1/5033 1541/1/1541 5048/1/5047
f 5009/1/5008 7432/1/7431 5048/1/5047 1528/1/1528
f 1526/1/1526 5050/1/5049 7433/1/7432 5010/1/5009
f 5050/1/5049 1539/1/1539 5035/1/5034 7433/1/7432
f 7433/1/7432 5035/1/5034 1543/1/1543 5049/1/5048
f 5010/1/5009 7433/1/7432 5049/1/5048 1530/1/1530
f 1545/1/1545 5074/1/5073 7434/1/7433 5038/1/5037
f 5074/1/5073 1558/1/1558 5063/1/5062 7434/1/7433
f 7434/1/7433 5063/1/5062 1560/1/1560 5068/1/5067
f 5038/1/5037 7434/1/7433 5068/1/5067 1547/1/1547
f 1530/1/1530 5049/1/5048 7435/1/7434 5011/1/5010
f 5049/1/5048 1543/1/1543 5036/1/5035 7435/1/7434
f 7435/1/7434 5036/1/5035 1544/1/1544 5051/1/5050
f 5011/1/5010 7435/1/7434 5051/1/5050 1531/1/1531
f 1524/1/1524 5047/1/5046 7436/1/7435 5004/1/5003
f 5047/1/5046 1537/1/1537 5029/1/5028 7436/1/7435
f 7436/1/7435 5029/1/5028 1536/1/1536 5052/1/5051
f 5004/1/5003 7436/1/7435 5052/1/5051 1523/1/1523
f 1531/1/1531 5051/1/5050 7437/1/7436 5012/1/5011
f 5051/1/5050 1544/1/1544 5037/1/5036 7437/1/7436
f 7437/1/7436 5037/1/5036 1548/1/1548 5046/1/5045
f 5012/1/5011 7437/1/7436 5046/1/5045 1535/1/1535
f 1525/1/1525 5043/1/5042 7438/1/7437 5005/1/5004
f 5043/1/5042 1538/1/1538 5030/1/5029 7438/1/7437
f 7438/1/7437 5030/1/5029 1539/1/1539 5050/1/5049
f 5005/1/5004 7438/1/7437 5050/1/5049 1526/1/1526
f 1613/1/1613 5101/1/5100 7439/1/7438 5168/1/5167
f 5101/1/5100 1470/1/1470 4892/1/4891 7439/1/7438
f 7439/1/7438 4892/1/4891 1494/1/1494 5122/1/5121
f 5168/1/5167 7439/1/7438 5122/1/5121 1610/1/1610
f 1523/1/1523 5052/1/5051 7440/1/7439 5006/1/5005
f 5052/1/5051 1536/1/1536 5031/1/5030 7440/1/7439
f 7440/1/7439 5031/1/5030 1540/1/1540 5044/1/5043
f 5006/1/5005 7440/1/7439 5044/1/5043 1527/1/1527
f 1539/1/1539 5067/1/5066 7441/1/7440 5035/1/5034
f 5067/1/5066 1552/1/1552 5060/1/5059 7441/1/7440
f 7441/1/7440 5060/1/5059 1556/1/1556 5066/1/5065
f 5035/1/5034 7441/1/7440 5066/1/5065 1543/1/1543
f 1558/1/1558 5095/1/5094 7442/1/7441 5063/1/5062
f 5095/1/5094 1571/1/1571 5088/1/5087 7442/1/7441
f 7442/1/7441 5088/1/5087 1573/1/1573 5092/1/5091
f 5063/1/5062 7442/1/7441 5092/1/5091 1560/1/1560
f 1543/1/1543 5066/1/5065 7443/1/7442 5036/1/5035
f 5066/1/5065 1556/1/1556 5061/1/5060 7443/1/7442
f 7443/1/7442 5061/1/5060 1557/1/1557 5069/1/5068
f 5036/1/5035 7443/1/7442 5069/1/5068 1544/1/1544
f 1537/1/1537 5071/1/5070 7444/1/7443 5029/1/5028
f 5071/1/5070 1550/1/1550 5054/1/5053 7444/1/7443
f 7444/1/7443 5054/1/5053 1549/1/1549 5070/1/5069
f 5029/1/5028 7444/1/7443 5070/1/5069 1536/1/1536
f 1544/1/1544 5069/1/5068 7445/1/7444 5037/1/5036
f 5069/1/5068 1557/1/1557 5062/1/5061 7445/1/7444
f 7445/1/7444 5062/1/5061 1561/1/1561 5072/1/5071
f 5037/1/5036 7445/1/7444 5072/1/5071 1548/1/1548
f 1538/1/1538 5073/1/5072 7446/1/7445 5030/1/5029
f 5073/1/5072 1551/1/1551 5055/1/5054 7446/1/7445
f 7446/1/7445 5055/1/5054 1552/1/1552 5067/1/5066
f 5030/1/5029 7446/1/7445 5067/1/5066 1539/1/1539
f 1606/1/1606 5143/1/5142 7447/1/7446 5161/1/5160
f 5143/1/5142 1546/1/1546 5053/1/5052 7447/1/7446
f 7447/1/7446 5053/1/5052 1598/1/1598 4834/1/4833
f 5161/1/5160 7447/1/7446 4834/1/4833 1602/1/1602
f 1536/1/1536 5070/1/5069 7448/1/7447 5031/1/5030
f 5070/1/5069 1549/1/1549 5056/1/5055 7448/1/7447
f 7448/1/7447 5056/1/5055 1553/1/1553 5075/1/5074
f 5031/1/5030 7448/1/7447 5075/1/5074 1540/1/1540
f 1547/1/1547 5068/1/5067 7449/1/7448 5039/1/5038
f 5068/1/5067 1560/1/1560 5064/1/5063 7449/1/7448
f 7449/1/7448 5064/1/5063 1555/1/1555 5076/1/5075
f 5039/1/5038 7449/1/7448 5076/1/5075 1542/1/1542
f 1540/1/1540 5075/1/5074 7450/1/7449 5032/1/5031
f 5075/1/5074 1553/1/1553 5057/1/5056 7450/1/7449
f 7450/1/7449 5057/1/5056 1551/1/1551 5073/1/5072
f 5032/1/5031 7450/1/7449 5073/1/5072 1538/1/1538
f 1548/1/1548 5072/1/5071 7451/1/7450 5040/1/5039
f 5072/1/5071 1561/1/1561 5065/1/5064 7451/1/7450
f 7451/1/7450 5065/1/5064 1558/1/1558 5074/1/5073
f 5040/1/5039 7451/1/7450 5074/1/5073 1545/1/1545
f 1541/1/1541 5077/1/5076 7452/1/7451 5033/1/5032
f 5077/1/5076 1554/1/1554 5058/1/5057 7452/1/7451
f 7452/1/7451 5058/1/5057 1550/1/1550 5071/1/5070
f 5033/1/5032 7452/1/7451 5071/1/5070 1537/1/1537
f 1542/1/1542 5076/1/5075 7453/1/7452 5034/1/5033
f 5076/1/5075 1555/1/1555 5059/1/5058 7453/1/7452
f 7453/1/7452 5059/1/5058 1554/1/1554 5077/1/5076
f 5034/1/5033 7453/1/7452 5077/1/5076 1541/1/1541
f 1560/1/1560 5092/1/5091 7454/1/7453 5064/1/5063
f 5092/1/5091 1573/1/1573 5089/1/5088 7454/1/7453
f 7454/1/7453 5089/1/5088 1568/1/1568 5091/1/5090
f 5064/1/5063 7454/1/7453 5091/1/5090 1555/1/1555
f 1553/1/1553 5094/1/5093 7455/1/7454 5057/1/5056
f 5094/1/5093 1566/1/1566 5082/1/5081 7455/1/7454
f 7455/1/7454 5082/1/5081 1564/1/1564 5093/1/5092
f 5057/1/5056 7455/1/7454 5093/1/5092 1551/1/1551
f 1561/1/1561 5096/1/5095 7456/1/7455 5065/1/5064
f 5096/1/5095 1574/1/1574 5090/1/5089 7456/1/7455
f 7456/1/7455 5090/1/5089 1571/1/1571 5095/1/5094
f 5065/1/5064 7456/1/7455 5095/1/5094 1558/1/1558
f 1554/1/1554 5098/1/5097 7457/1/7456 5058/1/5057
f 5098/1/5097 1567/1/1567 5083/1/5082 7457/1/7456
f 7457/1/7456 5083/1/5082 1563/1/1563 5097/1/5096
f 5058/1/5057 7457/1/7456 5097/1/5096 1550/1/1550
f 1555/1/1555 5091/1/5090 7458/1/7457 5059/1/5058
f 5091/1/5090 1568/1/1568 5084/1/5083 7458/1/7457
f 7458/1/7457 5084/1/5083 1567/1/1567 5098/1/5097
f 5059/1/5058 7458/1/7457 5098/1/5097 1554/1/1554
f 1552/1/1552 5100/1/5099 7459/1/7458 5060/1/5059
f 5100/1/5099 1565/1/1565 5085/1/5084 7459/1/7458
f 7459/1/7458 5085/1/5084 1569/1/1569 5099/1/5098
f 5060/1/5059 7459/1/7458 5099/1/5098 1556/1/1556
f 1571/1/1571 5128/1/5127 7460/1/7459 5088/1/5087
f 5128/1/5127 1584/1/1584 5114/1/5113 7460/1/7459
f 7460/1/7459 5114/1/5113 1586/1/1586 5121/1/5120
f 5088/1/5087 7460/1/7459 5121/1/5120 1573/1/1573
f 1556/1/1556 5099/1/5098 7461/1/7460 5061/1/5060
f 5099/1/5098 1569/1/1569 5086/1/5085 7461/1/7460
f 7461/1/7460 5086/1/5085 1570/1/1570 5102/1/5101
f 5061/1/5060 7461/1/7460 5102/1/5101 1557/1/1557
f 1550/1/1550 5097/1/5096 7462/1/7461 5054/1/5053
f 5097/1/5096 1563/1/1563 5079/1/5078 7462/1/7461
f 7462/1/7461 5079/1/5078 1562/1/1562 5103/1/5102
f 5054/1/5053 7462/1/7461 5103/1/5102 1549/1/1549
f 1557/1/1557 5102/1/5101 7463/1/7462 5062/1/5061
f 5102/1/5101 1570/1/1570 5087/1/5086 7463/1/7462
f 7463/1/7462 5087/1/5086 1574/1/1574 5096/1/5095
f 5062/1/5061 7463/1/7462 5096/1/5095 1561/1/1561
f 1551/1/1551 5093/1/5092 7464/1/7463 5055/1/5054
f 5093/1/5092 1564/1/1564 5080/1/5079 7464/1/7463
f 7464/1/7463 5080/1/5079 1565/1/1565 5100/1/5099
f 5055/1/5054 7464/1/7463 5100/1/5099 1552/1/1552
f 1608/1/1608 4837/1/4836 7465/1/7464 5164/1/5163
f 4837/1/4836 1520/1/1520 4978/1/4977 7465/1/7464
f 7465/1/7464 4978/1/4977 1507/1/1507 5174/1/5173
f 5164/1/5163 7465/1/7464 5174/1/5173 1609/1/1609
f 1549/1/1549 5103/1/5102 7466/1/7465 5056/1/5055
f 5103/1/5102 1562/1/1562 5081/1/5080 7466/1/7465
f 7466/1/7465 5081/1/5080 1566/1/1566 5094/1/5093
f 5056/1/5055 7466/1/7465 5094/1/5093 1553/1/1553
f 1568/1/1568 5118/1/5117 7467/1/7466 5084/1/5083
f 5118/1/5117 1581/1/1581 5110/1/5109 7467/1/7466
f 7467/1/7466 5110/1/5109 1580/1/1580 5117/1/5116
f 5084/1/5083 7467/1/7466 5117/1/5116 1567/1/1567
f 1565/1/1565 5120/1/5119 7468/1/7467 5085/1/5084
f 5120/1/5119 1578/1/1578 5111/1/5110 7468/1/7467
f 7468/1/7467 5111/1/5110 1582/1/1582 5119/1/5118
f 5085/1/5084 7468/1/7467 5119/1/5118 1569/1/1569
f 1586/1/1586 5114/1/5113 7469/1/7468 5148/1/5147
f 5114/1/5113 1584/1/1584 5144/1/5143 7469/1/7468
f 7469/1/7468 5144/1/5143 1597/1/1597 5140/1/5139
f 5148/1/5147 7469/1/7468 5140/1/5139 1599/1/1599
f 1569/1/1569 5119/1/5118 7470/1/7469 5086/1/5085
f 5119/1/5118 1582/1/1582 5112/1/5111 7470/1/7469
f 7470/1/7469 5112/1/5111 1583/1/1583 5123/1/5122
f 5086/1/5085 7470/1/7469 5123/1/5122 1570/1/1570
f 1563/1/1563 5125/1/5124 7471/1/7470 5079/1/5078
f 5125/1/5124 1576/1/1576 5105/1/5104 7471/1/7470
f 7471/1/7470 5105/1/5104 1575/1/1575 5124/1/5123
f 5079/1/5078 7471/1/7470 5124/1/5123 1562/1/1562
f 1570/1/1570 5123/1/5122 7472/1/7471 5087/1/5086
f 5123/1/5122 1583/1/1583 5113/1/5112 7472/1/7471
f 7472/1/7471 5113/1/5112 1587/1/1587 5126/1/5125
f 5087/1/5086 7472/1/7471 5126/1/5125 1574/1/1574
f 1564/1/1564 5127/1/5126 7473/1/7472 5080/1/5079
f 5127/1/5126 1577/1/1577 5106/1/5105 7473/1/7472
f 7473/1/7472 5106/1/5105 1578/1/1578 5120/1/5119
f 5080/1/5079 7473/1/7472 5120/1/5119 1565/1/1565
f 1602/1/1602 4834/1/4833 7474/1/7473 5157/1/5156
f 4834/1/4833 1598/1/1598 5156/1/5155 7474/1/7473
f 7474/1/7473 5156/1/5155 1611/1/1611 4669/1/4668
f 5157/1/5156 7474/1/7473 4669/1/4668 1601/1/1601
f 1562/1/1562 5124/1/5123 7475/1/7474 5081/1/5080
f 5124/1/5123 1575/1/1575 5107/1/5106 7475/1/7474
f 7475/1/7474 5107/1/5106 1579/1/1579 5129/1/5128
f 5081/1/5080 7475/1/7474 5129/1/5128 1566/1/1566
f 1573/1/1573 5121/1/5120 7476/1/7475 5089/1/5088
f 5121/1/5120 1586/1/1586 5115/1/5114 7476/1/7475
f 7476/1/7475 5115/1/5114 1581/1/1581 5118/1/5117
f 5089/1/5088 7476/1/7475 5118/1/5117 1568/1/1568
f 1566/1/1566 5129/1/5128 7477/1/7476 5082/1/5081
f 5129/1/5128 1579/1/1579 5108/1/5107 7477/1/7476
f 7477/1/7476 5108/1/5107 1577/1/1577 5127/1/5126
f 5082/1/5081 7477/1/7476 5127/1/5126 1564/1/1564
f 1574/1/1574 5126/1/5125 7478/1/7477 5090/1/5089
f 5126/1/5125 1587/1/1587 5116/1/5115 7478/1/7477
f 7478/1/7477 5116/1/5115 1584/1/1584 5128/1/5127
f 5090/1/5089 7478/1/7477 5128/1/5127 1571/1/1571
f 1567/1/1567 5117/1/5116 7479/1/7478 5083/1/5082
f 5117/1/5116 1580/1/1580 5109/1/5108 7479/1/7478
f 7479/1/7478 5109/1/5108 1576/1/1576 5125/1/5124
f 5083/1/5082 7479/1/7478 5125/1/5124 1563/1/1563
f 1597/1/1597 5180/1/5179 7480/1/7479 5140/1/5139
f 5180/1/5179 1610/1/1610 5166/1/5165 7480/1/7479
f 7480/1/7479 5166/1/5165 1612/1/1612 5173/1/5172
f 5140/1/5139 7480/1/7479 5173/1/5172 1599/1/1599
f 1575/1/1575 5146/1/5145 7481/1/7480 5107/1/5106
f 5146/1/5145 1588/1/1588 5133/1/5132 7481/1/7480
f 7481/1/7480 5133/1/5132 1592/1/1592 5145/1/5144
f 5107/1/5106 7481/1/7480 5145/1/5144 1579/1/1579
f 1586/1/1586 5148/1/5147 7482/1/7481 5115/1/5114
f 5148/1/5147 1599/1/1599 5141/1/5140 7482/1/7481
f 7482/1/7481 5141/1/5140 1594/1/1594 5147/1/5146
f 5115/1/5114 7482/1/7481 5147/1/5146 1581/1/1581
f 1579/1/1579 5145/1/5144 7483/1/7482 5108/1/5107
f 5145/1/5144 1592/1/1592 5134/1/5133 7483/1/7482
f 7483/1/7482 5134/1/5133 1590/1/1590 5149/1/5148
f 5108/1/5107 7483/1/7482 5149/1/5148 1577/1/1577
f 1587/1/1587 5150/1/5149 7484/1/7483 5116/1/5115
f 5150/1/5149 1600/1/1600 5142/1/5141 7484/1/7483
f 7484/1/7483 5142/1/5141 1597/1/1597 5144/1/5143
f 5116/1/5115 7484/1/7483 5144/1/5143 1584/1/1584
f 1580/1/1580 5152/1/5151 7485/1/7484 5109/1/5108
f 5152/1/5151 1593/1/1593 5135/1/5134 7485/1/7484
f 7485/1/7484 5135/1/5134 1589/1/1589 5151/1/5150
f 5109/1/5108 7485/1/7484 5151/1/5150 1576/1/1576
f 1581/1/1581 5147/1/5146 7486/1/7485 5110/1/5109
f 5147/1/5146 1594/1/1594 5136/1/5135 7486/1/7485
f 7486/1/7485 5136/1/5135 1593/1/1593 5152/1/5151
f 5110/1/5109 7486/1/7485 5152/1/5151 1580/1/1580
f 1578/1/1578 5154/1/5153 7487/1/7486 5111/1/5110
f 5154/1/5153 1591/1/1591 5137/1/5136 7487/1/7486
f 7487/1/7486 5137/1/5136 1595/1/1595 5153/1/5152
f 5111/1/5110 7487/1/7486 5153/1/5152 1582/1/1582
f 1612/1/1612 4670/1/4669 7488/1/7487 5167/1/5166
f 4670/1/4669 1481/1/1481 4903/1/4902 7488/1/7487
f 7488/1/7487 4903/1/4902 1533/1/1533 4722/1/4721
f 5167/1/5166 7488/1/7487 4722/1/4721 1607/1/1607
f 1582/1/1582 5153/1/5152 7489/1/7488 5112/1/5111
f 5153/1/5152 1595/1/1595 5138/1/5137 7489/1/7488
f 7489/1/7488 5138/1/5137 1596/1/1596 5155/1/5154
f 5112/1/5111 7489/1/7488 5155/1/5154 1583/1/1583
f 1576/1/1576 5151/1/5150 7490/1/7489 5105/1/5104
f 5151/1/5150 1589/1/1589 5131/1/5130 7490/1/7489
f 7490/1/7489 5131/1/5130 1588/1/1588 5146/1/5145
f 5105/1/5104 7490/1/7489 5146/1/5145 1575/1/1575
f 1583/1/1583 5155/1/5154 7491/1/7490 5113/1/5112
f 5155/1/5154 1596/1/1596 5139/1/5138 7491/1/7490
f 7491/1/7490 5139/1/5138 1600/1/1600 5150/1/5149
f 5113/1/5112 7491/1/7490 5150/1/5149 1587/1/1587
f 1577/1/1577 5149/1/5148 7492/1/7491 5106/1/5105
f 5149/1/5148 1590/1/1590 5132/1/5131 7492/1/7491
f 7492/1/7491 5132/1/5131 1591/1/1591 5154/1/5153
f 5106/1/5105 7492/1/7491 5154/1/5153 1578/1/1578
f 1594/1/1594 5170/1/5169 7493/1/7492 5136/1/5135
f 5170/1/5169 1607/1/1607 5162/1/5161 7493/1/7492
f 7493/1/7492 5162/1/5161 1606/1/1606 5169/1/5168
f 5136/1/5135 7493/1/7492 5169/1/5168 1593/1/1593
f 1591/1/1591 5172/1/5171 7494/1/7493 5137/1/5136
f 5172/1/5171 1604/1/1604 5163/1/5162 7494/1/7493
f 7494/1/7493 5163/1/5162 1608/1/1608 5171/1/5170
f 5137/1/5136 7494/1/7493 5171/1/5170 1595/1/1595
f 1604/1/1604 4836/1/4835 7495/1/7494 5163/1/5162
f 4836/1/4835 1572/1/1572 5003/1/5002 7495/1/7494
f 7495/1/7494 5003/1/5002 1520/1/1520 4837/1/4836
f 5163/1/5162 7495/1/7494 4837/1/4836 1608/1/1608
f 1595/1/1595 5171/1/5170 7496/1/7495 5138/1/5137
f 5171/1/5170 1608/1/1608 5164/1/5163 7496/1/7495
f 7496/1/7495 5164/1/5163 1609/1/1609 5175/1/5174
f 5138/1/5137 7496/1/7495 5175/1/5174 1596/1/1596
f 1589/1/1589 5177/1/5176 7497/1/7496 5131/1/5130
f 5177/1/5176 1602/1/1602 5157/1/5156 7497/1/7496
f 7497/1/7496 5157/1/5156 1601/1/1601 5176/1/5175
f 5131/1/5130 7497/1/7496 5176/1/5175 1588/1/1588
f 1596/1/1596 5175/1/5174 7498/1/7497 5139/1/5138
f 5175/1/5174 1609/1/1609 5165/1/5164 7498/1/7497
f 7498/1/7497 5165/1/5164 1613/1/1613 5178/1/5177
f 5139/1/5138 7498/1/7497 5178/1/5177 1600/1/1600
f 1590/1/1590 5179/1/5178 7499/1/7498 5132/1/5131
f 5179/1/5178 1603/1/1603 5158/1/5157 7499/1/7498
f 7499/1/7498 5158/1/5157 1604/1/1604 5172/1/5171
f 5132/1/5131 7499/1/7498 5172/1/5171 1591/1/1591
f 1605/1/1605 4734/1/4733 7500/1/7499 5160/1/5159
f 4734/1/4733 1559/1/1559 5078/1/5077 7500/1/7499
f 7500/1/7499 5078/1/5077 1585/1/1585 4835/1/4834
f 5160/1/5159 7500/1/7499 4835/1/4834 1603/1/1603
f 1588/1/1588 5176/1/5175 7501/1/7500 5133/1/5132
f 5176/1/5175 1601/1/1601 5159/1/5158 7501/1/7500
f 7501/1/7500 5159/1/5158 1605/1/1605 5181/1/5180
f 5133/1/5132 7501/1/7500 5181/1/5180 1592/1/1592
f 1599/1/1599 5173/1/5172 7502/1/7501 5141/1/5140
f 5173/1/5172 1612/1/1612 5167/1/5166 7502/1/7501
f 7502/1/7501 5167/1/5166 1607/1/1607 5170/1/5169
f 5141/1/5140 7502/1/7501 5170/1/5169 1594/1/1594
f 1592/1/1592 5181/1/5180 7503/1/7502 5134/1/5133
f 5181/1/5180 1605/1/1605 5160/1/5159 7503/1/7502
f 7503/1/7502 5160/1/5159 1603/1/1603 5179/1/5178
f 5134/1/5133 7503/1/7502 5179/1/5178 1590/1/1590
f 1600/1/1600 5178/1/5177 7504/1/7503 5142/1/5141
f 5178/1/5177 1613/1/1613 5168/1/5167 7504/1/7503
f 7504/1/7503 5168/1/5167 1610/1/1610 5180/1/5179
f 5142/1/5141 7504/1/7503 5180/1/5179 1597/1/1597
f 1593/1/1593 5169/1/5168 7505/1/7504 5135/1/5134
f 5169/1/5168 1606/1/1606 5161/1/5160 7505/1/7504
f 7505/1/7504 5161/1/5160 1602/1/1602 5177/1/5176
f 5135/1/5134 7505/1/7504 5177/1/5176 1589/1/1589
f 1395/1/1395 4821/1/4820 7506/1/7505 4839/1/4838
f 4821/1/4820 1437/1/1437 4838/1/4837 7506/1/7505
f 7506/1/7505 4838/1/4837 1433/1/1433 4811/1/4810
f 4839/1/4838 7506/1/7505 4811/1/4810 1387/1/1387
f 1481/1/1481 5195/1/5194 7507/1/7506 4903/1/4902
f 5195/1/5194 1615/1/1615 5183/1/5182 7507/1/7506
f 7507/1/7506 5183/1/5182 1619/1/1619 5194/1/5193
f 4903/1/4902 7507/1/7506 5194/1/5193 1533/1/1533
f 1520/1/1520 5197/1/5196 7508/1/7507 4978/1/4977
f 5197/1/5196 1618/1/1618 5186/1/5185 7508/1/7507
f 7508/1/7507 5186/1/5185 1617/1/1617 5196/1/5195
f 4978/1/4977 7508/1/7507 5196/1/5195 1507/1/1507
f 1611/1/1611 5199/1/5198 7509/1/7508 5104/1/5103
f 5199/1/5198 1625/1/1625 5191/1/5190 7509/1/7508
f 7509/1/7508 5191/1/5190 1621/1/1621 5198/1/5197
f 5104/1/5103 7509/1/7508 5198/1/5197 1559/1/1559
f 1546/1/1546 5201/1/5200 7510/1/7509 5053/1/5052
f 5201/1/5200 1620/1/1620 5189/1/5188 7510/1/7509
f 7510/1/7509 5189/1/5188 1624/1/1624 5200/1/5199
f 5053/1/5052 7510/1/7509 5200/1/5199 1598/1/1598
f 1494/1/1494 5202/1/5201 7511/1/7510 4928/1/4927
f 5202/1/5201 1616/1/1616 5184/1/5183 7511/1/7510
f 7511/1/7510 5184/1/5183 1615/1/1615 5195/1/5194
f 4928/1/4927 7511/1/7510 5195/1/5194 1481/1/1481
f 1598/1/1598 5200/1/5199 7512/1/7511 5156/1/5155
f 5200/1/5199 1624/1/1624 5193/1/5192 7512/1/7511
f 7512/1/7511 5193/1/5192 1625/1/1625 5199/1/5198
f 5156/1/5155 7512/1/7511 5199/1/5198 1611/1/1611
f 1572/1/1572 5203/1/5202 7513/1/7512 5003/1/5002
f 5203/1/5202 1622/1/1622 5187/1/5186 7513/1/7512
f 7513/1/7512 5187/1/5186 1618/1/1618 5197/1/5196
f 5003/1/5002 7513/1/7512 5197/1/5196 1520/1/1520
f 1559/1/1559 5198/1/5197 7514/1/7513 5078/1/5077
f 5198/1/5197 1621/1/1621 5190/1/5189 7514/1/7513
f 7514/1/7513 5190/1/5189 1623/1/1623 5204/1/5203
f 5078/1/5077 7514/1/7513 5204/1/5203 1585/1/1585
f 1507/1/1507 5196/1/5195 7515/1/7514 4953/1/4952
f 5196/1/5195 1617/1/1617 5185/1/5184 7515/1/7514
f 7515/1/7514 5185/1/5184 1614/1/1614 5205/1/5204
f 4953/1/4952 7515/1/7514 5205/1/5204 1470/1/1470
f 1585/1/1585 5204/1/5203 7516/1/7515 5130/1/5129
f 5204/1/5203 1623/1/1623 5192/1/5191 7516/1/7515
f 7516/1/7515 5192/1/5191 1622/1/1622 5203/1/5202
f 5130/1/5129 7516/1/7515 5203/1/5202 1572/1/1572
f 1470/1/1470 5205/1/5204 7517/1/7516 4892/1/4891
f 5205/1/5204 1614/1/1614 5182/1/5181 7517/1/7516
f 7517/1/7516 5182/1/5181 1616/1/1616 5202/1/5201
f 4892/1/4891 7517/1/7516 5202/1/5201 1494/1/1494
f 1533/1/1533 5194/1/5193 7518/1/7517 5028/1/5027
f 5194/1/5193 1619/1/1619 5188/1/5187 7518/1/7517
f 7518/1/7517 5188/1/5187 1620/1/1620 5201/1/5200
f 5028/1/5027 7518/1/7517 5201/1/5200 1546/1/1546
f 1617/1/1617 5207/1/5206 7519/1/7518 5185/1/5184
f 1626/1/1626 5206/1/5205 7519/1/7518 5207/1/5206
f 1614/1/1614 5185/1/5184 7519/1/7518 5206/1/5205
f 1623/1/1623 5209/1/5208 7520/1/7519 5192/1/5191
f 1626/1/1626 5208/1/5207 7520/1/7519 5209/1/5208
f 1622/1/1622 5192/1/5191 7520/1/7519 5208/1/5207
f 1614/1/1614 5206/1/5205 7521/1/7520 5182/1/5181
f 1626/1/1626 5210/1/5209 7521/1/7520 5206/1/5205
f 1616/1/1616 5182/1/5181 7521/1/7520 5210/1/5209
f 1620/1/1620 5212/1/5211 7522/1/7521 5189/1/5188
f 1626/1/1626 5211/1/5210 7522/1/7521 5212/1/5211
f 1624/1/1624 5189/1/5188 7522/1/7521 5211/1/5210
f 1618/1/1618 5213/1/5212 7523/1/7522 5186/1/5185
f 1626/1/1626 5207/1/5206 7523/1/7522 5213/1/5212
f 1617/1/1617 5186/1/5185 7523/1/7522 5207/1/5206
f 1624/1/1624 5211/1/5210 7524/1/7523 5193/1/5192
f 1626/1/1626 5214/1/5213 7524/1/7523 5211/1/5210
f 1625/1/1625 5193/1/5192 7524/1/7523 5214/1/5213
f 1615/1/1615 5216/1/5215 7525/1/7524 5183/1/5182
f 1626/1/1626 5215/1/5214 7525/1/7524 5216/1/5215
f 1619/1/1619 5183/1/5182 7525/1/7524 5215/1/5214
f 1621/1/1621 5217/1/5216 7526/1/7525 5190/1/5189
f 1626/1/1626 5209/1/5208 7526/1/7525 5217/1/5216
f 1623/1/1623 5190/1/5189 7526/1/7525 5209/1/5208
f 1622/1/1622 5208/1/5207 7527/1/7526 5187/1/5186
f 1626/1/1626 5213/1/5212 7527/1/7526 5208/1/5207
f 1618/1/1618 5187/1/5186 7527/1/7526 5213/1/5212
f 1616/1/1616 5210/1/5209 7528/1/7527 5184/1/5183
f 1626/1/1626 5216/1/5215 7528/1/7527 5210/1/5209
f 1615/1/1615 5184/1/5183 7528/1/7527 5216/1/5215
f 1625/1/1625 5214/1/5213 7529/1/7528 5191/1/5190
f 1626/1/1626 5217/1/5216 7529/1/7528 5214/1/5213
f 1621/1/1621 5191/1/5190 7529/1/7528 5217/1/5216
f 1619/1/1619 5215/1/5214 7530/1/7529 5188/1/5187
f 1626/1/1626 5212/1/5211 7530/1/7529 5215/1/5214
f 1620/1/1620 5188/1/5187 7530/1/7529 5212/1/5211
f 1365/1/1365 5229/1/5228 7531/1/7530 4675/1/4674
f 5229/1/5228 1634/1/1634 5224/1/5223 7531/1/7530
f 7531/1/7530 5224/1/5223 1633/1/1633 5230/1/5229
f 4675/1/4674 7531/1/7530 5230/1/5229 1363/1/1363
f 1363/1/1363 5230/1/5229 7532/1/7531 4672/1/4671
f 5230/1/5229 1633/1/1633 5223/1/5222 7532/1/7531
f 7532/1/7531 5223/1/5222 1632/1/1632 5231/1/5230
f 4672/1/4671 7532/1/7531 5231/1/5230 1361/1/1361
f 1351/1/1351 5232/1/5231 7533/1/7532 4653/1/4652
f 5232/1/5231 1627/1/1627 5218/1/5217 7533/1/7532
f 7533/1/7532 5218/1/5217 666/1/666 3281/1/3281
f 4653/1/4652 7533/1/7532 3281/1/3281 379/1/379
f 1355/1/1355 5234/1/5233 7534/1/7533 4659/1/4658
f 5234/1/5233 1629/1/1629 5220/1/5219 7534/1/7533
f 7534/1/7533 5220/1/5219 1628/1/1628 5233/1/5232
f 4659/1/4658 7534/1/7533 5233/1/5232 1353/1/1353
f 1442/1/1442 5236/1/5235 7535/1/7534 4859/1/4858
f 5236/1/5235 1635/1/1635 5227/1/5226 7535/1/7534
f 7535/1/7534 5227/1/5226 1630/1/1630 5235/1/5234
f 4859/1/4858 7535/1/7534 5235/1/5234 1357/1/1357
f 1353/1/1353 5233/1/5232 7536/1/7535 4656/1/4655
f 5233/1/5232 1628/1/1628 5219/1/5218 7536/1/7535
f 7536/1/7535 5219/1/5218 1627/1/1627 5232/1/5231
f 4656/1/4655 7536/1/7535 5232/1/5231 1351/1/1351
f 1450/1/1450 5237/1/5236 7537/1/7536 4863/1/4862
f 5237/1/5236 1636/1/1636 5228/1/5227 7537/1/7536
f 7537/1/7536 5228/1/5227 1635/1/1635 5236/1/5235
f 4863/1/4862 7537/1/7536 5236/1/5235 1442/1/1442
f 1359/1/1359 5238/1/5237 7538/1/7537 4667/1/4666
f 5238/1/5237 1631/1/1631 5222/1/5221 7538/1/7537
f 7538/1/7537 5222/1/5221 1636/1/1636 5237/1/5236
f 4667/1/4666 7538/1/7537 5237/1/5236 1450/1/1450
f 1361/1/1361 5231/1/5230 7539/1/7538 4833/1/4832
f 5231/1/5230 1632/1/1632 5226/1/5225 7539/1/7538
f 7539/1/7538 5226/1/5225 1631/1/1631 5238/1/5237
f 4833/1/4832 7539/1/7538 5238/1/5237 1359/1/1359
f 1357/1/1357 5235/1/5234 7540/1/7539 4664/1/4663
f 5235/1/5234 1630/1/1630 5221/1/5220 7540/1/7539
f 7540/1/7539 5221/1/5220 1629/1/1629 5234/1/5233
f 4664/1/4663 7540/1/7539 5234/1/5233 1355/1/1355
f 1630/1/1630 5251/1/5250 7541/1/7540 5221/1/5220
f 5251/1/5250 1640/1/1640 5242/1/5241 7541/1/7540
f 7541/1/7540 5242/1/5241 1639/1/1639 5250/1/5249
f 5221/1/5220 7541/1/7540 5250/1/5249 1629/1/1629
f 1636/1/1636 5253/1/5252 7542/1/7541 5228/1/5227
f 5253/1/5252 1646/1/1646 5249/1/5248 7542/1/7541
f 7542/1/7541 5249/1/5248 1645/1/1645 5252/1/5251
f 5228/1/5227 7542/1/7541 5252/1/5251 1635/1/1635
f 1627/1/1627 5254/1/5253 7543/1/7542 5218/1/5217
f 5254/1/5253 1637/1/1637 5239/1/5238 7543/1/7542
f 7543/1/7542 5239/1/5238 678/1/678 3304/1/3304
f 5218/1/5217 7543/1/7542 3304/1/3304 666/1/666
f 1365/1/1365 4677/1/4676 7544/1/7543 5351/1/5350
f 4677/1/4676 395/1/395 3278/1/3278 7544/1/7543
f 7544/1/7543 3278/1/3278 744/1/744 5352/1/5351
f 5351/1/5350 7544/1/7543 5352/1/5351 1691/1/1691
f 1631/1/1631 5257/1/5256 7545/1/7544 5222/1/5221
f 5257/1/5256 1641/1/1641 5243/1/5242 7545/1/7544
f 7545/1/7544 5243/1/5242 1646/1/1646 5253/1/5252
f 5222/1/5221 7545/1/7544 5253/1/5252 1636/1/1636
f 1628/1/1628 5258/1/5257 7546/1/7545 5219/1/5218
f 5258/1/5257 1638/1/1638 5240/1/5239 7546/1/7545
f 7546/1/7545 5240/1/5239 1637/1/1637 5254/1/5253
f 5219/1/5218 7546/1/7545 5254/1/5253 1627/1/1627
f 1632/1/1632 5259/1/5258 7547/1/7546 5226/1/5225
f 5259/1/5258 1642/1/1642 5247/1/5246 7547/1/7546
f 7547/1/7546 5247/1/5246 1641/1/1641 5257/1/5256
f 5226/1/5225 7547/1/7546 5257/1/5256 1631/1/1631
f 1633/1/1633 5260/1/5259 7548/1/7547 5223/1/5222
f 5260/1/5259 1643/1/1643 5244/1/5243 7548/1/7547
f 7548/1/7547 5244/1/5243 1642/1/1642 5259/1/5258
f 5223/1/5222 7548/1/7547 5259/1/5258 1632/1/1632
f 1629/1/1629 5250/1/5249 7549/1/7548 5220/1/5219
f 5250/1/5249 1639/1/1639 5241/1/5240 7549/1/7548
f 7549/1/7548 5241/1/5240 1638/1/1638 5258/1/5257
f 5220/1/5219 7549/1/7548 5258/1/5257 1628/1/1628
f 1635/1/1635 5252/1/5251 7550/1/7549 5227/1/5226
f 5252/1/5251 1645/1/1645 5248/1/5247 7550/1/7549
f 7550/1/7549 5248/1/5247 1640/1/1640 5251/1/5250
f 5227/1/5226 7550/1/7549 5251/1/5250 1630/1/1630
f 1634/1/1634 5255/1/5254 7551/1/7550 5224/1/5223
f 5255/1/5254 1644/1/1644 5245/1/5244 7551/1/7550
f 7551/1/7550 5245/1/5244 1643/1/1643 5260/1/5259
f 5224/1/5223 7551/1/7550 5260/1/5259 1633/1/1633
f 1695/1/1695 5362/1/5361 7552/1/7551 5357/1/5356
f 5362/1/5361 1693/1/1693 5355/1/5354 7552/1/7551
f 7552/1/7551 5355/1/5354 1654/1/1654 5272/1/5271
f 5357/1/5356 7552/1/7551 5272/1/5271 1670/1/1670
f 1674/1/1674 5313/1/5312 7553/1/7552 5328/1/5327
f 5313/1/5312 1651/1/1651 5265/1/5264 7553/1/7552
f 7553/1/7552 5265/1/5264 1656/1/1656 5273/1/5272
f 5328/1/5327 7553/1/7552 5273/1/5272 1671/1/1671
f 1675/1/1675 5314/1/5313 7554/1/7553 5327/1/5326
f 5314/1/5313 1648/1/1648 5262/1/5261 7554/1/7553
f 7554/1/7553 5262/1/5261 1647/1/1647 5275/1/5274
f 5327/1/5326 7554/1/7553 5275/1/5274 1672/1/1672
f 1676/1/1676 5315/1/5314 7555/1/7554 5326/1/5325
f 5315/1/5314 1652/1/1652 5269/1/5268 7555/1/7554
f 7555/1/7554 5269/1/5268 1651/1/1651 5313/1/5312
f 5326/1/5325 7555/1/7554 5313/1/5312 1674/1/1674
f 1677/1/1677 5316/1/5315 7556/1/7555 5325/1/5324
f 5316/1/5315 1653/1/1653 5266/1/5265 7556/1/7555
f 7556/1/7555 5266/1/5265 1652/1/1652 5315/1/5314
f 5325/1/5324 7556/1/7555 5315/1/5314 1676/1/1676
f 1678/1/1678 5317/1/5316 7557/1/7556 5324/1/5323
f 5317/1/5316 1649/1/1649 5263/1/5262 7557/1/7556
f 7557/1/7556 5263/1/5262 1648/1/1648 5314/1/5313
f 5324/1/5323 7557/1/7556 5314/1/5313 1675/1/1675
f 1679/1/1679 5318/1/5317 7558/1/7557 5323/1/5322
f 5318/1/5317 1655/1/1655 5270/1/5269 7558/1/7557
f 7558/1/7557 5270/1/5269 1650/1/1650 5280/1/5279
f 5323/1/5322 7558/1/7557 5280/1/5279 1673/1/1673
f 1670/1/1670 5272/1/5271 7559/1/7558 5322/1/5321
f 5272/1/5271 1654/1/1654 5267/1/5266 7559/1/7558
f 7559/1/7558 5267/1/5266 1653/1/1653 5316/1/5315
f 5322/1/5321 7559/1/7558 5316/1/5315 1677/1/1677
f 1673/1/1673 5280/1/5279 7560/1/7559 5321/1/5320
f 5280/1/5279 1650/1/1650 5264/1/5263 7560/1/7559
f 7560/1/7559 5264/1/5263 1649/1/1649 5317/1/5316
f 5321/1/5320 7560/1/7559 5317/1/5316 1678/1/1678
f 1671/1/1671 5273/1/5272 7561/1/7560 5320/1/5319
f 5273/1/5272 1656/1/1656 5271/1/5270 7561/1/7560
f 7561/1/7560 5271/1/5270 1655/1/1655 5318/1/5317
f 5320/1/5319 7561/1/7560 5318/1/5317 1679/1/1679
f 1672/1/1672 5275/1/5274 7562/1/7561 5319/1/5318
f 5275/1/5274 1647/1/1647 5261/1/5260 7562/1/7561
f 7562/1/7561 5261/1/5260 690/1/690 3334/1/3334
f 5319/1/5318 7562/1/7561 3334/1/3334 723/1/723
f 1688/1/1688 5285/1/5284 7563/1/7562 5350/1/5349
f 5285/1/5284 1660/1/1660 5292/1/5291 7563/1/7562
f 7563/1/7562 5292/1/5291 712/1/712 3346/1/3346
f 5350/1/5349 7563/1/7562 3346/1/3346 742/1/742
f 1687/1/1687 5283/1/5282 7564/1/7563 5349/1/5348
f 5283/1/5282 1658/1/1658 5293/1/5292 7564/1/7563
f 7564/1/7563 5293/1/5292 1666/1/1666 5335/1/5334
f 5349/1/5348 7564/1/7563 5335/1/5334 1685/1/1685
f 1689/1/1689 5290/1/5289 7565/1/7564 5348/1/5347
f 5290/1/5289 1665/1/1665 5294/1/5293 7565/1/7564
f 7565/1/7564 5294/1/5293 1664/1/1664 5334/1/5333
f 5348/1/5347 7565/1/7564 5334/1/5333 1684/1/1684
f 1686/1/1686 5282/1/5281 7566/1/7565 5347/1/5346
f 5282/1/5281 1657/1/1657 5295/1/5294 7566/1/7565
f 7566/1/7565 5295/1/5294 1663/1/1663 5333/1/5332
f 5347/1/5346 7566/1/7565 5333/1/5332 1683/1/1683
f 1685/1/1685 5335/1/5334 7567/1/7566 5346/1/5345
f 5335/1/5334 1666/1/1666 5296/1/5295 7567/1/7566
f 7567/1/7566 5296/1/5295 1665/1/1665 5290/1/5289
f 5346/1/5345 7567/1/7566 5290/1/5289 1689/1/1689
f 1684/1/1684 5334/1/5333 7568/1/7567 5345/1/5344
f 5334/1/5333 1664/1/1664 5297/1/5296 7568/1/7567
f 7568/1/7567 5297/1/5296 1661/1/1661 5331/1/5330
f 5345/1/5344 7568/1/7567 5331/1/5330 1681/1/1681
f 1683/1/1683 5333/1/5332 7569/1/7568 5344/1/5343
f 5333/1/5332 1663/1/1663 5298/1/5297 7569/1/7568
f 7569/1/7568 5298/1/5297 1662/1/1662 5332/1/5331
f 5344/1/5343 7569/1/7568 5332/1/5331 1682/1/1682
f 1682/1/1682 5332/1/5331 7570/1/7569 5343/1/5342
f 5332/1/5331 1662/1/1662 5299/1/5298 7570/1/7569
f 7570/1/7569 5299/1/5298 1659/1/1659 5330/1/5329
f 5343/1/5342 7570/1/7569 5330/1/5329 1680/1/1680
f 1681/1/1681 5331/1/5330 7571/1/7570 5342/1/5341
f 5331/1/5330 1661/1/1661 5300/1/5299 7571/1/7570
f 7571/1/7570 5300/1/5299 1660/1/1660 5285/1/5284
f 5342/1/5341 7571/1/7570 5285/1/5284 1688/1/1688
f 1680/1/1680 5330/1/5329 7572/1/7571 5341/1/5340
f 5330/1/5329 1659/1/1659 5301/1/5300 7572/1/7571
f 7572/1/7571 5301/1/5300 1658/1/1658 5283/1/5282
f 5341/1/5340 7572/1/7571 5283/1/5282 1687/1/1687
f 1696/1/1696 5361/1/5360 7573/1/7572 5358/1/5357
f 5361/1/5360 1694/1/1694 5356/1/5355 7573/1/7572
f 7573/1/7572 5356/1/5355 1657/1/1657 5282/1/5281
f 5358/1/5357 7573/1/7572 5282/1/5281 1686/1/1686
f 1847/1/1847 5645/1/5644 7574/1/7573 5662/1/5661
f 5645/1/5644 1667/1/1667 5303/1/5302 7574/1/7573
f 7574/1/7573 5303/1/5302 714/1/714 3359/1/3359
f 5662/1/5661 7574/1/7573 3359/1/3359 901/1/901
f 1667/1/1667 5306/1/5305 7575/1/7574 5303/1/5302
f 5306/1/5305 1668/1/1668 5305/1/5304 7575/1/7574
f 7575/1/7574 5305/1/5304 716/1/716 3362/1/3362
f 5303/1/5302 7575/1/7574 3362/1/3362 714/1/714
f 1668/1/1668 5308/1/5307 7576/1/7575 5305/1/5304
f 5308/1/5307 1669/1/1669 5307/1/5306 7576/1/7575
f 7576/1/7575 5307/1/5306 718/1/718 3365/1/3365
f 5305/1/5304 7576/1/7575 3365/1/3365 716/1/716
f 1660/1/1660 5311/1/5310 7577/1/7576 5292/1/5291
f 5311/1/5310 1672/1/1672 5319/1/5318 7577/1/7576
f 7577/1/7576 5319/1/5318 723/1/723 3371/1/3371
f 5292/1/5291 7577/1/7576 3371/1/3371 712/1/712
f 1658/1/1658 5310/1/5309 7578/1/7577 5293/1/5292
f 5310/1/5309 1671/1/1671 5320/1/5319 7578/1/7577
f 7578/1/7577 5320/1/5319 1679/1/1679 5291/1/5290
f 5293/1/5292 7578/1/7577 5291/1/5290 1666/1/1666
f 1665/1/1665 5312/1/5311 7579/1/7578 5294/1/5293
f 5312/1/5311 1673/1/1673 5321/1/5320 7579/1/7578
f 7579/1/7578 5321/1/5320 1678/1/1678 5289/1/5288
f 5294/1/5293 7579/1/7578 5289/1/5288 1664/1/1664
f 1657/1/1657 5309/1/5308 7580/1/7579 5295/1/5294
f 5309/1/5308 1670/1/1670 5322/1/5321 7580/1/7579
f 7580/1/7579 5322/1/5321 1677/1/1677 5288/1/5287
f 5295/1/5294 7580/1/7579 5288/1/5287 1663/1/1663
f 1666/1/1666 5291/1/5290 7581/1/7580 5296/1/5295
f 5291/1/5290 1679/1/1679 5323/1/5322 7581/1/7580
f 7581/1/7580 5323/1/5322 1673/1/1673 5312/1/5311
f 5296/1/5295 7581/1/7580 5312/1/5311 1665/1/1665
f 1664/1/1664 5289/1/5288 7582/1/7581 5297/1/5296
f 5289/1/5288 1678/1/1678 5324/1/5323 7582/1/7581
f 7582/1/7581 5324/1/5323 1675/1/1675 5286/1/5285
f 5297/1/5296 7582/1/7581 5286/1/5285 1661/1/1661
f 1663/1/1663 5288/1/5287 7583/1/7582 5298/1/5297
f 5288/1/5287 1677/1/1677 5325/1/5324 7583/1/7582
f 7583/1/7582 5325/1/5324 1676/1/1676 5287/1/5286
f 5298/1/5297 7583/1/7582 5287/1/5286 1662/1/1662
f 1662/1/1662 5287/1/5286 7584/1/7583 5299/1/5298
f 5287/1/5286 1676/1/1676 5326/1/5325 7584/1/7583
f 7584/1/7583 5326/1/5325 1674/1/1674 5284/1/5283
f 5299/1/5298 7584/1/7583 5284/1/5283 1659/1/1659
f 1661/1/1661 5286/1/5285 7585/1/7584 5300/1/5299
f 5286/1/5285 1675/1/1675 5327/1/5326 7585/1/7584
f 7585/1/7584 5327/1/5326 1672/1/1672 5311/1/5310
f 5300/1/5299 7585/1/7584 5311/1/5310 1660/1/1660
f 1659/1/1659 5284/1/5283 7586/1/7585 5301/1/5300
f 5284/1/5283 1674/1/1674 5328/1/5327 7586/1/7585
f 7586/1/7585 5328/1/5327 1671/1/1671 5310/1/5309
f 5301/1/5300 7586/1/7585 5310/1/5309 1658/1/1658
f 1694/1/1694 5360/1/5359 7587/1/7586 5356/1/5355
f 5360/1/5359 1695/1/1695 5357/1/5356 7587/1/7586
f 7587/1/7586 5357/1/5356 1670/1/1670 5309/1/5308
f 5356/1/5355 7587/1/7586 5309/1/5308 1657/1/1657
f 1692/1/1692 5359/1/5358 7588/1/7587 5354/1/5353
f 5359/1/5358 1696/1/1696 5358/1/5357 7588/1/7587
f 7588/1/7587 5358/1/5357 1686/1/1686 5336/1/5335
f 5354/1/5353 7588/1/7587 5336/1/5335 1644/1/1644
f 1641/1/1641 5274/1/5273 7589/1/7588 5243/1/5242
f 5274/1/5273 1680/1/1680 5341/1/5340 7589/1/7588
f 7589/1/7588 5341/1/5340 1687/1/1687 5337/1/5336
f 5243/1/5242 7589/1/7588 5337/1/5336 1646/1/1646
f 1638/1/1638 5276/1/5275 7590/1/7589 5240/1/5239
f 5276/1/5275 1681/1/1681 5342/1/5341 7590/1/7589
f 7590/1/7589 5342/1/5341 1688/1/1688 5338/1/5337
f 5240/1/5239 7590/1/7589 5338/1/5337 1637/1/1637
f 1642/1/1642 5277/1/5276 7591/1/7590 5247/1/5246
f 5277/1/5276 1682/1/1682 5343/1/5342 7591/1/7590
f 7591/1/7590 5343/1/5342 1680/1/1680 5274/1/5273
f 5247/1/5246 7591/1/7590 5274/1/5273 1641/1/1641
f 1643/1/1643 5278/1/5277 7592/1/7591 5244/1/5243
f 5278/1/5277 1683/1/1683 5344/1/5343 7592/1/7591
f 7592/1/7591 5344/1/5343 1682/1/1682 5277/1/5276
f 5244/1/5243 7592/1/7591 5277/1/5276 1642/1/1642
f 1639/1/1639 5279/1/5278 7593/1/7592 5241/1/5240
f 5279/1/5278 1684/1/1684 5345/1/5344 7593/1/7592
f 7593/1/7592 5345/1/5344 1681/1/1681 5276/1/5275
f 5241/1/5240 7593/1/7592 5276/1/5275 1638/1/1638
f 1645/1/1645 5281/1/5280 7594/1/7593 5248/1/5247
f 5281/1/5280 1685/1/1685 5346/1/5345 7594/1/7593
f 7594/1/7593 5346/1/5345 1689/1/1689 5339/1/5338
f 5248/1/5247 7594/1/7593 5339/1/5338 1640/1/1640
f 1644/1/1644 5336/1/5335 7595/1/7594 5245/1/5244
f 5336/1/5335 1686/1/1686 5347/1/5346 7595/1/7594
f 7595/1/7594 5347/1/5346 1683/1/1683 5278/1/5277
f 5245/1/5244 7595/1/7594 5278/1/5277 1643/1/1643
f 1640/1/1640 5339/1/5338 7596/1/7595 5242/1/5241
f 5339/1/5338 1689/1/1689 5348/1/5347 7596/1/7595
f 7596/1/7595 5348/1/5347 1684/1/1684 5279/1/5278
f 5242/1/5241 7596/1/7595 5279/1/5278 1639/1/1639
f 1646/1/1646 5337/1/5336 7597/1/7596 5249/1/5248
f 5337/1/5336 1687/1/1687 5349/1/5348 7597/1/7596
f 7597/1/7596 5349/1/5348 1685/1/1685 5281/1/5280
f 5249/1/5248 7597/1/7596 5281/1/5280 1645/1/1645
f 1637/1/1637 5338/1/5337 7598/1/7597 5239/1/5238
f 5338/1/5337 1688/1/1688 5350/1/5349 7598/1/7597
f 7598/1/7597 5350/1/5349 742/1/742 3401/1/3401
f 5239/1/5238 7598/1/7597 3401/1/3401 678/1/678
f 744/1/744 3414/1/3414 7599/1/7598 5352/1/5351
f 3414/1/3414 674/1/674 5225/1/5224 7599/1/7598
f 7599/1/7598 5225/1/5224 1690/1/1690 5353/1/5352
f 5352/1/5351 7599/1/7598 5353/1/5352 1691/1/1691
f 686/1/686 3324/1/3324 7600/1/7599 5246/1/5245
f 3324/1/3324 731/1/731 5340/1/5339 7600/1/7599
f 7600/1/7599 5340/1/5339 1696/1/1696 5359/1/5358
f 5246/1/5245 7600/1/7599 5359/1/5358 1692/1/1692
f 702/1/702 3336/1/3336 7601/1/7600 5302/1/5301
f 3336/1/3336 724/1/724 5329/1/5328 7601/1/7600
f 7601/1/7600 5329/1/5328 1695/1/1695 5360/1/5359
f 5302/1/5301 7601/1/7600 5360/1/5359 1694/1/1694
f 731/1/731 3390/1/3390 7602/1/7601 5340/1/5339
f 3390/1/3390 702/1/702 5302/1/5301 7602/1/7601
f 7602/1/7601 5302/1/5301 1694/1/1694 5361/1/5360
f 5340/1/5339 7602/1/7601 5361/1/5360 1696/1/1696
f 724/1/724 3372/1/3372 7603/1/7602 5329/1/5328
f 3372/1/3372 698/1/698 5268/1/5267 7603/1/7602
f 7603/1/7602 5268/1/5267 1693/1/1693 5362/1/5361
f 5329/1/5328 7603/1/7602 5362/1/5361 1695/1/1695
f 1634/1/1634 5229/1/5228 7604/1/7603 5256/1/5255
f 5229/1/5228 1365/1/1365 5351/1/5350 7604/1/7603
f 7604/1/7603 5351/1/5350 1691/1/1691 5353/1/5352
f 5256/1/5255 7604/1/7603 5353/1/5352 1690/1/1690
f 674/1/674 3427/1/395 7605/1/7604 5225/1/5224
f 3427/1/395 686/1/686 5246/1/5245 7605/1/7604
f 7605/1/7604 5246/1/5245 1692/1/1692 5363/1/5362
f 5225/1/5224 7605/1/7604 5363/1/5362 1690/1/1690
f 1644/1/1644 5255/1/5254 7606/1/7605 5354/1/5353
f 5255/1/5254 1634/1/1634 5256/1/5255 7606/1/7605
f 7606/1/7605 5256/1/5255 1690/1/1690 5363/1/5362
f 5354/1/5353 7606/1/7605 5363/1/5362 1692/1/1692
f 698/1/698 3428/1/3427 7607/1/7606 5268/1/5267
f 3428/1/3427 718/1/718 5307/1/5306 7607/1/7606
f 7607/1/7606 5307/1/5306 1669/1/1669 5364/1/5363
f 5268/1/5267 7607/1/7606 5364/1/5363 1693/1/1693
f 1726/1/1726 5422/1/5421 7608/1/7607 5448/1/5447
f 5422/1/5421 1703/1/1703 5369/1/5368 7608/1/7607
f 7608/1/7607 5369/1/5368 1702/1/1702 5379/1/5378
f 5448/1/5447 7608/1/7607 5379/1/5378 1725/1/1725
f 1728/1/1728 5424/1/5423 7609/1/7608 5447/1/5446
f 5424/1/5423 1709/1/1709 5378/1/5377 7609/1/7608
f 7609/1/7608 5378/1/5377 1710/1/1710 5381/1/5380
f 5447/1/5446 7609/1/7608 5381/1/5380 1727/1/1727
f 1729/1/1729 5425/1/5424 7610/1/7609 5446/1/5445
f 5425/1/5424 1704/1/1704 5370/1/5369 7610/1/7609
f 7610/1/7609 5370/1/5369 1703/1/1703 5422/1/5421
f 5446/1/5445 7610/1/7609 5422/1/5421 1726/1/1726
f 1731/1/1731 5427/1/5426 7611/1/7610 5445/1/5444
f 5427/1/5426 1707/1/1707 5375/1/5374 7611/1/7610
f 7611/1/7610 5375/1/5374 1708/1/1708 5384/1/5383
f 5445/1/5444 7611/1/7610 5384/1/5383 1730/1/1730
f 1725/1/1725 5379/1/5378 7612/1/7611 5444/1/5443
f 5379/1/5378 1702/1/1702 5371/1/5370 7612/1/7611
f 7612/1/7611 5371/1/5370 1701/1/1701 5386/1/5385
f 5444/1/5443 7612/1/7611 5386/1/5385 1732/1/1732
f 1734/1/1734 5430/1/5429 7613/1/7612 5443/1/5442
f 5430/1/5429 1698/1/1698 5365/1/5364 7613/1/7612
f 7613/1/7612 5365/1/5364 1697/1/1697 5387/1/5386
f 5443/1/5442 7613/1/7612 5387/1/5386 1733/1/1733
f 1736/1/1736 5432/1/5431 7614/1/7613 5442/1/5441
f 5432/1/5431 1705/1/1705 5372/1/5371 7614/1/7613
f 7614/1/7613 5372/1/5371 1700/1/1700 5389/1/5388
f 5442/1/5441 7614/1/7613 5389/1/5388 1735/1/1735
f 1737/1/1737 5433/1/5432 7615/1/7614 5441/1/5440
f 5433/1/5432 1699/1/1699 5366/1/5365 7615/1/7614
f 7615/1/7614 5366/1/5365 1698/1/1698 5430/1/5429
f 5441/1/5440 7615/1/7614 5430/1/5429 1734/1/1734
f 1730/1/1730 5384/1/5383 7616/1/7615 5440/1/5439
f 5384/1/5383 1708/1/1708 5376/1/5375 7616/1/7615
f 7616/1/7615 5376/1/5375 1709/1/1709 5424/1/5423
f 5440/1/5439 7616/1/7615 5424/1/5423 1728/1/1728
f 1727/1/1727 5381/1/5380 7617/1/7616 5439/1/5438
f 5381/1/5380 1710/1/1710 5377/1/5376 7617/1/7616
f 7617/1/7616 5377/1/5376 1704/1/1704 5425/1/5424
f 5439/1/5438 7617/1/7616 5425/1/5424 1729/1/1729
f 1738/1/1738 5434/1/5433 7618/1/7617 5438/1/5437
f 5434/1/5433 1706/1/1706 5373/1/5372 7618/1/7617
f 7618/1/7617 5373/1/5372 1705/1/1705 5432/1/5431
f 5438/1/5437 7618/1/7617 5432/1/5431 1736/1/1736
f 1735/1/1735 5389/1/5388 7619/1/7618 5437/1/5436
f 5389/1/5388 1700/1/1700 5367/1/5366 7619/1/7618
f 7619/1/7618 5367/1/5366 1699/1/1699 5433/1/5432
f 5437/1/5436 7619/1/7618 5433/1/5432 1737/1/1737
f 1850/1/1850 5661/1/5660 7620/1/7619 5648/1/5647
f 5661/1/5660 1848/1/1848 5646/1/5645 7620/1/7619
f 7620/1/7619 5646/1/5645 1707/1/1707 5427/1/5426
f 5648/1/5647 7620/1/7619 5427/1/5426 1731/1/1731
f 1732/1/1732 5386/1/5385 7621/1/7620 5435/1/5434
f 5386/1/5385 1701/1/1701 5368/1/5367 7621/1/7620
f 7621/1/7620 5368/1/5367 1706/1/1706 5434/1/5433
f 5435/1/5434 7621/1/7620 5434/1/5433 1738/1/1738
f 1943/1/1943 5849/1/5848 7622/1/7621 5898/1/5897
f 5849/1/5848 1717/1/1717 5397/1/5396 7622/1/7621
f 7622/1/7621 5397/1/5396 1716/1/1716 5407/1/5406
f 5898/1/5897 7622/1/7621 5407/1/5406 1930/1/1930
f 1945/1/1945 5851/1/5850 7623/1/7622 5896/1/5895
f 5851/1/5850 1724/1/1724 5405/1/5404 7623/1/7622
f 7623/1/7622 5405/1/5404 1718/1/1718 5409/1/5408
f 5896/1/5895 7623/1/7622 5409/1/5408 1932/1/1932
f 1932/1/1932 5409/1/5408 7624/1/7623 5894/1/5893
f 5409/1/5408 1718/1/1718 5398/1/5397 7624/1/7623
f 7624/1/7623 5398/1/5397 1717/1/1717 5849/1/5848
f 5894/1/5893 7624/1/7623 5849/1/5848 1943/1/1943
f 1947/1/1947 5853/1/5852 7625/1/7624 5892/1/5891
f 5853/1/5852 1723/1/1723 5406/1/5405 7625/1/7624
f 7625/1/7624 5406/1/5405 1724/1/1724 5851/1/5850
f 5892/1/5891 7625/1/7624 5851/1/5850 1945/1/1945
f 1930/1/1930 5407/1/5406 7626/1/7625 5890/1/5889
f 5407/1/5406 1716/1/1716 5399/1/5398 7626/1/7625
f 7626/1/7625 5399/1/5398 1715/1/1715 5412/1/5411
f 5890/1/5889 7626/1/7625 5412/1/5411 1934/1/1934
f 1949/1/1949 5855/1/5854 7627/1/7626 5888/1/5887
f 5855/1/5854 1719/1/1719 5400/1/5399 7627/1/7626
f 7627/1/7626 5400/1/5399 1714/1/1714 5413/1/5412
f 5888/1/5887 7627/1/7626 5413/1/5412 1936/1/1936
f 1951/1/1951 5857/1/5856 7628/1/7627 5886/1/5885
f 5857/1/5856 1712/1/1712 5393/1/5392 7628/1/7627
f 7628/1/7627 5393/1/5392 1711/1/1711 5415/1/5414
f 5886/1/5885 7628/1/7627 5415/1/5414 1938/1/1938
f 1953/1/1953 5859/1/5858 7629/1/7628 5884/1/5883
f 5859/1/5858 1720/1/1720 5401/1/5400 7629/1/7628
f 7629/1/7628 5401/1/5400 1719/1/1719 5855/1/5854
f 5884/1/5883 7629/1/7628 5855/1/5854 1949/1/1949
f 1955/1/1955 5861/1/5860 7630/1/7629 5882/1/5881
f 5861/1/5860 1713/1/1713 5394/1/5393 7630/1/7629
f 7630/1/7629 5394/1/5393 1712/1/1712 5857/1/5856
f 5882/1/5881 7630/1/7629 5857/1/5856 1951/1/1951
f 1958/1/1958 5660/1/5659 7631/1/7630 5880/1/5879
f 5660/1/5659 1849/1/1849 5647/1/5646 7631/1/7630
f 7631/1/7630 5647/1/5646 1721/1/1721 5419/1/5418
f 5880/1/5879 7631/1/7630 5419/1/5418 1940/1/1940
f 1936/1/1936 5413/1/5412 7632/1/7631 5878/1/5877
f 5413/1/5412 1714/1/1714 5395/1/5394 7632/1/7631
f 7632/1/7631 5395/1/5394 1713/1/1713 5861/1/5860
f 5878/1/5877 7632/1/7631 5861/1/5860 1955/1/1955
f 1940/1/1940 5419/1/5418 7633/1/7632 5876/1/5875
f 5419/1/5418 1721/1/1721 5403/1/5402 7633/1/7632
f 7633/1/7632 5403/1/5402 1722/1/1722 5420/1/5419
f 5876/1/5875 7633/1/7632 5420/1/5419 1942/1/1942
f 1934/1/1934 5412/1/5411 7634/1/7633 5874/1/5873
f 5412/1/5411 1715/1/1715 5396/1/5395 7634/1/7633
f 7634/1/7633 5396/1/5395 1720/1/1720 5859/1/5858
f 5874/1/5873 7634/1/7633 5859/1/5858 1953/1/1953
f 1942/1/1942 5420/1/5419 7635/1/7634 5872/1/5871
f 5420/1/5419 1722/1/1722 5404/1/5403 7635/1/7634
f 7635/1/7634 5404/1/5403 1723/1/1723 5853/1/5852
f 5872/1/5871 7635/1/7634 5853/1/5852 1947/1/1947
f 1651/1/1651 5428/1/5427 7636/1/7635 5265/1/5264
f 5428/1/5427 1732/1/1732 5435/1/5434 7636/1/7635
f 7636/1/7635 5435/1/5434 1738/1/1738 5392/1/5391
f 5265/1/5264 7636/1/7635 5392/1/5391 1656/1/1656
f 1847/1/1847 5659/1/5658 7637/1/7636 5645/1/5644
f 5659/1/5658 1850/1/1850 5648/1/5647 7637/1/7636
f 7637/1/7636 5648/1/5647 1731/1/1731 5385/1/5384
f 5645/1/5644 7637/1/7636 5385/1/5384 1667/1/1667
f 1650/1/1650 5431/1/5430 7638/1/7637 5264/1/5263
f 5431/1/5430 1735/1/1735 5437/1/5436 7638/1/7637
f 7638/1/7637 5437/1/5436 1737/1/1737 5391/1/5390
f 5264/1/5263 7638/1/7637 5391/1/5390 1649/1/1649
f 1656/1/1656 5392/1/5391 7639/1/7638 5271/1/5270
f 5392/1/5391 1738/1/1738 5438/1/5437 7639/1/7638
f 7639/1/7638 5438/1/5437 1736/1/1736 5390/1/5389
f 5271/1/5270 7639/1/7638 5390/1/5389 1655/1/1655
f 1693/1/1693 5423/1/5422 7640/1/7639 5355/1/5354
f 5423/1/5422 1727/1/1727 5439/1/5438 7640/1/7639
f 7640/1/7639 5439/1/5438 1729/1/1729 5383/1/5382
f 5355/1/5354 7640/1/7639 5383/1/5382 1654/1/1654
f 1668/1/1668 5426/1/5425 7641/1/7640 5308/1/5307
f 5426/1/5425 1730/1/1730 5440/1/5439 7641/1/7640
f 7641/1/7640 5440/1/5439 1728/1/1728 5382/1/5381
f 5308/1/5307 7641/1/7640 5382/1/5381 1669/1/1669
f 1649/1/1649 5391/1/5390 7642/1/7641 5263/1/5262
f 5391/1/5390 1737/1/1737 5441/1/5440 7642/1/7641
f 7642/1/7641 5441/1/5440 1734/1/1734 5388/1/5387
f 5263/1/5262 7642/1/7641 5388/1/5387 1648/1/1648
f 1655/1/1655 5390/1/5389 7643/1/7642 5270/1/5269
f 5390/1/5389 1736/1/1736 5442/1/5441 7643/1/7642
f 7643/1/7642 5442/1/5441 1735/1/1735 5431/1/5430
f 5270/1/5269 7643/1/7642 5431/1/5430 1650/1/1650
f 1648/1/1648 5388/1/5387 7644/1/7643 5262/1/5261
f 5388/1/5387 1734/1/1734 5443/1/5442 7644/1/7643
f 7644/1/7643 5443/1/5442 1733/1/1733 5429/1/5428
f 5262/1/5261 7644/1/7643 5429/1/5428 1647/1/1647
f 1652/1/1652 5421/1/5420 7645/1/7644 5269/1/5268
f 5421/1/5420 1725/1/1725 5444/1/5443 7645/1/7644
f 7645/1/7644 5444/1/5443 1732/1/1732 5428/1/5427
f 5269/1/5268 7645/1/7644 5428/1/5427 1651/1/1651
f 1667/1/1667 5385/1/5384 7646/1/7645 5306/1/5305
f 5385/1/5384 1731/1/1731 5445/1/5444 7646/1/7645
f 7646/1/7645 5445/1/5444 1730/1/1730 5426/1/5425
f 5306/1/5305 7646/1/7645 5426/1/5425 1668/1/1668
f 1654/1/1654 5383/1/5382 7647/1/7646 5267/1/5266
f 5383/1/5382 1729/1/1729 5446/1/5445 7647/1/7646
f 7647/1/7646 5446/1/5445 1726/1/1726 5380/1/5379
f 5267/1/5266 7647/1/7646 5380/1/5379 1653/1/1653
f 1669/1/1669 5382/1/5381 7648/1/7647 5364/1/5363
f 5382/1/5381 1728/1/1728 5447/1/5446 7648/1/7647
f 7648/1/7647 5447/1/5446 1727/1/1727 5423/1/5422
f 5364/1/5363 7648/1/7647 5423/1/5422 1693/1/1693
f 1653/1/1653 5380/1/5379 7649/1/7648 5266/1/5265
f 5380/1/5379 1726/1/1726 5448/1/5447 7649/1/7648
f 7649/1/7648 5448/1/5447 1725/1/1725 5421/1/5420
f 5266/1/5265 7649/1/7648 5421/1/5420 1652/1/1652
f 1708/1/1708 5501/1/5500 7650/1/7649 5376/1/5375
f 5501/1/5500 1791/1/1791 5505/1/5504 7650/1/7649
f 7650/1/7649 5505/1/5504 1758/1/1758 5411/1/5410
f 5376/1/5375 7650/1/7649 5411/1/5410 1709/1/1709
f 1791/1/1791 5502/1/5501 7651/1/7650 5505/1/5504
f 5502/1/5501 1792/1/1792 5506/1/5505 7651/1/7650
f 7651/1/7650 5506/1/5505 1757/1/1757 5468/1/5467
f 5505/1/5504 7651/1/7650 5468/1/5467 1758/1/1758
f 1792/1/1792 5503/1/5502 7652/1/7651 5506/1/5505
f 5503/1/5502 1793/1/1793 5507/1/5506 7652/1/7651
f 7652/1/7651 5507/1/5506 1756/1/1756 5467/1/5466
f 5506/1/5505 7652/1/7651 5467/1/5466 1757/1/1757
f 1793/1/1793 5504/1/5503 7653/1/7652 5507/1/5506
f 5504/1/5503 1794/1/1794 5508/1/5507 7653/1/7652
f 7653/1/7652 5508/1/5507 1755/1/1755 5466/1/5465
f 5507/1/5506 7653/1/7652 5466/1/5465 1756/1/1756
f 1701/1/1701 5469/1/5468 7654/1/7653 5368/1/5367
f 5469/1/5468 1759/1/1759 5509/1/5508 7654/1/7653
f 7654/1/7653 5509/1/5508 1782/1/1782 5417/1/5416
f 5368/1/5367 7654/1/7653 5417/1/5416 1706/1/1706
f 1759/1/1759 5470/1/5469 7655/1/7654 5509/1/5508
f 5470/1/5469 1760/1/1760 5510/1/5509 7655/1/7654
f 7655/1/7654 5510/1/5509 1781/1/1781 5492/1/5491
f 5509/1/5508 7655/1/7654 5492/1/5491 1782/1/1782
f 1760/1/1760 5471/1/5470 7656/1/7655 5510/1/5509
f 5471/1/5470 1761/1/1761 5511/1/5510 7656/1/7655
f 7656/1/7655 5511/1/5510 1780/1/1780 5491/1/5490
f 5510/1/5509 7656/1/7655 5491/1/5490 1781/1/1781
f 1761/1/1761 5472/1/5471 7657/1/7656 5511/1/5510
f 5472/1/5471 1762/1/1762 5512/1/5511 7657/1/7656
f 7657/1/7656 5512/1/5511 1779/1/1779 5490/1/5489
f 5511/1/5510 7657/1/7656 5490/1/5489 1780/1/1780
f 1707/1/1707 5497/1/5496 7658/1/7657 5375/1/5374
f 5497/1/5496 1787/1/1787 5513/1/5512 7658/1/7657
f 7658/1/7657 5513/1/5512 1791/1/1791 5501/1/5500
f 5375/1/5374 7658/1/7657 5501/1/5500 1708/1/1708
f 1787/1/1787 5498/1/5497 7659/1/7658 5513/1/5512
f 5498/1/5497 1788/1/1788 5514/1/5513 7659/1/7658
f 7659/1/7658 5514/1/5513 1792/1/1792 5502/1/5501
f 5513/1/5512 7659/1/7658 5502/1/5501 1791/1/1791
f 1788/1/1788 5499/1/5498 7660/1/7659 5514/1/5513
f 5499/1/5498 1789/1/1789 5515/1/5514 7660/1/7659
f 7660/1/7659 5515/1/5514 1793/1/1793 5503/1/5502
f 5514/1/5513 7660/1/7659 5503/1/5502 1792/1/1792
f 1789/1/1789 5500/1/5499 7661/1/7660 5515/1/5514
f 5500/1/5499 1790/1/1790 5516/1/5515 7661/1/7660
f 7661/1/7660 5516/1/5515 1794/1/1794 5504/1/5503
f 5515/1/5514 7661/1/7660 5504/1/5503 1793/1/1793
f 1700/1/1700 5473/1/5472 7662/1/7661 5367/1/5366
f 5473/1/5472 1763/1/1763 5517/1/5516 7662/1/7661
f 7662/1/7661 5517/1/5516 1786/1/1786 5418/1/5417
f 5367/1/5366 7662/1/7661 5418/1/5417 1699/1/1699
f 1763/1/1763 5474/1/5473 7663/1/7662 5517/1/5516
f 5474/1/5473 1764/1/1764 5518/1/5517 7663/1/7662
f 7663/1/7662 5518/1/5517 1785/1/1785 5496/1/5495
f 5517/1/5516 7663/1/7662 5496/1/5495 1786/1/1786
f 1764/1/1764 5475/1/5474 7664/1/7663 5518/1/5517
f 5475/1/5474 1765/1/1765 5519/1/5518 7664/1/7663
f 7664/1/7663 5519/1/5518 1784/1/1784 5495/1/5494
f 5518/1/5517 7664/1/7663 5495/1/5494 1785/1/1785
f 1765/1/1765 5476/1/5475 7665/1/7664 5519/1/5518
f 5476/1/5475 1766/1/1766 5520/1/5519 7665/1/7664
f 7665/1/7664 5520/1/5519 1783/1/1783 5494/1/5493
f 5519/1/5518 7665/1/7664 5494/1/5493 1784/1/1784
f 1848/1/1848 5658/1/5657 7666/1/7665 5646/1/5645
f 5658/1/5657 1851/1/1851 5649/1/5648 7666/1/7665
f 7666/1/7665 5649/1/5648 1787/1/1787 5497/1/5496
f 5646/1/5645 7666/1/7665 5497/1/5496 1707/1/1707
f 1851/1/1851 5657/1/5656 7667/1/7666 5649/1/5648
f 5657/1/5656 1852/1/1852 5650/1/5649 7667/1/7666
f 7667/1/7666 5650/1/5649 1788/1/1788 5498/1/5497
f 5649/1/5648 7667/1/7666 5498/1/5497 1787/1/1787
f 1852/1/1852 5656/1/5655 7668/1/7667 5650/1/5649
f 5656/1/5655 1853/1/1853 5651/1/5650 7668/1/7667
f 7668/1/7667 5651/1/5650 1789/1/1789 5499/1/5498
f 5650/1/5649 7668/1/7667 5499/1/5498 1788/1/1788
f 1853/1/1853 5655/1/5654 7669/1/7668 5651/1/5650
f 5655/1/5654 1854/1/1854 5652/1/5651 7669/1/7668
f 7669/1/7668 5652/1/5651 1790/1/1790 5500/1/5499
f 5651/1/5650 7669/1/7668 5500/1/5499 1789/1/1789
f 1699/1/1699 5418/1/5417 7670/1/7669 5366/1/5365
f 5418/1/5417 1786/1/1786 5525/1/5524 7670/1/7669
f 7670/1/7669 5525/1/5524 1778/1/1778 5416/1/5415
f 5366/1/5365 7670/1/7669 5416/1/5415 1698/1/1698
f 1786/1/1786 5496/1/5495 7671/1/7670 5525/1/5524
f 5496/1/5495 1785/1/1785 5526/1/5525 7671/1/7670
f 7671/1/7670 5526/1/5525 1777/1/1777 5488/1/5487
f 5525/1/5524 7671/1/7670 5488/1/5487 1778/1/1778
f 1785/1/1785 5495/1/5494 7672/1/7671 5526/1/5525
f 5495/1/5494 1784/1/1784 5527/1/5526 7672/1/7671
f 7672/1/7671 5527/1/5526 1776/1/1776 5487/1/5486
f 5526/1/5525 7672/1/7671 5487/1/5486 1777/1/1777
f 1784/1/1784 5494/1/5493 7673/1/7672 5527/1/5526
f 5494/1/5493 1783/1/1783 5528/1/5527 7673/1/7672
f 7673/1/7672 5528/1/5527 1775/1/1775 5486/1/5485
f 5527/1/5526 7673/1/7672 5486/1/5485 1776/1/1776
f 1706/1/1706 5417/1/5416 7674/1/7673 5373/1/5372
f 5417/1/5416 1782/1/1782 5529/1/5528 7674/1/7673
f 7674/1/7673 5529/1/5528 1770/1/1770 5414/1/5413
f 5373/1/5372 7674/1/7673 5414/1/5413 1705/1/1705
f 1782/1/1782 5492/1/5491 7675/1/7674 5529/1/5528
f 5492/1/5491 1781/1/1781 5530/1/5529 7675/1/7674
f 7675/1/7674 5530/1/5529 1769/1/1769 5480/1/5479
f 5529/1/5528 7675/1/7674 5480/1/5479 1770/1/1770
f 1781/1/1781 5491/1/5490 7676/1/7675 5530/1/5529
f 5491/1/5490 1780/1/1780 5531/1/5530 7676/1/7675
f 7676/1/7675 5531/1/5530 1768/1/1768 5479/1/5478
f 5530/1/5529 7676/1/7675 5479/1/5478 1769/1/1769
f 1780/1/1780 5490/1/5489 7677/1/7676 5531/1/5530
f 5490/1/5489 1779/1/1779 5532/1/5531 7677/1/7676
f 7677/1/7676 5532/1/5531 1767/1/1767 5478/1/5477
f 5531/1/5530 7677/1/7676 5478/1/5477 1768/1/1768
f 1698/1/1698 5416/1/5415 7678/1/7677 5365/1/5364
f 5416/1/5415 1778/1/1778 5533/1/5532 7678/1/7677
f 7678/1/7677 5533/1/5532 1771/1/1771 5481/1/5480
f 5365/1/5364 7678/1/7677 5481/1/5480 1697/1/1697
f 1778/1/1778 5488/1/5487 7679/1/7678 5533/1/5532
f 5488/1/5487 1777/1/1777 5534/1/5533 7679/1/7678
f 7679/1/7678 5534/1/5533 1772/1/1772 5482/1/5481
f 5533/1/5532 7679/1/7678 5482/1/5481 1771/1/1771
f 1777/1/1777 5487/1/5486 7680/1/7679 5534/1/5533
f 5487/1/5486 1776/1/1776 5535/1/5534 7680/1/7679
f 7680/1/7679 5535/1/5534 1773/1/1773 5483/1/5482
f 5534/1/5533 7680/1/7679 5483/1/5482 1772/1/1772
f 1776/1/1776 5486/1/5485 7681/1/7680 5535/1/5534
f 5486/1/5485 1775/1/1775 5536/1/5535 7681/1/7680
f 7681/1/7680 5536/1/5535 1774/1/1774 5484/1/5483
f 5535/1/5534 7681/1/7680 5484/1/5483 1773/1/1773
f 1705/1/1705 5414/1/5413 7682/1/7681 5372/1/5371
f 5414/1/5413 1770/1/1770 5537/1/5536 7682/1/7681
f 7682/1/7681 5537/1/5536 1763/1/1763 5473/1/5472
f 5372/1/5371 7682/1/7681 5473/1/5472 1700/1/1700
f 1770/1/1770 5480/1/5479 7683/1/7682 5537/1/5536
f 5480/1/5479 1769/1/1769 5538/1/5537 7683/1/7682
f 7683/1/7682 5538/1/5537 1764/1/1764 5474/1/5473
f 5537/1/5536 7683/1/7682 5474/1/5473 1763/1/1763
f 1769/1/1769 5479/1/5478 7684/1/7683 5538/1/5537
f 5479/1/5478 1768/1/1768 5539/1/5538 7684/1/7683
f 7684/1/7683 5539/1/5538 1765/1/1765 5475/1/5474
f 5538/1/5537 7684/1/7683 5475/1/5474 1764/1/1764
f 1768/1/1768 5478/1/5477 7685/1/7684 5539/1/5538
f 5478/1/5477 1767/1/1767 5540/1/5539 7685/1/7684
f 7685/1/7684 5540/1/5539 1766/1/1766 5476/1/5475
f 5539/1/5538 7685/1/7684 5476/1/5475 1765/1/1765
f 1702/1/1702 5449/1/5448 7686/1/7685 5371/1/5370
f 5449/1/5448 1739/1/1739 5541/1/5540 7686/1/7685
f 7686/1/7685 5541/1/5540 1759/1/1759 5469/1/5468
f 5371/1/5370 7686/1/7685 5469/1/5468 1701/1/1701
f 1739/1/1739 5450/1/5449 7687/1/7686 5541/1/5540
f 5450/1/5449 1740/1/1740 5542/1/5541 7687/1/7686
f 7687/1/7686 5542/1/5541 1760/1/1760 5470/1/5469
f 5541/1/5540 7687/1/7686 5470/1/5469 1759/1/1759
f 1740/1/1740 5451/1/5450 7688/1/7687 5542/1/5541
f 5451/1/5450 1741/1/1741 5543/1/5542 7688/1/7687
f 7688/1/7687 5543/1/5542 1761/1/1761 5471/1/5470
f 5542/1/5541 7688/1/7687 5471/1/5470 1760/1/1760
f 1741/1/1741 5452/1/5451 7689/1/7688 5543/1/5542
f 5452/1/5451 1742/1/1742 5544/1/5543 7689/1/7688
f 7689/1/7688 5544/1/5543 1762/1/1762 5472/1/5471
f 5543/1/5542 7689/1/7688 5472/1/5471 1761/1/1761
f 1709/1/1709 5411/1/5410 7690/1/7689 5378/1/5377
f 5411/1/5410 1758/1/1758 5545/1/5544 7690/1/7689
f 7690/1/7689 5545/1/5544 1754/1/1754 5410/1/5409
f 5378/1/5377 7690/1/7689 5410/1/5409 1710/1/1710
f 1758/1/1758 5468/1/5467 7691/1/7690 5545/1/5544
f 5468/1/5467 1757/1/1757 5546/1/5545 7691/1/7690
f 7691/1/7690 5546/1/5545 1753/1/1753 5464/1/5463
f 5545/1/5544 7691/1/7690 5464/1/5463 1754/1/1754
f 1757/1/1757 5467/1/5466 7692/1/7691 5546/1/5545
f 5467/1/5466 1756/1/1756 5547/1/5546 7692/1/7691
f 7692/1/7691 5547/1/5546 1752/1/1752 5463/1/5462
f 5546/1/5545 7692/1/7691 5463/1/5462 1753/1/1753
f 1756/1/1756 5466/1/5465 7693/1/7692 5547/1/5546
f 5466/1/5465 1755/1/1755 5548/1/5547 7693/1/7692
f 7693/1/7692 5548/1/5547 1751/1/1751 5462/1/5461
f 5547/1/5546 7693/1/7692 5462/1/5461 1752/1/1752
f 1704/1/1704 5457/1/5456 7694/1/7693 5370/1/5369
f 5457/1/5456 1747/1/1747 5549/1/5548 7694/1/7693
f 7694/1/7693 5549/1/5548 1746/1/1746 5408/1/5407
f 5370/1/5369 7694/1/7693 5408/1/5407 1703/1/1703
f 1747/1/1747 5458/1/5457 7695/1/7694 5549/1/5548
f 5458/1/5457 1748/1/1748 5550/1/5549 7695/1/7694
f 7695/1/7694 5550/1/5549 1745/1/1745 5456/1/5455
f 5549/1/5548 7695/1/7694 5456/1/5455 1746/1/1746
f 1748/1/1748 5459/1/5458 7696/1/7695 5550/1/5549
f 5459/1/5458 1749/1/1749 5551/1/5550 7696/1/7695
f 7696/1/7695 5551/1/5550 1744/1/1744 5455/1/5454
f 5550/1/5549 7696/1/7695 5455/1/5454 1745/1/1745
f 1749/1/1749 5460/1/5459 7697/1/7696 5551/1/5550
f 5460/1/5459 1750/1/1750 5552/1/5551 7697/1/7696
f 7697/1/7696 5552/1/5551 1743/1/1743 5454/1/5453
f 5551/1/5550 7697/1/7696 5454/1/5453 1744/1/1744
f 1710/1/1710 5410/1/5409 7698/1/7697 5377/1/5376
f 5410/1/5409 1754/1/1754 5553/1/5552 7698/1/7697
f 7698/1/7697 5553/1/5552 1747/1/1747 5457/1/5456
f 5377/1/5376 7698/1/7697 5457/1/5456 1704/1/1704
f 1754/1/1754 5464/1/5463 7699/1/7698 5553/1/5552
f 5464/1/5463 1753/1/1753 5554/1/5553 7699/1/7698
f 7699/1/7698 5554/1/5553 1748/1/1748 5458/1/5457
f 5553/1/5552 7699/1/7698 5458/1/5457 1747/1/1747
f 1753/1/1753 5463/1/5462 7700/1/7699 5554/1/5553
f 5463/1/5462 1752/1/1752 5555/1/5554 7700/1/7699
f 7700/1/7699 5555/1/5554 1749/1/1749 5459/1/5458
f 5554/1/5553 7700/1/7699 5459/1/5458 1748/1/1748
f 1752/1/1752 5462/1/5461 7701/1/7700 5555/1/5554
f 5462/1/5461 1751/1/1751 5556/1/5555 7701/1/7700
f 7701/1/7700 5556/1/5555 1750/1/1750 5460/1/5459
f 5555/1/5554 7701/1/7700 5460/1/5459 1749/1/1749
f 1703/1/1703 5408/1/5407 7702/1/7701 5369/1/5368
f 5408/1/5407 1746/1/1746 5557/1/5556 7702/1/7701
f 7702/1/7701 5557/1/5556 1739/1/1739 5449/1/5448
f 5369/1/5368 7702/1/7701 5449/1/5448 1702/1/1702
f 1746/1/1746 5456/1/5455 7703/1/7702 5557/1/5556
f 5456/1/5455 1745/1/1745 5558/1/5557 7703/1/7702
f 7703/1/7702 5558/1/5557 1740/1/1740 5450/1/5449
f 5557/1/5556 7703/1/7702 5450/1/5449 1739/1/1739
f 1745/1/1745 5455/1/5454 7704/1/7703 5558/1/5557
f 5455/1/5454 1744/1/1744 5559/1/5558 7704/1/7703
f 7704/1/7703 5559/1/5558 1741/1/1741 5451/1/5450
f 5558/1/5557 7704/1/7703 5451/1/5450 1740/1/1740
f 1744/1/1744 5454/1/5453 7705/1/7704 5559/1/5558
f 5454/1/5453 1743/1/1743 5560/1/5559 7705/1/7704
f 7705/1/7704 5560/1/5559 1742/1/1742 5452/1/5451
f 5559/1/5558 7705/1/7704 5452/1/5451 1741/1/1741
f 1842/1/1842 5831/1/5830 7706/1/7705 5638/1/5637
f 5831/1/5830 1797/1/1797 5562/1/5561 7706/1/7705
f 7706/1/7705 5562/1/5561 1796/1/1796 5585/1/5584
f 5638/1/5637 7706/1/7705 5585/1/5584 1843/1/1843
f 1818/1/1818 5825/1/5824 7707/1/7706 5627/1/5626
f 5825/1/5824 1804/1/1804 5569/1/5568 7707/1/7706
f 7707/1/7706 5569/1/5568 1803/1/1803 5818/1/5817
f 5627/1/5626 7707/1/7706 5818/1/5817 1817/1/1817
f 1822/1/1822 5826/1/5825 7708/1/7707 5625/1/5624
f 5826/1/5825 1802/1/1802 5566/1/5565 7708/1/7707
f 7708/1/7707 5566/1/5565 1801/1/1801 5819/1/5818
f 5625/1/5624 7708/1/7707 5819/1/5818 1821/1/1821
f 1824/1/1824 5827/1/5826 7709/1/7708 5623/1/5622
f 5827/1/5826 1808/1/1808 5572/1/5571 7709/1/7708
f 7709/1/7708 5572/1/5571 1802/1/1802 5826/1/5825
f 5623/1/5622 7709/1/7708 5826/1/5825 1822/1/1822
f 1828/1/1828 5828/1/5827 7710/1/7709 5621/1/5620
f 5828/1/5827 1800/1/1800 5567/1/5566 7710/1/7709
f 7710/1/7709 5567/1/5566 1799/1/1799 5820/1/5819
f 5621/1/5620 7710/1/7709 5820/1/5819 1827/1/1827
f 1830/1/1830 5829/1/5828 7711/1/7710 5619/1/5618
f 5829/1/5828 1807/1/1807 5573/1/5572 7711/1/7710
f 7711/1/7710 5573/1/5572 1808/1/1808 5827/1/5826
f 5619/1/5618 7711/1/7710 5827/1/5826 1824/1/1824
f 1827/1/1827 5820/1/5819 7712/1/7711 5617/1/5616
f 5820/1/5819 1799/1/1799 5564/1/5563 7712/1/7711
f 7712/1/7711 5564/1/5563 1804/1/1804 5825/1/5824
f 5617/1/5616 7712/1/7711 5825/1/5824 1818/1/1818
f 1834/1/1834 5830/1/5829 7713/1/7712 5615/1/5614
f 5830/1/5829 1805/1/1805 5570/1/5569 7713/1/7712
f 7713/1/7712 5570/1/5569 1806/1/1806 5821/1/5820
f 5615/1/5614 7713/1/7712 5821/1/5820 1833/1/1833
f 1817/1/1817 5818/1/5817 7714/1/7713 5613/1/5612
f 5818/1/5817 1803/1/1803 5568/1/5567 7714/1/7713
f 7714/1/7713 5568/1/5567 1798/1/1798 5822/1/5821
f 5613/1/5612 7714/1/7713 5822/1/5821 1837/1/1837
f 1821/1/1821 5819/1/5818 7715/1/7714 5611/1/5610
f 5819/1/5818 1801/1/1801 5565/1/5564 7715/1/7714
f 7715/1/7714 5565/1/5564 1800/1/1800 5828/1/5827
f 5611/1/5610 7715/1/7714 5828/1/5827 1828/1/1828
f 1712/1/1712 5580/1/5579 7716/1/7715 5393/1/5392
f 5580/1/5579 1809/1/1809 5583/1/5582 7716/1/7715
f 7716/1/7715 5583/1/5582 1811/1/1811 5582/1/5581
f 5393/1/5392 7716/1/7715 5582/1/5581 1711/1/1711
f 1713/1/1713 5563/1/5562 7717/1/7716 5394/1/5393
f 5563/1/5562 1810/1/1810 5584/1/5583 7717/1/7716
f 7717/1/7716 5584/1/5583 1809/1/1809 5580/1/5579
f 5394/1/5393 7717/1/7716 5580/1/5579 1712/1/1712
f 1722/1/1722 5603/1/5602 7718/1/7717 5404/1/5403
f 5603/1/5602 1832/1/1832 5608/1/5607 7718/1/7717
f 7718/1/7717 5608/1/5607 1831/1/1831 5578/1/5577
f 5404/1/5403 7718/1/7717 5578/1/5577 1723/1/1723
f 1832/1/1832 5604/1/5603 7719/1/7718 5608/1/5607
f 5604/1/5603 1833/1/1833 5609/1/5608 7719/1/7718
f 7719/1/7718 5609/1/5608 1830/1/1830 5602/1/5601
f 5608/1/5607 7719/1/7718 5602/1/5601 1831/1/1831
f 1717/1/1717 5595/1/5594 7720/1/7719 5397/1/5396
f 5595/1/5594 1820/1/1820 5610/1/5609 7720/1/7719
f 7720/1/7719 5610/1/5609 1829/1/1829 5577/1/5576
f 5397/1/5396 7720/1/7719 5577/1/5576 1716/1/1716
f 1820/1/1820 5596/1/5595 7721/1/7720 5610/1/5609
f 5596/1/5595 1821/1/1821 5611/1/5610 7721/1/7720
f 7721/1/7720 5611/1/5610 1828/1/1828 5601/1/5600
f 5610/1/5609 7721/1/7720 5601/1/5600 1829/1/1829
f 1719/1/1719 5592/1/5591 7722/1/7721 5400/1/5399
f 5592/1/5591 1816/1/1816 5612/1/5611 7722/1/7721
f 7722/1/7721 5612/1/5611 1836/1/1836 5606/1/5605
f 5400/1/5399 7722/1/7721 5606/1/5605 1714/1/1714
f 1816/1/1816 5593/1/5592 7723/1/7722 5612/1/5611
f 5593/1/5592 1817/1/1817 5613/1/5612 7723/1/7722
f 7723/1/7722 5613/1/5612 1837/1/1837 5607/1/5606
f 5612/1/5611 7723/1/7722 5607/1/5606 1836/1/1836
f 1721/1/1721 5579/1/5578 7724/1/7723 5403/1/5402
f 5579/1/5578 1835/1/1835 5614/1/5613 7724/1/7723
f 7724/1/7723 5614/1/5613 1832/1/1832 5603/1/5602
f 5403/1/5402 7724/1/7723 5603/1/5602 1722/1/1722
f 1835/1/1835 5605/1/5604 7725/1/7724 5614/1/5613
f 5605/1/5604 1834/1/1834 5615/1/5614 7725/1/7724
f 7725/1/7724 5615/1/5614 1833/1/1833 5604/1/5603
f 5614/1/5613 7725/1/7724 5604/1/5603 1832/1/1832
f 1715/1/1715 5599/1/5598 7726/1/7725 5396/1/5395
f 5599/1/5598 1826/1/1826 5616/1/5615 7726/1/7725
f 7726/1/7725 5616/1/5615 1819/1/1819 5574/1/5573
f 5396/1/5395 7726/1/7725 5574/1/5573 1720/1/1720
f 1826/1/1826 5600/1/5599 7727/1/7726 5616/1/5615
f 5600/1/5599 1827/1/1827 5617/1/5616 7727/1/7726
f 7727/1/7726 5617/1/5616 1818/1/1818 5594/1/5593
f 5616/1/5615 7727/1/7726 5594/1/5593 1819/1/1819
f 1723/1/1723 5578/1/5577 7728/1/7727 5406/1/5405
f 5578/1/5577 1831/1/1831 5618/1/5617 7728/1/7727
f 7728/1/7727 5618/1/5617 1825/1/1825 5576/1/5575
f 5406/1/5405 7728/1/7727 5576/1/5575 1724/1/1724
f 1831/1/1831 5602/1/5601 7729/1/7728 5618/1/5617
f 5602/1/5601 1830/1/1830 5619/1/5618 7729/1/7728
f 7729/1/7728 5619/1/5618 1824/1/1824 5598/1/5597
f 5618/1/5617 7729/1/7728 5598/1/5597 1825/1/1825
f 1716/1/1716 5577/1/5576 7730/1/7729 5399/1/5398
f 5577/1/5576 1829/1/1829 5620/1/5619 7730/1/7729
f 7730/1/7729 5620/1/5619 1826/1/1826 5599/1/5598
f 5399/1/5398 7730/1/7729 5599/1/5598 1715/1/1715
f 1829/1/1829 5601/1/5600 7731/1/7730 5620/1/5619
f 5601/1/5600 1828/1/1828 5621/1/5620 7731/1/7730
f 7731/1/7730 5621/1/5620 1827/1/1827 5600/1/5599
f 5620/1/5619 7731/1/7730 5600/1/5599 1826/1/1826
f 1724/1/1724 5576/1/5575 7732/1/7731 5405/1/5404
f 5576/1/5575 1825/1/1825 5622/1/5621 7732/1/7731
f 7732/1/7731 5622/1/5621 1823/1/1823 5575/1/5574
f 5405/1/5404 7732/1/7731 5575/1/5574 1718/1/1718
f 1825/1/1825 5598/1/5597 7733/1/7732 5622/1/5621
f 5598/1/5597 1824/1/1824 5623/1/5622 7733/1/7732
f 7733/1/7732 5623/1/5622 1822/1/1822 5597/1/5596
f 5622/1/5621 7733/1/7732 5597/1/5596 1823/1/1823
f 1718/1/1718 5575/1/5574 7734/1/7733 5398/1/5397
f 5575/1/5574 1823/1/1823 5624/1/5623 7734/1/7733
f 7734/1/7733 5624/1/5623 1820/1/1820 5595/1/5594
f 5398/1/5397 7734/1/7733 5595/1/5594 1717/1/1717
f 1823/1/1823 5597/1/5596 7735/1/7734 5624/1/5623
f 5597/1/5596 1822/1/1822 5625/1/5624 7735/1/7734
f 7735/1/7734 5625/1/5624 1821/1/1821 5596/1/5595
f 5624/1/5623 7735/1/7734 5596/1/5595 1820/1/1820
f 1720/1/1720 5574/1/5573 7736/1/7735 5401/1/5400
f 5574/1/5573 1819/1/1819 5626/1/5625 7736/1/7735
f 7736/1/7735 5626/1/5625 1816/1/1816 5592/1/5591
f 5401/1/5400 7736/1/7735 5592/1/5591 1719/1/1719
f 1819/1/1819 5594/1/5593 7737/1/7736 5626/1/5625
f 5594/1/5593 1818/1/1818 5627/1/5626 7737/1/7736
f 7737/1/7736 5627/1/5626 1817/1/1817 5593/1/5592
f 5626/1/5625 7737/1/7736 5593/1/5592 1816/1/1816
f 1713/1/1713 5395/1/5394 7738/1/7737 5631/1/5630
f 5395/1/5394 1714/1/1714 5606/1/5605 7738/1/7737
f 7738/1/7737 5606/1/5605 1836/1/1836 5628/1/5627
f 5631/1/5630 7738/1/7737 5628/1/5627 1838/1/1838
f 1839/1/1839 5630/1/5629 7739/1/7738 5629/1/5628
f 5630/1/5629 1810/1/1810 5563/1/5562 7739/1/7738
f 7739/1/7738 5563/1/5562 1713/1/1713 5631/1/5630
f 5629/1/5628 7739/1/7738 5631/1/5630 1838/1/1838
f 1837/1/1837 5632/1/5631 7740/1/7739 5607/1/5606
f 5632/1/5631 1840/1/1840 5634/1/5633 7740/1/7739
f 7740/1/7739 5634/1/5633 1838/1/1838 5628/1/5627
f 5607/1/5606 7740/1/7739 5628/1/5627 1836/1/1836
f 1839/1/1839 5629/1/5628 7741/1/7740 5635/1/5634
f 5629/1/5628 1838/1/1838 5634/1/5633 7741/1/7740
f 7741/1/7740 5634/1/5633 1840/1/1840 5633/1/5632
f 5635/1/5634 7741/1/7740 5633/1/5632 1841/1/1841
f 1810/1/1810 5581/1/5580 7742/1/7741 5584/1/5583
f 5581/1/5580 1842/1/1842 5638/1/5637 7742/1/7741
f 7742/1/7741 5638/1/5637 1843/1/1843 5636/1/5635
f 5584/1/5583 7742/1/7741 5636/1/5635 1809/1/1809
f 1809/1/1809 5636/1/5635 7743/1/7742 5583/1/5582
f 5636/1/5635 1843/1/1843 5639/1/5638 7743/1/7742
f 7743/1/7742 5639/1/5638 1844/1/1844 5637/1/5636
f 5583/1/5582 7743/1/7742 5637/1/5636 1811/1/1811
f 1842/1/1842 5581/1/5580 7744/1/7743 5640/1/5639
f 5581/1/5580 1810/1/1810 5630/1/5629 7744/1/7743
f 7744/1/7743 5630/1/5629 1839/1/1839 5635/1/5634
f 5640/1/5639 7744/1/7743 5635/1/5634 1841/1/1841
f 1843/1/1843 5585/1/5584 7745/1/7744 5639/1/5638
f 5585/1/5584 1796/1/1796 5561/1/5560 7745/1/7744
f 7745/1/7744 5561/1/5560 1795/1/1795 5823/1/5822
f 5639/1/5638 7745/1/7744 5823/1/5822 1844/1/1844
f 1833/1/1833 5821/1/5820 7746/1/7745 5609/1/5608
f 5821/1/5820 1806/1/1806 5571/1/5570 7746/1/7745
f 7746/1/7745 5571/1/5570 1807/1/1807 5829/1/5828
f 5609/1/5608 7746/1/7745 5829/1/5828 1830/1/1830
f 1837/1/1837 5822/1/5821 7747/1/7746 5632/1/5631
f 5822/1/5821 1798/1/1798 5586/1/5585 7747/1/7746
f 7747/1/7746 5586/1/5585 1812/1/1812 5824/1/5823
f 5632/1/5631 7747/1/7746 5824/1/5823 1840/1/1840
f 1813/1/1813 5832/1/5831 7748/1/7747 5587/1/5586
f 5832/1/5831 1841/1/1841 5633/1/5632 7748/1/7747
f 7748/1/7747 5633/1/5632 1840/1/1840 5824/1/5823
f 5587/1/5586 7748/1/7747 5824/1/5823 1812/1/1812
f 1849/1/1849 5654/1/5653 7749/1/7748 5647/1/5646
f 5654/1/5653 1855/1/1855 5653/1/5652 7749/1/7748
f 7749/1/7748 5653/1/5652 1835/1/1835 5579/1/5578
f 5647/1/5646 7749/1/7748 5579/1/5578 1721/1/1721
f 1813/1/1813 5588/1/5587 7750/1/7749 5832/1/5831
f 5588/1/5587 1797/1/1797 5831/1/5830 7750/1/7749
f 7750/1/7749 5831/1/5830 1842/1/1842 5640/1/5639
f 5832/1/5831 7750/1/7749 5640/1/5639 1841/1/1841
f 1858/1/1858 5681/1/5680 7751/1/7750 5666/1/5665
f 5681/1/5680 1864/1/1864 5672/1/5671 7751/1/7750
f 7751/1/7750 5672/1/5671 1855/1/1855 5654/1/5653
f 5666/1/5665 7751/1/7750 5654/1/5653 1849/1/1849
f 1815/1/1815 5591/1/5590 7752/1/7751 5833/1/5832
f 5591/1/5590 1805/1/1805 5830/1/5829 7752/1/7751
f 7752/1/7751 5830/1/5829 1834/1/1834 5642/1/5641
f 5833/1/5832 7752/1/7751 5642/1/5641 1845/1/1845
f 1862/1/1862 5680/1/5679 7753/1/7752 5670/1/5669
f 5680/1/5679 1863/1/1863 5671/1/5670 7753/1/7752
f 7753/1/7752 5671/1/5670 1854/1/1854 5655/1/5654
f 5670/1/5669 7753/1/7752 5655/1/5654 1853/1/1853
f 1861/1/1861 5679/1/5678 7754/1/7753 5669/1/5668
f 5679/1/5678 1862/1/1862 5670/1/5669 7754/1/7753
f 7754/1/7753 5670/1/5669 1853/1/1853 5656/1/5655
f 5669/1/5668 7754/1/7753 5656/1/5655 1852/1/1852
f 1860/1/1860 5678/1/5677 7755/1/7754 5668/1/5667
f 5678/1/5677 1861/1/1861 5669/1/5668 7755/1/7754
f 7755/1/7754 5669/1/5668 1852/1/1852 5657/1/5656
f 5668/1/5667 7755/1/7754 5657/1/5656 1851/1/1851
f 1857/1/1857 5677/1/5676 7756/1/7755 5665/1/5664
f 5677/1/5676 1860/1/1860 5668/1/5667 7756/1/7755
f 7756/1/7755 5668/1/5667 1851/1/1851 5658/1/5657
f 5665/1/5664 7756/1/7755 5658/1/5657 1848/1/1848
f 1856/1/1856 5676/1/5675 7757/1/7756 5664/1/5663
f 5676/1/5675 1859/1/1859 5667/1/5666 7757/1/7756
f 7757/1/7756 5667/1/5666 1850/1/1850 5659/1/5658
f 5664/1/5663 7757/1/7756 5659/1/5658 1847/1/1847
f 1960/1/1960 5675/1/5674 7758/1/7757 5870/1/5869
f 5675/1/5674 1858/1/1858 5666/1/5665 7758/1/7757
f 7758/1/7757 5666/1/5665 1849/1/1849 5660/1/5659
f 5870/1/5869 7758/1/7757 5660/1/5659 1958/1/1958
f 1859/1/1859 5674/1/5673 7759/1/7758 5667/1/5666
f 5674/1/5673 1857/1/1857 5665/1/5664 7759/1/7758
f 7759/1/7758 5665/1/5664 1848/1/1848 5661/1/5660
f 5667/1/5666 7759/1/7758 5661/1/5660 1850/1/1850
f 1856/1/1856 5664/1/5663 7760/1/7759 5673/1/5672
f 5664/1/5663 1847/1/1847 5662/1/5661 7760/1/7759
f 7760/1/7759 5662/1/5661 901/1/901 3710/1/3709
f 5673/1/5672 7760/1/7759 3710/1/3709 920/1/920
f 1814/1/1814 5834/1/5833 7761/1/7760 5589/1/5588
f 5834/1/5833 1846/1/1846 5590/1/5589 7761/1/7760
f 7761/1/7760 5590/1/5589 1815/1/1815 5833/1/5832
f 5589/1/5588 7761/1/7760 5833/1/5832 1845/1/1845
f 1835/1/1835 5653/1/5652 7762/1/7761 5605/1/5604
f 5653/1/5652 1855/1/1855 5663/1/5662 7762/1/7761
f 7762/1/7761 5663/1/5662 1845/1/1845 5642/1/5641
f 5605/1/5604 7762/1/7761 5642/1/5641 1834/1/1834
f 1647/1/1647 5304/1/5303 7763/1/7762 5261/1/5260
f 5304/1/5303 1856/1/1856 5673/1/5672 7763/1/7762
f 7763/1/7762 5673/1/5672 920/1/920 3739/1/3738
f 5261/1/5260 7763/1/7762 3739/1/3738 690/1/690
f 1733/1/1733 5387/1/5386 7764/1/7763 5436/1/5435
f 5387/1/5386 1697/1/1697 5374/1/5373 7764/1/7763
f 7764/1/7763 5374/1/5373 1857/1/1857 5674/1/5673
f 5436/1/5435 7764/1/7763 5674/1/5673 1859/1/1859
f 1938/1/1938 5415/1/5414 7765/1/7764 5868/1/5867
f 5415/1/5414 1711/1/1711 5402/1/5401 7765/1/7764
f 7765/1/7764 5402/1/5401 1858/1/1858 5675/1/5674
f 5868/1/5867 7765/1/7764 5675/1/5674 1960/1/1960
f 1647/1/1647 5429/1/5428 7766/1/7765 5304/1/5303
f 5429/1/5428 1733/1/1733 5436/1/5435 7766/1/7765
f 7766/1/7765 5436/1/5435 1859/1/1859 5676/1/5675
f 5304/1/5303 7766/1/7765 5676/1/5675 1856/1/1856
f 1697/1/1697 5481/1/5480 7767/1/7766 5374/1/5373
f 5481/1/5480 1771/1/1771 5521/1/5520 7767/1/7766
f 7767/1/7766 5521/1/5520 1860/1/1860 5677/1/5676
f 5374/1/5373 7767/1/7766 5677/1/5676 1857/1/1857
f 1771/1/1771 5482/1/5481 7768/1/7767 5521/1/5520
f 5482/1/5481 1772/1/1772 5522/1/5521 7768/1/7767
f 7768/1/7767 5522/1/5521 1861/1/1861 5678/1/5677
f 5521/1/5520 7768/1/7767 5678/1/5677 1860/1/1860
f 1772/1/1772 5483/1/5482 7769/1/7768 5522/1/5521
f 5483/1/5482 1773/1/1773 5523/1/5522 7769/1/7768
f 7769/1/7768 5523/1/5522 1862/1/1862 5679/1/5678
f 5522/1/5521 7769/1/7768 5679/1/5678 1861/1/1861
f 1773/1/1773 5484/1/5483 7770/1/7769 5523/1/5522
f 5484/1/5483 1774/1/1774 5524/1/5523 7770/1/7769
f 7770/1/7769 5524/1/5523 1863/1/1863 5680/1/5679
f 5523/1/5522 7770/1/7769 5680/1/5679 1862/1/1862
f 1711/1/1711 5582/1/5581 7771/1/7770 5402/1/5401
f 5582/1/5581 1811/1/1811 5641/1/5640 7771/1/7770
f 7771/1/7770 5641/1/5640 1864/1/1864 5681/1/5680
f 5402/1/5401 7771/1/7770 5681/1/5680 1858/1/1858
f 1814/1/1814 5589/1/5588 7772/1/7771 5682/1/5681
f 5589/1/5588 1845/1/1845 5663/1/5662 7772/1/7771
f 7772/1/7771 5663/1/5662 1855/1/1855 5672/1/5671
f 5682/1/5681 7772/1/7771 5672/1/5671 1864/1/1864
f 1811/1/1811 5637/1/5636 7773/1/7772 5641/1/5640
f 5637/1/5636 1844/1/1844 5644/1/5643 7773/1/7772
f 7773/1/7772 5644/1/5643 1814/1/1814 5682/1/5681
f 5641/1/5640 7773/1/7772 5682/1/5681 1864/1/1864
f 1912/1/1912 5783/1/5782 7774/1/7773 5817/1/5816
f 5783/1/5782 1873/1/1873 5689/1/5688 7774/1/7773
f 7774/1/7773 5689/1/5688 1868/1/1868 5701/1/5700
f 5817/1/5816 7774/1/7773 5701/1/5700 1911/1/1911
f 1914/1/1914 5785/1/5784 7775/1/7774 5816/1/5815
f 5785/1/5784 1881/1/1881 5699/1/5698 7775/1/7774
f 7775/1/7774 5699/1/5698 1875/1/1875 5703/1/5702
f 5816/1/5815 7775/1/7774 5703/1/5702 1913/1/1913
f 1916/1/1916 5787/1/5786 7776/1/7775 5815/1/5814
f 5787/1/5786 1867/1/1867 5684/1/5683 7776/1/7775
f 7776/1/7775 5684/1/5683 1866/1/1866 5705/1/5704
f 5815/1/5814 7776/1/7775 5705/1/5704 1915/1/1915
f 1917/1/1917 5788/1/5787 7777/1/7776 5814/1/5813
f 5788/1/5787 1874/1/1874 5690/1/5689 7777/1/7776
f 7777/1/7776 5690/1/5689 1873/1/1873 5783/1/5782
f 5814/1/5813 7777/1/7776 5783/1/5782 1912/1/1912
f 1919/1/1919 5790/1/5789 7778/1/7777 5813/1/5812
f 5790/1/5789 1865/1/1865 5700/1/5699 7778/1/7777
f 7778/1/7777 5700/1/5699 1882/1/1882 5708/1/5707
f 5813/1/5812 7778/1/7777 5708/1/5707 1918/1/1918
f 1911/1/1911 5701/1/5700 7779/1/7778 5812/1/5811
f 5701/1/5700 1868/1/1868 5695/1/5694 7779/1/7778
f 7779/1/7778 5695/1/5694 1879/1/1879 5710/1/5709
f 5812/1/5811 7779/1/7778 5710/1/5709 1920/1/1920
f 1913/1/1913 5703/1/5702 7780/1/7779 5811/1/5810
f 5703/1/5702 1875/1/1875 5691/1/5690 7780/1/7779
f 7780/1/7779 5691/1/5690 1876/1/1876 5711/1/5710
f 5811/1/5810 7780/1/7779 5711/1/5710 1921/1/1921
f 1920/1/1920 5710/1/5709 7781/1/7780 5810/1/5809
f 5710/1/5709 1879/1/1879 5696/1/5695 7781/1/7780
f 7781/1/7780 5696/1/5695 1880/1/1880 5712/1/5711
f 5810/1/5809 7781/1/7780 5712/1/5711 1922/1/1922
f 1921/1/1921 5711/1/5710 7782/1/7781 5809/1/5808
f 5711/1/5710 1876/1/1876 5692/1/5691 7782/1/7781
f 7782/1/7781 5692/1/5691 1877/1/1877 5713/1/5712
f 5809/1/5808 7782/1/7781 5713/1/5712 1923/1/1923
f 1924/1/1924 5795/1/5794 7783/1/7782 5808/1/5807
f 5795/1/5794 1869/1/1869 5685/1/5684 7783/1/7782
f 7783/1/7782 5685/1/5684 1874/1/1874 5788/1/5787
f 5808/1/5807 7783/1/7782 5788/1/5787 1917/1/1917
f 1926/1/1926 5797/1/5796 7784/1/7783 5807/1/5806
f 5797/1/5796 1878/1/1878 5693/1/5692 7784/1/7783
f 7784/1/7783 5693/1/5692 1872/1/1872 5715/1/5714
f 5807/1/5806 7784/1/7783 5715/1/5714 1925/1/1925
f 1928/1/1928 5799/1/5798 7785/1/7784 5806/1/5805
f 5799/1/5798 1871/1/1871 5686/1/5685 7785/1/7784
f 7785/1/7784 5686/1/5685 1870/1/1870 5717/1/5716
f 5806/1/5805 7785/1/7784 5717/1/5716 1927/1/1927
f 1922/1/1922 5712/1/5711 7786/1/7785 5805/1/5804
f 5712/1/5711 1880/1/1880 5697/1/5696 7786/1/7785
f 7786/1/7785 5697/1/5696 1867/1/1867 5787/1/5786
f 5805/1/5804 7786/1/7785 5787/1/5786 1916/1/1916
f 1923/1/1923 5713/1/5712 7787/1/7786 5804/1/5803
f 5713/1/5712 1877/1/1877 5694/1/5693 7787/1/7786
f 7787/1/7786 5694/1/5693 1878/1/1878 5797/1/5796
f 5804/1/5803 7787/1/7786 5797/1/5796 1926/1/1926
f 1925/1/1925 5715/1/5714 7788/1/7787 5803/1/5802
f 5715/1/5714 1872/1/1872 5687/1/5686 7788/1/7787
f 7788/1/7787 5687/1/5686 1871/1/1871 5799/1/5798
f 5803/1/5802 7788/1/7787 5799/1/5798 1928/1/1928
f 1927/1/1927 5717/1/5716 7789/1/7788 5802/1/5801
f 5717/1/5716 1870/1/1870 5688/1/5687 7789/1/7788
f 7789/1/7788 5688/1/5687 1869/1/1869 5795/1/5794
f 5802/1/5801 7789/1/7788 5795/1/5794 1924/1/1924
f 1918/1/1918 5708/1/5707 7790/1/7789 5801/1/5800
f 5708/1/5707 1882/1/1882 5698/1/5697 7790/1/7789
f 7790/1/7789 5698/1/5697 1881/1/1881 5785/1/5784
f 5801/1/5800 7790/1/7789 5785/1/5784 1914/1/1914
f 1915/1/1915 5705/1/5704 7791/1/7790 5800/1/5799
f 5705/1/5704 1866/1/1866 5683/1/5682 7791/1/7790
f 7791/1/7790 5683/1/5682 1865/1/1865 5790/1/5789
f 5800/1/5799 7791/1/7790 5790/1/5789 1919/1/1919
f 1878/1/1878 5738/1/5737 7792/1/7791 5693/1/5692
f 5738/1/5737 1896/1/1896 5729/1/5728 7792/1/7791
f 7792/1/7791 5729/1/5728 1890/1/1890 5737/1/5736
f 5693/1/5692 7792/1/7791 5737/1/5736 1872/1/1872
f 1871/1/1871 5740/1/5739 7793/1/7792 5686/1/5685
f 5740/1/5739 1889/1/1889 5722/1/5721 7793/1/7792
f 7793/1/7792 5722/1/5721 1888/1/1888 5739/1/5738
f 5686/1/5685 7793/1/7792 5739/1/5738 1870/1/1870
f 1877/1/1877 5741/1/5740 7794/1/7793 5694/1/5693
f 5741/1/5740 1895/1/1895 5730/1/5729 7794/1/7793
f 7794/1/7793 5730/1/5729 1896/1/1896 5738/1/5737
f 5694/1/5693 7794/1/7793 5738/1/5737 1878/1/1878
f 1872/1/1872 5737/1/5736 7795/1/7794 5687/1/5686
f 5737/1/5736 1890/1/1890 5723/1/5722 7795/1/7794
f 7795/1/7794 5723/1/5722 1889/1/1889 5740/1/5739
f 5687/1/5686 7795/1/7794 5740/1/5739 1871/1/1871
f 1868/1/1868 5743/1/5742 7796/1/7795 5695/1/5694
f 5743/1/5742 1886/1/1886 5731/1/5730 7796/1/7795
f 7796/1/7795 5731/1/5730 1897/1/1897 5742/1/5741
f 5695/1/5694 7796/1/7795 5742/1/5741 1879/1/1879
f 1870/1/1870 5739/1/5738 7797/1/7796 5688/1/5687
f 5739/1/5738 1888/1/1888 5724/1/5723 7797/1/7796
f 7797/1/7796 5724/1/5723 1887/1/1887 5744/1/5743
f 5688/1/5687 7797/1/7796 5744/1/5743 1869/1/1869
f 1879/1/1879 5742/1/5741 7798/1/7797 5696/1/5695
f 5742/1/5741 1897/1/1897 5732/1/5731 7798/1/7797
f 7798/1/7797 5732/1/5731 1898/1/1898 5745/1/5744
f 5696/1/5695 7798/1/7797 5745/1/5744 1880/1/1880
f 1873/1/1873 5746/1/5745 7799/1/7798 5689/1/5688
f 5746/1/5745 1891/1/1891 5725/1/5724 7799/1/7798
f 7799/1/7798 5725/1/5724 1886/1/1886 5743/1/5742
f 5689/1/5688 7799/1/7798 5743/1/5742 1868/1/1868
f 1880/1/1880 5745/1/5744 7800/1/7799 5697/1/5696
f 5745/1/5744 1898/1/1898 5733/1/5732 7800/1/7799
f 7800/1/7799 5733/1/5732 1885/1/1885 5747/1/5746
f 5697/1/5696 7800/1/7799 5747/1/5746 1867/1/1867
f 1874/1/1874 5748/1/5747 7801/1/7800 5690/1/5689
f 5748/1/5747 1892/1/1892 5726/1/5725 7801/1/7800
f 7801/1/7800 5726/1/5725 1891/1/1891 5746/1/5745
f 5690/1/5689 7801/1/7800 5746/1/5745 1873/1/1873
f 1866/1/1866 5750/1/5749 7802/1/7801 5683/1/5682
f 5750/1/5749 1884/1/1884 5719/1/5718 7802/1/7801
f 7802/1/7801 5719/1/5718 1883/1/1883 5749/1/5748
f 5683/1/5682 7802/1/7801 5749/1/5748 1865/1/1865
f 1882/1/1882 5752/1/5751 7803/1/7802 5698/1/5697
f 5752/1/5751 1900/1/1900 5734/1/5733 7803/1/7802
f 7803/1/7802 5734/1/5733 1899/1/1899 5751/1/5750
f 5698/1/5697 7803/1/7802 5751/1/5750 1881/1/1881
f 1875/1/1875 5754/1/5753 7804/1/7803 5691/1/5690
f 5754/1/5753 1893/1/1893 5727/1/5726 7804/1/7803
f 7804/1/7803 5727/1/5726 1894/1/1894 5753/1/5752
f 5691/1/5690 7804/1/7803 5753/1/5752 1876/1/1876
f 1867/1/1867 5747/1/5746 7805/1/7804 5684/1/5683
f 5747/1/5746 1885/1/1885 5720/1/5719 7805/1/7804
f 7805/1/7804 5720/1/5719 1884/1/1884 5750/1/5749
f 5684/1/5683 7805/1/7804 5750/1/5749 1866/1/1866
f 1881/1/1881 5751/1/5750 7806/1/7805 5699/1/5698
f 5751/1/5750 1899/1/1899 5735/1/5734 7806/1/7805
f 7806/1/7805 5735/1/5734 1893/1/1893 5754/1/5753
f 5699/1/5698 7806/1/7805 5754/1/5753 1875/1/1875
f 1876/1/1876 5753/1/5752 7807/1/7806 5692/1/5691
f 5753/1/5752 1894/1/1894 5728/1/5727 7807/1/7806
f 7807/1/7806 5728/1/5727 1895/1/1895 5741/1/5740
f 5692/1/5691 7807/1/7806 5741/1/5740 1877/1/1877
f 1869/1/1869 5744/1/5743 7808/1/7807 5685/1/5684
f 5744/1/5743 1887/1/1887 5721/1/5720 7808/1/7807
f 7808/1/7807 5721/1/5720 1892/1/1892 5748/1/5747
f 5685/1/5684 7808/1/7807 5748/1/5747 1874/1/1874
f 1865/1/1865 5749/1/5748 7809/1/7808 5700/1/5699
f 5749/1/5748 1883/1/1883 5736/1/5735 7809/1/7808
f 7809/1/7808 5736/1/5735 1900/1/1900 5752/1/5751
f 5700/1/5699 7809/1/7808 5752/1/5751 1882/1/1882
f 1885/1/1885 5733/1/5732 7810/1/7809 5755/1/5754
f 5733/1/5732 1898/1/1898 5732/1/5731 7810/1/7809
f 7810/1/7809 5732/1/5731 1897/1/1897 5756/1/5755
f 5755/1/5754 7810/1/7809 5756/1/5755 1901/1/1901
f 1901/1/1901 5756/1/5755 7811/1/7810 5757/1/5756
f 5756/1/5755 1897/1/1897 5731/1/5730 7811/1/7810
f 7811/1/7810 5731/1/5730 1886/1/1886 5758/1/5757
f 5757/1/5756 7811/1/7810 5758/1/5757 1903/1/1903
f 1903/1/1903 5758/1/5757 7812/1/7811 5759/1/5758
f 5758/1/5757 1886/1/1886 5725/1/5724 7812/1/7811
f 7812/1/7811 5725/1/5724 1891/1/1891 5760/1/5759
f 5759/1/5758 7812/1/7811 5760/1/5759 1905/1/1905
f 1905/1/1905 5760/1/5759 7813/1/7812 5761/1/5760
f 5760/1/5759 1891/1/1891 5726/1/5725 7813/1/7812
f 7813/1/7812 5726/1/5725 1892/1/1892 5762/1/5761
f 5761/1/5760 7813/1/7812 5762/1/5761 1907/1/1907
f 1907/1/1907 5762/1/5761 7814/1/7813 5763/1/5762
f 5762/1/5761 1892/1/1892 5721/1/5720 7814/1/7813
f 7814/1/7813 5721/1/5720 1887/1/1887 5764/1/5763
f 5763/1/5762 7814/1/7813 5764/1/5763 1909/1/1909
f 1909/1/1909 5764/1/5763 7815/1/7814 5765/1/5764
f 5764/1/5763 1887/1/1887 5724/1/5723 7815/1/7814
f 7815/1/7814 5724/1/5723 1888/1/1888 5722/1/5721
f 5765/1/5764 7815/1/7814 5722/1/5721 1889/1/1889
f 1884/1/1884 5720/1/5719 7816/1/7815 5766/1/5765
f 5720/1/5719 1885/1/1885 5755/1/5754 7816/1/7815
f 7816/1/7815 5755/1/5754 1901/1/1901 5767/1/5766
f 5766/1/5765 7816/1/7815 5767/1/5766 1902/1/1902
f 1902/1/1902 5767/1/5766 7817/1/7816 5768/1/5767
f 5767/1/5766 1901/1/1901 5757/1/5756 7817/1/7816
f 7817/1/7816 5757/1/5756 1903/1/1903 5769/1/5768
f 5768/1/5767 7817/1/7816 5769/1/5768 1904/1/1904
f 1904/1/1904 5769/1/5768 7818/1/7817 5770/1/5769
f 5769/1/5768 1903/1/1903 5759/1/5758 7818/1/7817
f 7818/1/7817 5759/1/5758 1905/1/1905 5771/1/5770
f 5770/1/5769 7818/1/7817 5771/1/5770 1906/1/1906
f 1906/1/1906 5771/1/5770 7819/1/7818 5772/1/5771
f 5771/1/5770 1905/1/1905 5761/1/5760 7819/1/7818
f 7819/1/7818 5761/1/5760 1907/1/1907 5773/1/5772
f 5772/1/5771 7819/1/7818 5773/1/5772 1908/1/1908
f 1908/1/1908 5773/1/5772 7820/1/7819 5774/1/5773
f 5773/1/5772 1907/1/1907 5763/1/5762 7820/1/7819
f 7820/1/7819 5763/1/5762 1909/1/1909 5775/1/5774
f 5774/1/5773 7820/1/7819 5775/1/5774 1910/1/1910
f 1910/1/1910 5775/1/5774 7821/1/7820 5776/1/5775
f 5775/1/5774 1909/1/1909 5765/1/5764 7821/1/7820
f 7821/1/7820 5765/1/5764 1889/1/1889 5723/1/5722
f 5776/1/5775 7821/1/7820 5723/1/5722 1890/1/1890
f 1883/1/1883 5719/1/5718 7822/1/7821 5736/1/5735
f 5719/1/5718 1884/1/1884 5766/1/5765 7822/1/7821
f 7822/1/7821 5766/1/5765 1902/1/1902 5777/1/5776
f 5736/1/5735 7822/1/7821 5777/1/5776 1900/1/1900
f 1900/1/1900 5777/1/5776 7823/1/7822 5734/1/5733
f 5777/1/5776 1902/1/1902 5768/1/5767 7823/1/7822
f 7823/1/7822 5768/1/5767 1904/1/1904 5778/1/5777
f 5734/1/5733 7823/1/7822 5778/1/5777 1899/1/1899
f 1899/1/1899 5778/1/5777 7824/1/7823 5735/1/5734
f 5778/1/5777 1904/1/1904 5770/1/5769 7824/1/7823
f 7824/1/7823 5770/1/5769 1906/1/1906 5779/1/5778
f 5735/1/5734 7824/1/7823 5779/1/5778 1893/1/1893
f 1893/1/1893 5779/1/5778 7825/1/7824 5727/1/5726
f 5779/1/5778 1906/1/1906 5772/1/5771 7825/1/7824
f 7825/1/7824 5772/1/5771 1908/1/1908 5780/1/5779
f 5727/1/5726 7825/1/7824 5780/1/5779 1894/1/1894
f 1894/1/1894 5780/1/5779 7826/1/7825 5728/1/5727
f 5780/1/5779 1908/1/1908 5774/1/5773 7826/1/7825
f 7826/1/7825 5774/1/5773 1910/1/1910 5781/1/5780
f 5728/1/5727 7826/1/7825 5781/1/5780 1895/1/1895
f 1895/1/1895 5781/1/5780 7827/1/7826 5730/1/5729
f 5781/1/5780 1910/1/1910 5776/1/5775 7827/1/7826
f 7827/1/7826 5776/1/5775 1890/1/1890 5729/1/5728
f 5730/1/5729 7827/1/7826 5729/1/5728 1896/1/1896
f 1796/1/1796 5786/1/5785 7828/1/7827 5561/1/5560
f 5786/1/5785 1915/1/1915 5800/1/5799 7828/1/7827
f 7828/1/7827 5800/1/5799 1919/1/1919 5709/1/5708
f 5561/1/5560 7828/1/7827 5709/1/5708 1795/1/1795
f 1846/1/1846 5789/1/5788 7829/1/7828 5590/1/5589
f 5789/1/5788 1918/1/1918 5801/1/5800 7829/1/7828
f 7829/1/7828 5801/1/5800 1914/1/1914 5704/1/5703
f 5590/1/5589 7829/1/7828 5704/1/5703 1815/1/1815
f 1800/1/1800 5798/1/5797 7830/1/7829 5567/1/5566
f 5798/1/5797 1927/1/1927 5802/1/5801 7830/1/7829
f 7830/1/7829 5802/1/5801 1924/1/1924 5714/1/5713
f 5567/1/5566 7830/1/7829 5714/1/5713 1799/1/1799
f 1802/1/1802 5796/1/5795 7831/1/7830 5566/1/5565
f 5796/1/5795 1925/1/1925 5803/1/5802 7831/1/7830
f 7831/1/7830 5803/1/5802 1928/1/1928 5718/1/5717
f 5566/1/5565 7831/1/7830 5718/1/5717 1801/1/1801
f 1807/1/1807 5794/1/5793 7832/1/7831 5573/1/5572
f 5794/1/5793 1923/1/1923 5804/1/5803 7832/1/7831
f 7832/1/7831 5804/1/5803 1926/1/1926 5716/1/5715
f 5573/1/5572 7832/1/7831 5716/1/5715 1808/1/1808
f 1813/1/1813 5793/1/5792 7833/1/7832 5588/1/5587
f 5793/1/5792 1922/1/1922 5805/1/5804 7833/1/7832
f 7833/1/7832 5805/1/5804 1916/1/1916 5706/1/5705
f 5588/1/5587 7833/1/7832 5706/1/5705 1797/1/1797
f 1801/1/1801 5718/1/5717 7834/1/7833 5565/1/5564
f 5718/1/5717 1928/1/1928 5806/1/5805 7834/1/7833
f 7834/1/7833 5806/1/5805 1927/1/1927 5798/1/5797
f 5565/1/5564 7834/1/7833 5798/1/5797 1800/1/1800
f 1808/1/1808 5716/1/5715 7835/1/7834 5572/1/5571
f 5716/1/5715 1926/1/1926 5807/1/5806 7835/1/7834
f 7835/1/7834 5807/1/5806 1925/1/1925 5796/1/5795
f 5572/1/5571 7835/1/7834 5796/1/5795 1802/1/1802
f 1799/1/1799 5714/1/5713 7836/1/7835 5564/1/5563
f 5714/1/5713 1924/1/1924 5808/1/5807 7836/1/7835
f 7836/1/7835 5808/1/5807 1917/1/1917 5707/1/5706
f 5564/1/5563 7836/1/7835 5707/1/5706 1804/1/1804
f 1806/1/1806 5792/1/5791 7837/1/7836 5571/1/5570
f 5792/1/5791 1921/1/1921 5809/1/5808 7837/1/7836
f 7837/1/7836 5809/1/5808 1923/1/1923 5794/1/5793
f 5571/1/5570 7837/1/7836 5794/1/5793 1807/1/1807
f 1812/1/1812 5791/1/5790 7838/1/7837 5587/1/5586
f 5791/1/5790 1920/1/1920 5810/1/5809 7838/1/7837
f 7838/1/7837 5810/1/5809 1922/1/1922 5793/1/5792
f 5587/1/5586 7838/1/7837 5793/1/5792 1813/1/1813
f 1805/1/1805 5784/1/5783 7839/1/7838 5570/1/5569
f 5784/1/5783 1913/1/1913 5811/1/5810 7839/1/7838
f 7839/1/7838 5811/1/5810 1921/1/1921 5792/1/5791
f 5570/1/5569 7839/1/7838 5792/1/5791 1806/1/1806
f 1798/1/1798 5782/1/5781 7840/1/7839 5586/1/5585
f 5782/1/5781 1911/1/1911 5812/1/5811 7840/1/7839
f 7840/1/7839 5812/1/5811 1920/1/1920 5791/1/5790
f 5586/1/5585 7840/1/7839 5791/1/5790 1812/1/1812
f 1795/1/1795 5709/1/5708 7841/1/7840 5643/1/5642
f 5709/1/5708 1919/1/1919 5813/1/5812 7841/1/7840
f 7841/1/7840 5813/1/5812 1918/1/1918 5789/1/5788
f 5643/1/5642 7841/1/7840 5789/1/5788 1846/1/1846
f 1804/1/1804 5707/1/5706 7842/1/7841 5569/1/5568
f 5707/1/5706 1917/1/1917 5814/1/5813 7842/1/7841
f 7842/1/7841 5814/1/5813 1912/1/1912 5702/1/5701
f 5569/1/5568 7842/1/7841 5702/1/5701 1803/1/1803
f 1797/1/1797 5706/1/5705 7843/1/7842 5562/1/5561
f 5706/1/5705 1916/1/1916 5815/1/5814 7843/1/7842
f 7843/1/7842 5815/1/5814 1915/1/1915 5786/1/5785
f 5562/1/5561 7843/1/7842 5786/1/5785 1796/1/1796
f 1815/1/1815 5704/1/5703 7844/1/7843 5591/1/5590
f 5704/1/5703 1914/1/1914 5816/1/5815 7844/1/7843
f 7844/1/7843 5816/1/5815 1913/1/1913 5784/1/5783
f 5591/1/5590 7844/1/7843 5784/1/5783 1805/1/1805
f 1803/1/1803 5702/1/5701 7845/1/7844 5568/1/5567
f 5702/1/5701 1912/1/1912 5817/1/5816 7845/1/7844
f 7845/1/7844 5817/1/5816 1911/1/1911 5782/1/5781
f 5568/1/5567 7845/1/7844 5782/1/5781 1798/1/1798
f 1774/1/1774 5843/1/5842 7846/1/7845 5524/1/5523
f 5843/1/5842 1937/1/1937 5867/1/5866 7846/1/7845
f 7846/1/7845 5867/1/5866 1959/1/1959 5865/1/5864
f 5524/1/5523 7846/1/7845 5865/1/5864 1863/1/1863
f 1937/1/1937 5844/1/5843 7847/1/7846 5867/1/5866
f 5844/1/5843 1938/1/1938 5868/1/5867 7847/1/7846
f 7847/1/7846 5868/1/5867 1960/1/1960 5866/1/5865
f 5867/1/5866 7847/1/7846 5866/1/5865 1959/1/1959
f 1863/1/1863 5865/1/5864 7848/1/7847 5671/1/5670
f 5865/1/5864 1959/1/1959 5869/1/5868 7848/1/7847
f 7848/1/7847 5869/1/5868 1957/1/1957 5863/1/5862
f 5671/1/5670 7848/1/7847 5863/1/5862 1854/1/1854
f 1959/1/1959 5866/1/5865 7849/1/7848 5869/1/5868
f 5866/1/5865 1960/1/1960 5870/1/5869 7849/1/7848
f 7849/1/7848 5870/1/5869 1958/1/1958 5864/1/5863
f 5869/1/5868 7849/1/7848 5864/1/5863 1957/1/1957
f 1794/1/1794 5847/1/5846 7850/1/7849 5508/1/5507
f 5847/1/5846 1941/1/1941 5871/1/5870 7850/1/7849
f 7850/1/7849 5871/1/5870 1948/1/1948 5465/1/5464
f 5508/1/5507 7850/1/7849 5465/1/5464 1755/1/1755
f 1941/1/1941 5848/1/5847 7851/1/7850 5871/1/5870
f 5848/1/5847 1942/1/1942 5872/1/5871 7851/1/7850
f 7851/1/7850 5872/1/5871 1947/1/1947 5854/1/5853
f 5871/1/5870 7851/1/7850 5854/1/5853 1948/1/1948
f 1762/1/1762 5839/1/5838 7852/1/7851 5512/1/5511
f 5839/1/5838 1933/1/1933 5873/1/5872 7852/1/7851
f 7852/1/7851 5873/1/5872 1954/1/1954 5489/1/5488
f 5512/1/5511 7852/1/7851 5489/1/5488 1779/1/1779
f 1933/1/1933 5840/1/5839 7853/1/7852 5873/1/5872
f 5840/1/5839 1934/1/1934 5874/1/5873 7853/1/7852
f 7853/1/7852 5874/1/5873 1953/1/1953 5860/1/5859
f 5873/1/5872 7853/1/7852 5860/1/5859 1954/1/1954
f 1790/1/1790 5845/1/5844 7854/1/7853 5516/1/5515
f 5845/1/5844 1939/1/1939 5875/1/5874 7854/1/7853
f 7854/1/7853 5875/1/5874 1941/1/1941 5847/1/5846
f 5516/1/5515 7854/1/7853 5847/1/5846 1794/1/1794
f 1939/1/1939 5846/1/5845 7855/1/7854 5875/1/5874
f 5846/1/5845 1940/1/1940 5876/1/5875 7855/1/7854
f 7855/1/7854 5876/1/5875 1942/1/1942 5848/1/5847
f 5875/1/5874 7855/1/7854 5848/1/5847 1941/1/1941
f 1766/1/1766 5841/1/5840 7856/1/7855 5520/1/5519
f 5841/1/5840 1935/1/1935 5877/1/5876 7856/1/7855
f 7856/1/7855 5877/1/5876 1956/1/1956 5493/1/5492
f 5520/1/5519 7856/1/7855 5493/1/5492 1783/1/1783
f 1935/1/1935 5842/1/5841 7857/1/7856 5877/1/5876
f 5842/1/5841 1936/1/1936 5878/1/5877 7857/1/7856
f 7857/1/7856 5878/1/5877 1955/1/1955 5862/1/5861
f 5877/1/5876 7857/1/7856 5862/1/5861 1956/1/1956
f 1854/1/1854 5863/1/5862 7858/1/7857 5652/1/5651
f 5863/1/5862 1957/1/1957 5879/1/5878 7858/1/7857
f 7858/1/7857 5879/1/5878 1939/1/1939 5845/1/5844
f 5652/1/5651 7858/1/7857 5845/1/5844 1790/1/1790
f 1957/1/1957 5864/1/5863 7859/1/7858 5879/1/5878
f 5864/1/5863 1958/1/1958 5880/1/5879 7859/1/7858
f 7859/1/7858 5880/1/5879 1940/1/1940 5846/1/5845
f 5879/1/5878 7859/1/7858 5846/1/5845 1939/1/1939
f 1783/1/1783 5493/1/5492 7860/1/7859 5528/1/5527
f 5493/1/5492 1956/1/1956 5881/1/5880 7860/1/7859
f 7860/1/7859 5881/1/5880 1952/1/1952 5485/1/5484
f 5528/1/5527 7860/1/7859 5485/1/5484 1775/1/1775
f 1956/1/1956 5862/1/5861 7861/1/7860 5881/1/5880
f 5862/1/5861 1955/1/1955 5882/1/5881 7861/1/7860
f 7861/1/7860 5882/1/5881 1951/1/1951 5858/1/5857
f 5881/1/5880 7861/1/7860 5858/1/5857 1952/1/1952
f 1779/1/1779 5489/1/5488 7862/1/7861 5532/1/5531
f 5489/1/5488 1954/1/1954 5883/1/5882 7862/1/7861
f 7862/1/7861 5883/1/5882 1950/1/1950 5477/1/5476
f 5532/1/5531 7862/1/7861 5477/1/5476 1767/1/1767
f 1954/1/1954 5860/1/5859 7863/1/7862 5883/1/5882
f 5860/1/5859 1953/1/1953 5884/1/5883 7863/1/7862
f 7863/1/7862 5884/1/5883 1949/1/1949 5856/1/5855
f 5883/1/5882 7863/1/7862 5856/1/5855 1950/1/1950
f 1775/1/1775 5485/1/5484 7864/1/7863 5536/1/5535
f 5485/1/5484 1952/1/1952 5885/1/5884 7864/1/7863
f 7864/1/7863 5885/1/5884 1937/1/1937 5843/1/5842
f 5536/1/5535 7864/1/7863 5843/1/5842 1774/1/1774
f 1952/1/1952 5858/1/5857 7865/1/7864 5885/1/5884
f 5858/1/5857 1951/1/1951 5886/1/5885 7865/1/7864
f 7865/1/7864 5886/1/5885 1938/1/1938 5844/1/5843
f 5885/1/5884 7865/1/7864 5844/1/5843 1937/1/1937
f 1767/1/1767 5477/1/5476 7866/1/7865 5540/1/5539
f 5477/1/5476 1950/1/1950 5887/1/5886 7866/1/7865
f 7866/1/7865 5887/1/5886 1935/1/1935 5841/1/5840
f 5540/1/5539 7866/1/7865 5841/1/5840 1766/1/1766
f 1950/1/1950 5856/1/5855 7867/1/7866 5887/1/5886
f 5856/1/5855 1949/1/1949 5888/1/5887 7867/1/7866
f 7867/1/7866 5888/1/5887 1936/1/1936 5842/1/5841
f 5887/1/5886 7867/1/7866 5842/1/5841 1935/1/1935
f 1742/1/1742 5835/1/5834 7868/1/7867 5544/1/5543
f 5835/1/5834 1929/1/1929 5889/1/5888 7868/1/7867
f 7868/1/7867 5889/1/5888 1933/1/1933 5839/1/5838
f 5544/1/5543 7868/1/7867 5839/1/5838 1762/1/1762
f 1929/1/1929 5836/1/5835 7869/1/7868 5889/1/5888
f 5836/1/5835 1930/1/1930 5890/1/5889 7869/1/7868
f 7869/1/7868 5890/1/5889 1934/1/1934 5840/1/5839
f 5889/1/5888 7869/1/7868 5840/1/5839 1933/1/1933
f 1755/1/1755 5465/1/5464 7870/1/7869 5548/1/5547
f 5465/1/5464 1948/1/1948 5891/1/5890 7870/1/7869
f 7870/1/7869 5891/1/5890 1946/1/1946 5461/1/5460
f 5548/1/5547 7870/1/7869 5461/1/5460 1751/1/1751
f 1948/1/1948 5854/1/5853 7871/1/7870 5891/1/5890
f 5854/1/5853 1947/1/1947 5892/1/5891 7871/1/7870
f 7871/1/7870 5892/1/5891 1945/1/1945 5852/1/5851
f 5891/1/5890 7871/1/7870 5852/1/5851 1946/1/1946
f 1750/1/1750 5837/1/5836 7872/1/7871 5552/1/5551
f 5837/1/5836 1931/1/1931 5893/1/5892 7872/1/7871
f 7872/1/7871 5893/1/5892 1944/1/1944 5453/1/5452
f 5552/1/5551 7872/1/7871 5453/1/5452 1743/1/1743
f 1931/1/1931 5838/1/5837 7873/1/7872 5893/1/5892
f 5838/1/5837 1932/1/1932 5894/1/5893 7873/1/7872
f 7873/1/7872 5894/1/5893 1943/1/1943 5850/1/5849
f 5893/1/5892 7873/1/7872 5850/1/5849 1944/1/1944
f 1751/1/1751 5461/1/5460 7874/1/7873 5556/1/5555
f 5461/1/5460 1946/1/1946 5895/1/5894 7874/1/7873
f 7874/1/7873 5895/1/5894 1931/1/1931 5837/1/5836
f 5556/1/5555 7874/1/7873 5837/1/5836 1750/1/1750
f 1946/1/1946 5852/1/5851 7875/1/7874 5895/1/5894
f 5852/1/5851 1945/1/1945 5896/1/5895 7875/1/7874
f 7875/1/7874 5896/1/5895 1932/1/1932 5838/1/5837
f 5895/1/5894 7875/1/7874 5838/1/5837 1931/1/1931
f 1743/1/1743 5453/1/5452 7876/1/7875 5560/1/5559
f 5453/1/5452 1944/1/1944 5897/1/5896 7876/1/7875
f 7876/1/7875 5897/1/5896 1929/1/1929 5835/1/5834
f 5560/1/5559 7876/1/7875 5835/1/5834 1742/1/1742
f 1944/1/1944 5850/1/5849 7877/1/7876 5897/1/5896
f 5850/1/5849 1943/1/1943 5898/1/5897 7877/1/7876
f 7877/1/7876 5898/1/5897 1930/1/1930 5836/1/5835
f 5897/1/5896 7877/1/7876 5836/1/5835 1929/1/1929
f 1814/1/1814 5644/1/5643 7878/1/7877 5834/1/5833
f 5644/1/5643 1844/1/1844 5823/1/5822 7878/1/7877
f 7878/1/7877 5823/1/5822 1795/1/1795 5643/1/5642
f 5834/1/5833 7878/1/7877 5643/1/5642 1846/1/1846
